timestamp,open,high,low,close,volume
2026-05-01 06:00:00,11974366,11983001,11966152,11972223,6.225
2026-05-01 06:15:00,11972224,11972812,11948720,11952383,3.841
2026-05-01 06:30:00,11951552,11969592,11951552,11964128,2.352
2026-05-01 06:45:00,11963510,11963726,11935507,11935940,6.408
2026-05-01 07:00:00,11935513,11961936,11935507,11961652,2.448
2026-05-01 07:15:00,11959923,11975626,11958781,11973459,1.748
2026-05-01 07:30:00,11973362,11976451,11951986,11960968,2.8
2026-05-01 07:45:00,11960350,11967540,11938906,11944987,2.484
2026-05-01 08:00:00,11945849,11961085,11939657,11960262,4.512
2026-05-01 08:15:00,11960006,11967115,11955926,11961905,1.158
2026-05-01 08:30:00,11963201,11974368,11961472,11970426,2.688
2026-05-01 08:45:00,11971794,11992269,11968156,11982587,6.32
2026-05-01 09:00:00,11983433,12021354,11977073,12013838,8.685
2026-05-01 09:15:00,12017149,12036693,12015180,12033982,3.42
2026-05-01 09:30:00,12033765,12039699,12018162,12031003,4.384
2026-05-01 09:45:00,12034658,12045208,12000142,12009198,6.623
2026-05-01 10:00:00,12008922,12039512,12007202,12030277,6.111
2026-05-01 10:15:00,12030506,12040050,12024134,12025464,2.908
2026-05-01 10:30:00,12025665,12042035,12019956,12039541,6.804
2026-05-01 10:45:00,12041039,12061383,12035667,12050886,7.116
2026-05-01 11:00:00,12050224,12059502,12040184,12046706,3.954
2026-05-01 11:15:00,12050701,12058248,12035417,12040963,2.896
2026-05-01 11:30:00,12041933,12042848,12027094,12040066,2.484
2026-05-01 11:45:00,12038848,12047352,12031786,12037055,1.913
2026-05-01 12:00:00,12036350,12061095,12031786,12057443,2.046
2026-05-01 12:15:00,12060552,12167807,12059870,12130823,27.795
2026-05-01 12:30:00,12132320,12145589,12107687,12121125,9.158
2026-05-01 12:45:00,12127930,12137294,12114526,12122986,3.266
2026-05-01 13:00:00,12122985,12128236,12107928,12117736,6.152
2026-05-01 13:15:00,12120000,12133857,12093200,12103920,13.723
2026-05-01 13:30:00,12104165,12119988,12101514,12117338,4.686
2026-05-01 13:45:00,12116913,12124493,12109504,12110623,11.832
2026-05-01 14:00:00,12110509,12136374,12106979,12130638,3.596
2026-05-01 14:15:00,12130316,12134357,12118842,12121422,1.71
2026-05-01 14:30:00,12119579,12128767,12117350,12125498,2.912
2026-05-01 14:45:00,12126574,12139010,12124243,12136577,4.126
2026-05-01 15:00:00,12137351,12138600,12124253,12132714,2.306
2026-05-01 15:15:00,12133031,12138814,12126988,12129867,4.018
2026-05-01 15:30:00,12133179,12133179,12095247,12107602,3.82
2026-05-01 15:45:00,12107602,12108147,11960000,12006287,52.431
2026-05-01 16:00:00,12005388,12072584,12003953,12051682,25.435
2026-05-01 16:15:00,12052870,12062373,12038548,12044026,11.608
2026-05-01 16:30:00,12044000,12065172,12035620,12055122,8.079
2026-05-01 16:45:00,12058278,12092995,12055308,12087482,8.396
2026-05-01 17:00:00,12087482,12106605,12073393,12106044,8.791
2026-05-01 17:15:00,12106303,12131000,12099055,12118586,18.12
2026-05-01 17:30:00,12121457,12127435,12110000,12110713,15.234
2026-05-01 17:45:00,12112268,12119992,12111290,12116649,2.522
2026-05-01 18:00:00,12115702,12120725,12102740,12114522,6.441
2026-05-01 18:15:00,12115475,12128921,12108880,12124809,5.082
2026-05-01 18:30:00,12122320,12124191,12104956,12108070,8.027
2026-05-01 18:45:00,12108584,12108584,12095280,12104998,8.888
2026-05-01 19:00:00,12104767,12104767,12084911,12084911,4.492
2026-05-01 19:15:00,12087384,12128684,12087384,12116580,5.718
2026-05-01 19:30:00,12116547,12120832,12097333,12098736,2.958
2026-05-01 19:45:00,12098240,12110000,12095882,12109377,4.39
2026-05-01 20:00:00,12110043,12116468,12104801,12113172,1.84
2026-05-01 20:15:00,12113239,12150777,12106131,12118405,14.914
2026-05-01 20:30:00,12119504,12128066,12116332,12126678,2.422
2026-05-01 20:45:00,12127544,12135654,12118957,12135090,4.496
2026-05-01 21:00:00,12137087,12167821,12129061,12146724,9.879
2026-05-01 21:15:00,12144921,12180180,12144269,12176024,13.463
2026-05-01 21:30:00,12178147,12236011,12177467,12206135,22.492
2026-05-01 21:45:00,12206466,12224892,12200000,12200795,6.992
2026-05-01 22:00:00,12200795,12284623,12200795,12273655,35.786
2026-05-01 22:15:00,12278002,12287042,12260640,12264224,9.75
2026-05-01 22:30:00,12262614,12300000,12241526,12263200,22.618
2026-05-01 22:45:00,12260624,12359999,12252106,12327472,39.056
2026-05-01 23:00:00,12327290,12343029,12298346,12311867,31.63
2026-05-01 23:15:00,12311992,12317137,12231520,12255965,25.919
2026-05-01 23:30:00,12250739,12257004,12221252,12253518,7.408
2026-05-01 23:45:00,12247054,12292000,12242338,12279048,9.019
2026-05-02 00:00:00,12278081,12307478,12254399,12297768,10.264
2026-05-02 00:15:00,12298676,12327590,12292156,12314336,10.424
2026-05-02 00:30:00,12315061,12343079,12310564,12327941,8.558
2026-05-02 00:45:00,12328727,12330357,12255317,12301303,19.014
2026-05-02 01:00:00,12301417,12339265,12288080,12298963,16.715
2026-05-02 01:15:00,12291709,12311030,12262880,12292381,22.13
2026-05-02 01:30:00,12292451,12301466,12267298,12283881,9.324
2026-05-02 01:45:00,12280980,12296166,12270983,12278693,3.77
2026-05-02 02:00:00,12276191,12295073,12264627,12295073,3.754
2026-05-02 02:15:00,12295349,12301974,12273809,12280122,5.778
2026-05-02 02:30:00,12283632,12330299,12275148,12318051,9.013
2026-05-02 02:45:00,12317545,12336090,12309578,12328862,5.02
2026-05-02 03:00:00,12326165,12348457,12317000,12338772,6.452
2026-05-02 03:15:00,12339417,12352323,12328963,12340117,8.654
2026-05-02 03:30:00,12341360,12344288,12315603,12318586,6.726
2026-05-02 03:45:00,12318464,12328138,12308775,12317177,3.658
2026-05-02 04:00:00,12319962,12336294,12315788,12325585,3.992
2026-05-02 04:15:00,12327366,12327645,12299840,12315960,5.913
2026-05-02 04:30:00,12318000,12318578,12301897,12304848,8.644
2026-05-02 04:45:00,12307561,12323293,12302640,12307980,3.554
2026-05-02 05:00:00,12309168,12317919,12299086,12301501,3.174
2026-05-02 05:15:00,12301849,12302823,12268855,12277900,17.906
2026-05-02 05:30:00,12277281,12280534,12243350,12252263,16.662
2026-05-02 05:45:00,12251964,12266294,12214414,12234836,18.648
2026-05-02 06:00:00,12235094,12255260,12233085,12245882,7.61
2026-05-02 06:15:00,12245752,12263560,12241441,12255268,3.234
2026-05-02 06:30:00,12260110,12285116,12260110,12275254,5.052
2026-05-02 06:45:00,12277703,12288636,12274963,12285905,3.144
2026-05-02 07:00:00,12289133,12300000,12288087,12293307,8.099
2026-05-02 07:15:00,12294292,12319155,12294292,12304703,9.037
2026-05-02 07:30:00,12304703,12310340,12283817,12291728,8.45
2026-05-02 07:45:00,12292292,12292292,12272114,12273934,4.214
2026-05-02 08:00:00,12273934,12283640,12267896,12271441,2.514
2026-05-02 08:15:00,12273065,12275841,12261610,12261610,4.742
2026-05-02 08:30:00,12263011,12279608,12261518,12272017,4.004
2026-05-02 08:45:00,12272221,12288399,12269999,12286953,4.298
2026-05-02 09:00:00,12287310,12288399,12283040,12283040,0.467
2026-05-02 11:00:00,12283223,12307742,12283223,12296858,5.911
2026-05-02 11:15:00,12300000,12306903,12295560,12295858,4.464
2026-05-02 11:30:00,12298505,12328422,12297683,12318032,7.644
2026-05-02 11:45:00,12317589,12336490,12311504,12311504,5.758
2026-05-02 12:00:00,12312726,12317692,12293151,12296693,6.604
2026-05-02 12:15:00,12296046,12321200,12290668,12319031,7.128
2026-05-02 12:30:00,12315608,12343691,12315608,12325472,6.662
2026-05-02 12:45:00,12325472,12336357,12320000,12328510,3.656
2026-05-02 13:00:00,12329143,12334321,12301277,12306462,8.786
2026-05-02 13:15:00,12304999,12309015,12299028,12304839,4.692
2026-05-02 13:30:00,12302378,12306596,12287203,12291779,3.906
2026-05-02 13:45:00,12295895,12295895,12275360,12289642,10.536
2026-05-02 14:00:00,12287516,12291598,12263056,12273282,11.472
2026-05-02 14:15:00,12272360,12279859,12260000,12273661,4.864
2026-05-02 14:30:00,12274984,12291679,12274769,12289066,3.742
2026-05-02 14:45:00,12289452,12299925,12287335,12289810,7.682
2026-05-02 15:00:00,12290072,12309739,12290072,12293494,3.634
2026-05-02 15:15:00,12293755,12298238,12287568,12292395,1.768
2026-05-02 15:30:00,12289793,12303553,12289793,12301627,1.344
2026-05-02 15:45:00,12300862,12323252,12300000,12314576,6.868
2026-05-02 16:00:00,12315283,12318714,12310230,12313319,0.956
2026-05-02 16:15:00,12313932,12318855,12311901,12317308,2.522
2026-05-02 16:30:00,12317661,12318253,12289200,12299522,7.932
2026-05-02 16:45:00,12302463,12304408,12297678,12302619,9.732
2026-05-02 17:00:00,12302619,12312613,12293434,12307567,4.052
2026-05-02 17:15:00,12307717,12313674,12303904,12312826,2.082
2026-05-02 17:30:00,12310422,12322110,12310422,12317910,3.548
2026-05-02 17:45:00,12317835,12324987,12311879,12318972,1.086
2026-05-02 18:00:00,12318408,12322240,12316194,12318877,3.459
2026-05-02 18:15:00,12318877,12322473,12316644,12317176,1.337
2026-05-02 18:30:00,12316184,12331023,12301532,12318288,8.158
2026-05-02 18:45:00,12317581,12321172,12315012,12317760,2.33
2026-05-02 19:00:00,12318304,12319145,12311654,12317711,1.674
2026-05-02 19:15:00,12314725,12316911,12304134,12307467,1.871
2026-05-02 19:30:00,12307365,12311300,12302951,12311300,2.882
2026-05-02 19:45:00,12309235,12312972,12304513,12307315,4.158
2026-05-02 20:00:00,12307092,12307092,12293577,12295413,3.46
2026-05-02 20:15:00,12296596,12304480,12295449,12300487,2.024
2026-05-02 20:30:00,12300809,12302322,12273597,12297994,8.574
2026-05-02 20:45:00,12296464,12296464,12283749,12291818,5.351
2026-05-02 21:00:00,12290022,12295093,12282767,12291126,3.73
2026-05-02 21:15:00,12290301,12309420,12287111,12306202,7.554
2026-05-02 21:30:00,12303096,12305577,12294649,12299155,3.248
2026-05-02 21:45:00,12298908,12299999,12292695,12294500,1.322
2026-05-02 22:00:00,12298550,12336240,12297871,12326206,7.538
2026-05-02 22:15:00,12324560,12327565,12309527,12309527,4.128
2026-05-02 22:30:00,12310310,12323679,12310310,12323679,1.436
2026-05-02 22:45:00,12321218,12326737,12315422,12321083,4.73
2026-05-02 23:00:00,12322529,12324529,12310811,12316560,3.072
2026-05-02 23:15:00,12312168,12342726,12311734,12326491,12.121
2026-05-02 23:30:00,12327819,12336895,12315648,12323131,5.222
2026-05-02 23:45:00,12322277,12333807,12319838,12325839,2.768
2026-05-03 00:00:00,12323982,12330729,12323982,12324938,5.346
2026-05-03 00:15:00,12326191,12326191,12312912,12316890,4.156
2026-05-03 00:30:00,12316890,12325902,12314192,12323407,0.68
2026-05-03 00:45:00,12322570,12330778,12318269,12327847,4.794
2026-05-03 01:00:00,12330386,12341426,12326710,12338146,3.576
2026-05-03 01:15:00,12338223,12347999,12330433,12330433,5.692
2026-05-03 01:30:00,12331184,12331184,12318607,12318607,2.612
2026-05-03 01:45:00,12318607,12329472,12318461,12323335,2.188
2026-05-03 02:00:00,12323335,12326082,12316685,12319147,2.26
2026-05-03 02:15:00,12319567,12323038,12315930,12318403,1.178
2026-05-03 02:30:00,12320804,12329493,12319822,12319822,0.52
2026-05-03 02:45:00,12317818,12321000,12311000,12314990,1.79
2026-05-03 03:00:00,12315977,12317147,12303044,12303044,3.012
2026-05-03 03:15:00,12304432,12319799,12300402,12315192,2.566
2026-05-03 03:30:00,12315441,12326207,12315441,12318182,2.638
2026-05-03 03:45:00,12317991,12326077,12317991,12323274,1.186
2026-05-03 04:00:00,12323274,12332347,12321410,12327560,2.184
2026-05-03 04:15:00,12324102,12327194,12320365,12323682,0.638
2026-05-03 04:30:00,12322000,12332566,12321564,12328379,1.702
2026-05-03 04:45:00,12327180,12329667,12321612,12326256,0.56
2026-05-03 05:00:00,12327214,12327514,12319900,12322032,0.46
2026-05-03 05:15:00,12320411,12321492,12319028,12319028,0.292
2026-05-03 05:30:00,12321394,12328001,12319462,12320798,0.77
2026-05-03 05:45:00,12321252,12324149,12317503,12321955,2.045
2026-05-03 06:00:00,12322729,12333099,12322729,12323733,2.506
2026-05-03 06:15:00,12323519,12330164,12322672,12329651,1.922
2026-05-03 06:30:00,12329085,12438730,12327368,12382047,25.128
2026-05-03 06:45:00,12387495,12400217,12366657,12367600,4.622
2026-05-03 07:00:00,12367492,12385330,12356748,12376323,4.628
2026-05-03 07:15:00,12376379,12376379,12346861,12353127,4.582
2026-05-03 07:30:00,12352628,12370504,12351048,12357319,4.77
2026-05-03 07:45:00,12356162,12387189,12356162,12381771,5.606
2026-05-03 08:00:00,12379020,12381432,12358775,12367802,4.636
2026-05-03 08:15:00,12367465,12380148,12364193,12376289,3.38
2026-05-03 08:30:00,12379210,12382995,12363415,12363415,1.664
2026-05-03 08:45:00,12363713,12366421,12354303,12361221,5.492
2026-05-03 09:00:00,12362367,12372806,12342297,12346312,3.706
2026-05-03 09:15:00,12343803,12355367,12331343,12353062,3.316
2026-05-03 09:30:00,12353909,12360694,12347122,12353047,4.3
2026-05-03 09:45:00,12353000,12355484,12330325,12340108,4.776
2026-05-03 10:00:00,12341334,12341334,12300000,12314000,6.38
2026-05-03 10:15:00,12314000,12322857,12285084,12299864,7.782
2026-05-03 10:30:00,12302010,12302055,12282043,12294377,3.286
2026-05-03 10:45:00,12293737,12304118,12289693,12296685,3.302
2026-05-03 11:00:00,12295001,12307996,12277089,12293448,8.771
2026-05-03 11:15:00,12290517,12291806,12278411,12282485,3.08
2026-05-03 11:30:00,12281970,12290880,12279125,12283378,3.449
2026-05-03 11:45:00,12283599,12293279,12280124,12286911,3.899
2026-05-03 12:00:00,12285806,12291466,12280000,12282520,1.184
2026-05-03 12:15:00,12284674,12287520,12279998,12281706,2.41
2026-05-03 12:30:00,12284645,12292879,12280000,12282898,1.796
2026-05-03 12:45:00,12283462,12294799,12283034,12290493,0.668
2026-05-03 13:00:00,12288384,12291108,12274160,12283037,3.002
2026-05-03 13:15:00,12280952,12292540,12280477,12290263,3.158
2026-05-03 13:30:00,12290591,12293447,12285187,12285187,1.168
2026-05-03 13:45:00,12285333,12286851,12277634,12282849,2.078
2026-05-03 14:00:00,12283240,12295000,12281161,12291354,3.846
2026-05-03 14:15:00,12291464,12294322,12284758,12287352,2.868
2026-05-03 14:30:00,12287352,12292350,12282963,12289036,1.722
2026-05-03 14:45:00,12286386,12295000,12285467,12293326,0.734
2026-05-03 15:00:00,12293703,12293703,12277000,12278348,7.562
2026-05-03 15:15:00,12278348,12280457,12265482,12273035,5.058
2026-05-03 15:30:00,12273035,12282014,12268399,12276798,5.032
2026-05-03 15:45:00,12276799,12306560,12275739,12296115,5.512
2026-05-03 16:00:00,12297626,12322786,12294500,12310888,6.85
2026-05-03 16:15:00,12307318,12328675,12306426,12320648,2.749
2026-05-03 16:30:00,12317820,12322783,12310000,12310000,3.338
2026-05-03 16:45:00,12311790,12316623,12306632,12307620,2.908
2026-05-03 17:00:00,12309989,12336800,12309989,12324568,7.716
2026-05-03 17:15:00,12325095,12330186,12319402,12319402,5.352
2026-05-03 17:30:00,12320406,12325000,12315085,12324510,3.114
2026-05-03 17:45:00,12324510,12327995,12313501,12316968,2.146
2026-05-03 18:00:00,12318605,12326134,12310368,12320790,5.055
2026-05-03 18:15:00,12318688,12336750,12318688,12332372,4.932
2026-05-03 18:30:00,12331646,12350000,12327360,12337506,8.025
2026-05-03 18:45:00,12337506,12340869,12331525,12336547,5.906
2026-05-03 19:00:00,12336704,12337999,12325397,12329734,5.243
2026-05-03 19:15:00,12332811,12332811,12323250,12323433,2.67
2026-05-03 19:30:00,12324235,12328858,12324235,12324750,1.136
2026-05-03 19:45:00,12324757,12324917,12319320,12319479,0.888
2026-05-03 20:00:00,12319320,12343191,12316413,12336183,7.951
2026-05-03 20:15:00,12333294,12336878,12329325,12331700,1.272
2026-05-03 20:30:00,12332679,12373156,12332679,12362502,11.379
2026-05-03 20:45:00,12365299,12383497,12354387,12358438,9.202
2026-05-03 21:00:00,12358438,12385674,12356953,12381749,7.381
2026-05-03 21:15:00,12381749,12381749,12367499,12371469,5.985
2026-05-03 21:30:00,12373938,12376854,12360320,12374437,5.76
2026-05-03 21:45:00,12375069,12381749,12363213,12368339,4.922
2026-05-03 22:00:00,12369229,12371689,12363947,12365709,2.374
2026-05-03 22:15:00,12365964,12367872,12346146,12351846,5.865
2026-05-03 22:30:00,12350295,12363165,12341955,12346524,2.874
2026-05-03 22:45:00,12348619,12360437,12343682,12353302,3.192
2026-05-03 23:00:00,12354976,12373475,12352090,12365196,4.264
2026-05-03 23:15:00,12365353,12369999,12343149,12358141,5.155
2026-05-03 23:30:00,12358649,12364327,12354951,12362645,2.49
2026-05-03 23:45:00,12363489,12377974,12353078,12369542,8.948
2026-05-04 00:00:00,12368084,12378964,12365671,12368748,4.746
2026-05-04 00:15:00,12368430,12371879,12362241,12371879,2.046
2026-05-04 00:30:00,12371046,12376497,12352481,12359867,4.046
2026-05-04 00:45:00,12358403,12363053,12348684,12354469,4.766
2026-05-04 01:00:00,12354380,12360804,12347546,12351292,0.964
2026-05-04 01:15:00,12348694,12357692,12345334,12357026,0.574
2026-05-04 01:30:00,12356559,12374999,12354480,12366712,1.916
2026-05-04 01:45:00,12365723,12368134,12354797,12356791,1.282
2026-05-04 02:00:00,12355938,12368292,12342518,12361969,4.36
2026-05-04 02:15:00,12360603,12375820,12360603,12367447,4.168
2026-05-04 02:30:00,12365666,12379570,12365591,12375322,1.296
2026-05-04 02:45:00,12376180,12378329,12363688,12367097,3.356
2026-05-04 03:00:00,12366679,12369180,12358659,12359793,1.962
2026-05-04 03:15:00,12358767,12369717,12351921,12365170,4.757
2026-05-04 03:30:00,12365424,12366932,12358603,12360431,0.38
2026-05-04 03:45:00,12358049,12368736,12358049,12367621,0.67
2026-05-04 04:00:00,12365422,12370572,12359799,12365196,0.858
2026-05-04 04:15:00,12364673,12364699,12357952,12362077,1.79
2026-05-04 04:30:00,12359289,12385518,12359289,12374816,5.014
2026-05-04 04:45:00,12376301,12376301,12369234,12369993,2.942
2026-05-04 05:00:00,12368695,12375232,12366196,12369016,2.096
2026-05-04 05:15:00,12368094,12409000,12367910,12395709,8.966
2026-05-04 05:30:00,12395709,12445982,12392208,12409614,14.538
2026-05-04 05:45:00,12408193,12410629,12381910,12393622,4.716
2026-05-04 06:00:00,12395224,12410844,12384000,12403911,16.348
2026-05-04 06:15:00,12403795,12404578,12390560,12392240,6.641
2026-05-04 06:30:00,12391914,12394584,12353040,12360964,11.101
2026-05-04 06:45:00,12360964,12386580,12350000,12380245,11.965
2026-05-04 07:00:00,12383304,12450000,12366253,12425787,31.116
2026-05-04 07:15:00,12431745,12463000,12391680,12410939,16.392
2026-05-04 07:30:00,12409475,12437420,12393995,12429959,10.6
2026-05-04 07:45:00,12435842,12449277,12416838,12421125,6.74
2026-05-04 08:00:00,12417698,12437296,12400000,12407531,5.817
2026-05-04 08:15:00,12405597,12406161,12330080,12339546,33.149
2026-05-04 08:30:00,12342014,12354683,12329897,12332104,11.716
2026-05-04 08:45:00,12331829,12334828,12316572,12330740,7.734
2026-05-04 09:00:00,12332756,12332756,12311000,12322584,9.042
2026-05-04 09:15:00,12322877,12324147,12290255,12310100,11.294
2026-05-04 09:30:00,12303266,12318822,12298319,12307319,3.241
2026-05-04 09:45:00,12307319,12332690,12307224,12327521,5.144
2026-05-04 10:00:00,12329673,12336182,12313354,12325014,8.629
2026-05-04 10:15:00,12325594,12341123,12309663,12341123,20.234
2026-05-04 10:30:00,12337749,12427148,12337749,12370074,18.673
2026-05-04 10:45:00,12373061,12530000,12373061,12530000,51.538
2026-05-04 11:00:00,12530000,12573280,12495436,12555695,34.593
2026-05-04 11:15:00,12555694,12560000,12506645,12523280,14.086
2026-05-04 11:30:00,12526428,12617496,12523299,12597545,20.573
2026-05-04 11:45:00,12598955,12638768,12575878,12597624,20.324
2026-05-04 12:00:00,12591941,12650000,12563832,12632409,22.444
2026-05-04 12:15:00,12634389,12634391,12582865,12595215,18.204
2026-05-04 12:30:00,12595217,12599334,12560453,12572841,6.837
2026-05-04 12:45:00,12571058,12571291,12485423,12542222,85.218
2026-05-04 13:00:00,12541518,12588800,12538400,12583760,16.863
2026-05-04 13:15:00,12583336,12619995,12568888,12585093,9.313
2026-05-04 13:30:00,12582273,12602216,12578607,12589063,6.024
2026-05-04 13:45:00,12588810,12600000,12576288,12593289,8.749
2026-05-04 14:00:00,12592181,12604770,12553038,12561601,19.342
2026-05-04 14:15:00,12558784,12564989,12533926,12548003,16.683
2026-05-04 14:30:00,12544053,12562622,12540430,12551351,12.637
2026-05-04 14:45:00,12551347,12556963,12536984,12541718,3.792
2026-05-04 15:00:00,12543377,12549303,12524400,12528114,5.929
2026-05-04 15:15:00,12526867,12526867,12462000,12496270,14.339
2026-05-04 15:30:00,12495959,12514275,12487464,12513587,5.838
2026-05-04 15:45:00,12515413,12550720,12515413,12533683,9.836
2026-05-04 16:00:00,12534622,12544587,12524655,12537188,6.612
2026-05-04 16:15:00,12540817,12542500,12524362,12527518,2.17
2026-05-04 16:30:00,12528408,12530961,12501193,12524989,8.672
2026-05-04 16:45:00,12528880,12536106,12501141,12501957,7.12
2026-05-04 17:00:00,12503754,12525520,12492791,12524000,16.261
2026-05-04 17:15:00,12525013,12526072,12497007,12514245,8.605
2026-05-04 17:30:00,12513622,12522720,12506558,12512252,2.935
2026-05-04 17:45:00,12513552,12521879,12500000,12513643,4.903
2026-05-04 18:00:00,12510200,12526716,12502932,12515154,4.991
2026-05-04 18:15:00,12515468,12533250,12514002,12521084,3.49
2026-05-04 18:30:00,12516261,12542981,12511599,12537757,4.253
2026-05-04 18:45:00,12539779,12546324,12525845,12533935,5.396
2026-05-04 19:00:00,12533543,12540055,12353413,12379908,54.785
2026-05-04 19:15:00,12376024,12381600,12285280,12335679,53.626
2026-05-04 19:30:00,12328000,12410468,12328000,12393558,27.26
2026-05-04 19:45:00,12393935,12422471,12381268,12403547,20.707
2026-05-04 20:00:00,12400085,12424548,12397349,12419819,17.566
2026-05-04 20:15:00,12422257,12431779,12400329,12405106,6.15
2026-05-04 20:30:00,12406170,12406170,12365578,12375187,11.874
2026-05-04 20:45:00,12373010,12391686,12371445,12383789,3.994
2026-05-04 21:00:00,12380754,12389737,12369031,12380129,8.998
2026-05-04 21:15:00,12379873,12411363,12371981,12404153,5.792
2026-05-04 21:30:00,12402737,12408124,12384584,12406939,5.49
2026-05-04 21:45:00,12405944,12408997,12389639,12389639,4.634
2026-05-04 22:00:00,12388759,12402968,12347025,12393011,18.387
2026-05-04 22:15:00,12395261,12421788,12391742,12405693,11.122
2026-05-04 22:30:00,12404295,12425918,12383914,12384002,9.78
2026-05-04 22:45:00,12383711,12398341,12360042,12370366,7.114
2026-05-04 23:00:00,12371963,12410000,12334788,12404243,16.03
2026-05-04 23:15:00,12404163,12469000,12400606,12444880,24.59
2026-05-04 23:30:00,12446118,12492132,12443629,12486241,21.273
2026-05-04 23:45:00,12485140,12648312,12485140,12600000,53.51
2026-05-05 00:00:00,12601648,12620953,12548615,12579104,48.709
2026-05-05 00:15:00,12578183,12603515,12473430,12522728,61.319
2026-05-05 00:30:00,12527943,12563239,12491482,12559524,29.655
2026-05-05 00:45:00,12561133,12598320,12509280,12580715,31.512
2026-05-05 01:00:00,12583259,12590902,12530536,12542693,21.421
2026-05-05 01:15:00,12543387,12637552,12520000,12616584,36.135
2026-05-05 01:30:00,12617628,12638269,12605526,12632183,15.205
2026-05-05 01:45:00,12625517,12629743,12577009,12584873,9.929
2026-05-05 02:00:00,12587432,12649915,12585055,12636206,12.679
2026-05-05 02:15:00,12637989,12657659,12632480,12646844,11.904
2026-05-05 02:30:00,12641749,12644139,12618839,12625435,5.751
2026-05-05 02:45:00,12623869,12698235,12623299,12639439,26.123
2026-05-05 03:00:00,12639390,12647562,12620339,12639650,7.876
2026-05-05 03:15:00,12639769,12639769,12598180,12618611,12.617
2026-05-05 03:30:00,12618145,12623273,12598100,12600986,2.904
2026-05-05 03:45:00,12599926,12600630,12547801,12555807,13.637
2026-05-05 04:00:00,12555756,12582758,12555756,12574957,14.397
2026-05-05 04:15:00,12574957,12576521,12544136,12548480,7.811
2026-05-05 04:30:00,12549920,12563056,12544844,12561768,3.149
2026-05-05 04:45:00,12562954,12579857,12556480,12576621,3.188
2026-05-05 05:00:00,12573469,12593347,12561362,12591663,4.741
2026-05-05 05:15:00,12593962,12600000,12566400,12579475,9.116
2026-05-05 05:30:00,12580195,12581278,12559495,12561768,2.956
2026-05-05 05:45:00,12563645,12581068,12563043,12570788,5.164
2026-05-05 06:00:00,12570597,12603346,12567908,12596078,4.192
2026-05-05 06:15:00,12598662,12624042,12583237,12607583,5.946
2026-05-05 06:30:00,12609780,12619824,12609780,12615027,2.36
2026-05-05 06:45:00,12616338,12634316,12608138,12614201,6.412
2026-05-05 07:00:00,12610000,12635638,12607668,12630996,4.138
2026-05-05 07:15:00,12632674,12639685,12614737,12614892,3.331
2026-05-05 07:30:00,12617966,12618129,12591040,12595100,6.659
2026-05-05 07:45:00,12592335,12605078,12584923,12591618,6.294
2026-05-05 08:00:00,12586728,12586728,12559400,12564535,4.982
2026-05-05 08:15:00,12563833,12574362,12556978,12574362,7.316
2026-05-05 08:30:00,12571042,12571042,12537791,12544924,8.61
2026-05-05 08:45:00,12538757,12559679,12537211,12559679,5.92
2026-05-05 09:00:00,12555936,12581168,12547137,12568975,6.845
2026-05-05 09:15:00,12565572,12569636,12555888,12555888,4.114
2026-05-05 09:30:00,12555166,12599041,12555000,12589831,9.784
2026-05-05 09:45:00,12589998,12605000,12578318,12604774,6.352
2026-05-05 10:00:00,12605000,12618275,12591590,12608407,6.293
2026-05-05 10:15:00,12608582,12624608,12607476,12620387,5.71
2026-05-05 10:30:00,12620617,12628858,12607957,12615126,4.154
2026-05-05 10:45:00,12615317,12635829,12615317,12627069,3.622
2026-05-05 11:00:00,12626764,12660568,12619600,12643592,11.002
2026-05-05 11:15:00,12644149,12659487,12633600,12643680,5.945
2026-05-05 11:30:00,12647758,12709192,12642561,12696650,18.341
2026-05-05 11:45:00,12703552,12721664,12658101,12665905,10.013
2026-05-05 12:00:00,12667005,12691033,12645912,12682190,6.77
2026-05-05 12:15:00,12685893,12713990,12674166,12703018,7.968
2026-05-05 12:30:00,12702981,12746800,12696320,12720258,11.238
2026-05-05 12:45:00,12726353,12726353,12708635,12720800,3.996
2026-05-05 13:00:00,12716745,12733560,12700000,12708476,7.13
2026-05-05 13:15:00,12705395,12722560,12702124,12703620,5.38
2026-05-05 13:30:00,12704761,12714037,12693568,12700495,5.742
2026-05-05 13:45:00,12700022,12729795,12693566,12721885,5.391
2026-05-05 14:00:00,12720060,12731293,12710763,12717853,10.064
2026-05-05 14:15:00,12717834,12762442,12716490,12746592,14.325
2026-05-05 14:30:00,12744551,12789386,12738404,12740312,14.713
2026-05-05 14:45:00,12741830,12750322,12723502,12737742,7.499
2026-05-05 15:00:00,12738329,12741488,12723195,12733166,4.704
2026-05-05 15:15:00,12732000,12736121,12705239,12711390,4.644
2026-05-05 15:30:00,12708096,12722301,12704886,12707253,5.43
2026-05-05 15:45:00,12707221,12735123,12707221,12734299,5.902
2026-05-05 16:00:00,12732154,12734960,12717451,12732934,6.186
2026-05-05 16:15:00,12734538,12749459,12727001,12741571,2.43
2026-05-05 16:30:00,12741770,12755037,12737094,12737094,9.345
2026-05-05 16:45:00,12738752,12740377,12708179,12714937,6.146
2026-05-05 17:00:00,12714864,12727599,12712677,12721461,5.742
2026-05-05 17:15:00,12720971,12724299,12713237,12715173,2.167
2026-05-05 17:30:00,12720193,12721269,12688480,12700878,6.53
2026-05-05 17:45:00,12699028,12715493,12699028,12710850,4.019
2026-05-05 18:00:00,12712240,12744082,12699224,12705667,30.244
2026-05-05 18:15:00,12704475,12720925,12701561,12711427,7.584
2026-05-05 18:30:00,12712050,12712337,12688197,12694698,14.988
2026-05-05 18:45:00,12698744,12700918,12689540,12693408,2.525
2026-05-05 19:00:00,12690255,12722721,12684000,12714551,5.285
2026-05-05 19:15:00,12717000,12725175,12713120,12719003,4.841
2026-05-05 19:30:00,12719149,12738223,12719149,12736560,4.086
2026-05-05 19:45:00,12736076,12740591,12724441,12739347,2.906
2026-05-05 20:00:00,12739375,12768517,12732414,12766508,9.336
2026-05-05 20:15:00,12763529,12765799,12746069,12760478,4.647
2026-05-05 20:30:00,12761211,12785000,12758277,12776626,5.289
2026-05-05 20:45:00,12775645,12781996,12754322,12778361,3.547
2026-05-05 21:00:00,12776802,12793000,12767651,12790310,7.218
2026-05-05 21:15:00,12787882,12811866,12787566,12805588,12.989
2026-05-05 21:30:00,12810724,12829537,12806825,12826900,21.713
2026-05-05 21:45:00,12828287,12833743,12810000,12824051,15.299
2026-05-05 22:00:00,12823054,12885600,12820730,12875414,26.746
2026-05-05 22:15:00,12876218,12890000,12843940,12852031,34.825
2026-05-05 22:30:00,12849912,12869920,12810000,12838803,34.509
2026-05-05 22:45:00,12840191,12887840,12814000,12829946,14.964
2026-05-05 23:00:00,12830487,12852819,12793167,12793167,23.79
2026-05-05 23:15:00,12793876,12847725,12769132,12840596,32.334
2026-05-05 23:30:00,12844356,12856994,12797701,12813399,11.352
2026-05-05 23:45:00,12813399,12834194,12795803,12820899,4.955
2026-05-06 00:00:00,12820937,12874908,12810000,12860872,7.95
2026-05-06 00:15:00,12861642,12880000,12855921,12861490,13.382
2026-05-06 00:30:00,12872107,12878320,12859270,12870000,4.486
2026-05-06 00:45:00,12870125,12880000,12855335,12858843,11.92
2026-05-06 01:00:00,12862222,12872375,12843684,12848230,10.128
2026-05-06 01:15:00,12849963,12865027,12833613,12845957,8.186
2026-05-06 01:30:00,12842613,12842613,12787467,12790699,18.724
2026-05-06 01:45:00,12792683,12829107,12788684,12828773,7.672
2026-05-06 02:00:00,12827438,12845329,12816587,12839285,9.203
2026-05-06 02:15:00,12839851,12862330,12835942,12851397,7.168
2026-05-06 02:30:00,12850000,12850547,12824932,12834523,3.418
2026-05-06 02:45:00,12834437,12845503,12824000,12826633,10.186
2026-05-06 03:00:00,12831976,12884480,12831976,12874175,8.677
2026-05-06 03:15:00,12878506,12879565,12853601,12860334,3.157
2026-05-06 03:30:00,12859721,12873097,12856334,12868908,1.384
2026-05-06 03:45:00,12870120,12878381,12852487,12868456,2.07
2026-05-06 04:00:00,12865746,12871437,12854600,12861387,4.056
2026-05-06 04:15:00,12864233,12884721,12858047,12876401,2.662
2026-05-06 04:30:00,12875348,12895704,12871371,12892406,4.032
2026-05-06 04:45:00,12894404,12897865,12871597,12881902,2.238
2026-05-06 05:00:00,12882309,12907491,12866847,12895728,17.688
2026-05-06 05:15:00,12893766,12894828,12872068,12877266,4.606
2026-05-06 05:30:00,12874961,12904726,12872109,12893297,15.277
2026-05-06 05:45:00,12890207,12892644,12877467,12892000,4.388
2026-05-06 06:00:00,12890414,12912528,12877388,12877388,8.996
2026-05-06 06:15:00,12878234,12888973,12855222,12861024,6.802
2026-05-06 06:30:00,12858258,12861322,12835537,12845086,9.54
2026-05-06 06:45:00,12844092,12869813,12840538,12855045,5.392
2026-05-06 07:00:00,12856831,12888667,12843578,12848170,7.198
2026-05-06 07:15:00,12849473,12871292,12838934,12857093,8.136
2026-05-06 07:30:00,12856980,12858290,12753440,12792655,33.631
2026-05-06 07:45:00,12795598,12839624,12786438,12795445,25.008
2026-05-06 08:00:00,12792513,12800509,12772780,12796674,8.14
2026-05-06 08:15:00,12795954,12795954,12745232,12749556,10.312
2026-05-06 08:30:00,12753848,12764805,12735530,12761365,8.705
2026-05-06 08:45:00,12758050,12768482,12749520,12755139,13.446
2026-05-06 09:00:00,12752487,12808634,12748646,12793649,19.143
2026-05-06 09:15:00,12793428,12808634,12753370,12755933,5.982
2026-05-06 09:30:00,12754621,12773371,12747217,12747963,4.02
2026-05-06 09:45:00,12748875,12773279,12720861,12769077,9.886
2026-05-06 10:00:00,12768280,12795049,12763997,12795049,6.03
2026-05-06 10:15:00,12795049,12820000,12792487,12802775,10.708
2026-05-06 10:30:00,12805679,12822317,12804006,12818490,5.038
2026-05-06 10:45:00,12818138,12855000,12817962,12840734,8.433
2026-05-06 11:00:00,12842527,12843333,12805772,12827476,6.279
2026-05-06 11:15:00,12823388,12824712,12797109,12800802,4.854
2026-05-06 11:30:00,12801148,12823083,12786806,12815000,6.688
2026-05-06 11:45:00,12814834,12844510,12814052,12839187,5.577
2026-05-06 12:00:00,12839028,12853782,12839028,12848884,7.345
2026-05-06 12:15:00,12846174,12903384,12841920,12879445,11.759
2026-05-06 12:30:00,12879572,12895097,12859840,12863741,7.334
2026-05-06 12:45:00,12863500,12880606,12852779,12869194,9.226
2026-05-06 13:00:00,12872408,12883441,12863685,12875751,8.49
2026-05-06 13:15:00,12877455,12879473,12777520,12780515,39.62
2026-05-06 13:30:00,12779114,12784568,12678698,12695200,62.917
2026-05-06 13:45:00,12695476,12699106,12610669,12678934,58.007
2026-05-06 14:00:00,12678934,12701193,12665588,12697229,30.155
2026-05-06 14:15:00,12699064,12714229,12694705,12705280,9.916
2026-05-06 14:30:00,12705597,12707510,12675529,12690882,10.851
2026-05-06 14:45:00,12693598,12719804,12691132,12719514,20.171
2026-05-06 15:00:00,12718418,12738880,12706991,12712309,15.607
2026-05-06 15:15:00,12715802,12730594,12706301,12730309,5.379
2026-05-06 15:30:00,12729981,12743920,12721582,12740560,13.031
2026-05-06 15:45:00,12744120,12750707,12736080,12742738,6.469
2026-05-06 16:00:00,12742748,12772657,12740496,12752462,10.983
2026-05-06 16:15:00,12752467,12771257,12748102,12762211,7.122
2026-05-06 16:30:00,12765053,12765053,12731600,12738973,12.331
2026-05-06 16:45:00,12738973,12742339,12671681,12680744,17.766
2026-05-06 17:00:00,12680098,12752290,12676501,12743022,15.684
2026-05-06 17:15:00,12740181,12751659,12734470,12743834,7.274
2026-05-06 17:30:00,12747793,12784405,12745000,12759888,16.998
2026-05-06 17:45:00,12760319,12786199,12745275,12781012,28.59
2026-05-06 18:00:00,12783749,12789000,12760716,12770091,26.941
2026-05-06 18:15:00,12767969,12772288,12750168,12768457,9.12
2026-05-06 18:30:00,12765032,12802712,12764018,12794119,16.457
2026-05-06 18:45:00,12791467,12793776,12754560,12785581,7.247
2026-05-06 19:00:00,12789610,12812763,12779344,12799647,11.732
2026-05-06 19:15:00,12799904,12831256,12798101,12821671,13.813
2026-05-06 19:30:00,12819414,12837376,12813111,12821288,9.652
2026-05-06 19:45:00,12818154,12832153,12796699,12815879,14.281
2026-05-06 20:00:00,12814964,12853289,12812668,12847322,13.375
2026-05-06 20:15:00,12850884,12912057,12845280,12888830,49.698
2026-05-06 20:30:00,12893057,12902388,12867000,12871758,19.376
2026-05-06 20:45:00,12873290,12885394,12868800,12875662,14.694
2026-05-06 21:00:00,12874960,12883619,12842746,12842746,25.458
2026-05-06 21:15:00,12844780,12881503,12840720,12869091,23.365
2026-05-06 21:30:00,12871064,12878108,12855692,12860400,5.725
2026-05-06 21:45:00,12862629,12874100,12835865,12848723,11.951
2026-05-06 22:00:00,12852544,12852551,12786223,12835985,23.537
2026-05-06 22:15:00,12832469,12838000,12795440,12807837,16.177
2026-05-06 22:30:00,12805938,12823440,12770146,12787784,26.393
2026-05-06 22:45:00,12787852,12790572,12735877,12749985,14.919
2026-05-06 23:00:00,12753827,12755408,12668320,12724331,31.106
2026-05-06 23:15:00,12722732,12771136,12706212,12746404,26.768
2026-05-06 23:30:00,12750189,12788720,12741120,12788720,33.663
2026-05-06 23:45:00,12786871,12800488,12734380,12745622,19.841
2026-05-07 00:00:00,12741351,12760000,12719280,12732044,13.484
2026-05-07 00:15:00,12733598,12792293,12733598,12763699,10.63
2026-05-07 00:30:00,12764308,12777098,12740056,12762360,9.966
2026-05-07 00:45:00,12762117,12788161,12762117,12781425,5.475
2026-05-07 01:00:00,12781039,12807629,12763445,12790046,12.43
2026-05-07 01:15:00,12790900,12803143,12752077,12756160,10.94
2026-05-07 01:30:00,12756169,12786062,12739314,12780200,4.064
2026-05-07 01:45:00,12782061,12798000,12760663,12767750,14.895
2026-05-07 02:00:00,12767185,12781139,12753982,12776930,5.774
2026-05-07 02:15:00,12776174,12776174,12735011,12744483,6.431
2026-05-07 02:30:00,12745713,12762518,12745400,12762518,3.698
2026-05-07 02:45:00,12761720,12762806,12736143,12747796,4.018
2026-05-07 03:00:00,12748395,12754345,12712528,12749091,12.848
2026-05-07 03:15:00,12749728,12758385,12743903,12746949,4.418
2026-05-07 03:30:00,12745142,12753415,12714920,12727862,7.704
2026-05-07 03:45:00,12730207,12734692,12713121,12721316,3.22
2026-05-07 04:00:00,12719949,12734231,12695579,12703930,5.47
2026-05-07 04:15:00,12707809,12728302,12698120,12718386,3.526
2026-05-07 04:30:00,12717494,12742632,12706139,12733484,4.062
2026-05-07 04:45:00,12735496,12749392,12731514,12744487,6.808
2026-05-07 05:00:00,12743811,12770800,12743811,12764423,8.406
2026-05-07 05:15:00,12767132,12776008,12754620,12755549,4.591
2026-05-07 05:30:00,12755574,12756171,12712000,12725485,10.249
2026-05-07 05:45:00,12725730,12737914,12718033,12736028,5.273
2026-05-07 06:00:00,12735521,12741392,12710210,12724995,7.886
2026-05-07 06:15:00,12724105,12734789,12723774,12730065,2.003
2026-05-07 06:30:00,12732136,12761230,12728923,12752501,4.258
2026-05-07 06:45:00,12752838,12758897,12736952,12742462,4.434
2026-05-07 07:00:00,12741565,12744046,12722572,12724478,5.762
2026-05-07 07:15:00,12720989,12725582,12704664,12707593,4.96
2026-05-07 07:30:00,12707690,12721820,12707690,12714713,3.897
2026-05-07 07:45:00,12717484,12730000,12708404,12720057,1.942
2026-05-07 08:00:00,12716198,12716828,12665589,12705468,20.108
2026-05-07 08:15:00,12705210,12733422,12700138,12729848,3.542
2026-05-07 08:30:00,12726972,12734557,12718705,12722309,4.33
2026-05-07 08:45:00,12723703,12745621,12720786,12745621,6.988
2026-05-07 09:00:00,12744884,12747037,12725232,12725232,6.588
2026-05-07 09:15:00,12724259,12728091,12708077,12708763,5.974
2026-05-07 09:30:00,12706148,12713404,12672329,12680020,9.48
2026-05-07 09:45:00,12678700,12692117,12666296,12671922,7.908
2026-05-07 10:00:00,12668205,12682615,12640000,12673016,19.259
2026-05-07 10:15:00,12673560,12686919,12650259,12684636,6.742
2026-05-07 10:30:00,12683647,12692846,12669706,12687070,6.438
2026-05-07 10:45:00,12685348,12690947,12667928,12684419,3.7
2026-05-07 11:00:00,12682381,12682381,12645941,12649189,7.572
2026-05-07 11:15:00,12647247,12661512,12645001,12648020,4.959
2026-05-07 11:30:00,12648896,12669373,12644957,12659296,9.635
2026-05-07 11:45:00,12657526,12685365,12652680,12682012,9.637
2026-05-07 12:00:00,12678008,12680958,12666376,12667307,4.272
2026-05-07 12:15:00,12669399,12675000,12645772,12661278,11.572
2026-05-07 12:30:00,12660355,12670560,12654724,12668284,9.864
2026-05-07 12:45:00,12668372,12674480,12650000,12652779,6.727
2026-05-07 13:00:00,12651111,12659916,12628399,12651240,8.083
2026-05-07 13:15:00,12650513,12667020,12647624,12661960,8.055
2026-05-07 13:30:00,12661026,12671310,12650728,12654307,3.844
2026-05-07 13:45:00,12655598,12670000,12654680,12669911,4.904
2026-05-07 14:00:00,12669733,12695611,12667591,12689124,8.946
2026-05-07 14:15:00,12691848,12698348,12683155,12689863,2.959
2026-05-07 14:30:00,12694639,12698467,12677248,12684123,3.44
2026-05-07 14:45:00,12682931,12686800,12672682,12686800,1.646
2026-05-07 15:00:00,12685397,12686749,12656529,12657709,7.836
2026-05-07 15:15:00,12657572,12677028,12657572,12675676,5.367
2026-05-07 15:30:00,12679155,12722177,12679155,12708913,13.944
2026-05-07 15:45:00,12713324,12729347,12705023,12728097,8.656
2026-05-07 16:00:00,12727524,12746505,12705280,12743244,14.884
2026-05-07 16:15:00,12746909,12751114,12730480,12737122,9.423
2026-05-07 16:30:00,12738000,12760731,12733468,12745568,4.844
2026-05-07 16:45:00,12748878,12751775,12730842,12739423,4.301
2026-05-07 17:00:00,12739986,12753769,12728000,12738337,6.296
2026-05-07 17:15:00,12732571,12733961,12707689,12721391,9.49
2026-05-07 17:30:00,12721391,12728935,12697367,12698467,6.866
2026-05-07 17:45:00,12699648,12708653,12690343,12696630,4.866
2026-05-07 18:00:00,12697773,12699538,12684700,12696381,5.248
2026-05-07 18:15:00,12699137,12703406,12670000,12681699,5.808
2026-05-07 18:30:00,12676899,12687018,12644715,12650000,17.162
2026-05-07 18:45:00,12652625,12662173,12647757,12656027,9.984
2026-05-07 19:00:00,12656342,12672813,12643977,12653586,12.766
2026-05-07 19:15:00,12656398,12662007,12597760,12604363,16.878
2026-05-07 19:30:00,12605727,12649218,12605727,12643985,5.056
2026-05-07 19:45:00,12644267,12652465,12639365,12645041,4.19
2026-05-07 20:00:00,12648786,12677082,12641637,12661959,8.427
2026-05-07 20:15:00,12661846,12665532,12648259,12651426,6.292
2026-05-07 20:30:00,12650354,12666862,12648601,12665451,2.706
2026-05-07 20:45:00,12663241,12664656,12638234,12650472,7.18
2026-05-07 21:00:00,12650430,12683896,12644723,12683896,8.77
2026-05-07 21:15:00,12681788,12688213,12664625,12677546,5.661
2026-05-07 21:30:00,12675860,12683773,12667163,12677403,4.706
2026-05-07 21:45:00,12679783,12699120,12669600,12689809,10.9
2026-05-07 22:00:00,12689871,12689871,12649575,12655293,8.822
2026-05-07 22:15:00,12653988,12684885,12644161,12655666,8.928
2026-05-07 22:30:00,12653853,12656908,12597922,12597922,14.221
2026-05-07 22:45:00,12598491,12608202,12551390,12588264,34.882
2026-05-07 23:00:00,12587975,12620000,12568961,12616557,22.229
2026-05-07 23:15:00,12616197,12616421,12568843,12573650,15.381
2026-05-07 23:30:00,12573650,12578384,12519733,12533998,19.875
2026-05-07 23:45:00,12533773,12557894,12519920,12528000,17.199
2026-05-08 00:00:00,12528515,12551943,12511834,12536845,10.608
2026-05-08 00:15:00,12535003,12541046,12469367,12495635,36.34
2026-05-08 00:30:00,12491295,12529343,12485270,12517621,12.695
2026-05-08 00:45:00,12518433,12533011,12500315,12508122,6.206
2026-05-08 01:00:00,12508059,12517689,12483162,12503470,10.63
2026-05-08 01:15:00,12497255,12534862,12487874,12529584,5.418
2026-05-08 01:30:00,12529329,12535538,12494725,12516864,6.431
2026-05-08 01:45:00,12515413,12526078,12498294,12509394,7.62
2026-05-08 02:00:00,12507905,12530000,12505757,12523803,4.5
2026-05-08 02:15:00,12523223,12527200,12465593,12495100,11.882
2026-05-08 02:30:00,12496607,12535313,12493702,12528226,11.01
2026-05-08 02:45:00,12528267,12564009,12520570,12553115,6.68
2026-05-08 03:00:00,12557036,12570871,12550994,12565381,7.106
2026-05-08 03:15:00,12563167,12572482,12559655,12563291,1.916
2026-05-08 03:30:00,12561840,12585377,12561840,12569892,7.307
2026-05-08 03:45:00,12567439,12591649,12550000,12581414,8.136
2026-05-08 04:00:00,12577851,12578777,12555971,12573425,4.706
2026-05-08 04:15:00,12570757,12575823,12539616,12545311,5.316
2026-05-08 04:30:00,12546879,12570261,12546879,12565878,3.294
2026-05-08 04:45:00,12566419,12580884,12549213,12574503,7.428
2026-05-08 05:00:00,12574991,12605600,12572690,12572818,10.649
2026-05-08 05:15:00,12575517,12582131,12568254,12581779,2.674
2026-05-08 05:30:00,12578839,12578840,12541990,12554979,7.012
2026-05-08 05:45:00,12555129,12563829,12535210,12542231,3.568
2026-05-08 06:00:00,12544049,12546013,12502774,12521414,10.372
2026-05-08 06:15:00,12523918,12541107,12513192,12541107,5.526
2026-05-08 06:30:00,12540953,12541993,12514809,12519175,6.67
2026-05-08 06:45:00,12514551,12530184,12508483,12510582,4.952
2026-05-08 07:00:00,12506430,12531491,12493677,12530981,6.702
2026-05-08 07:15:00,12526695,12554036,12526585,12538579,4.108
2026-05-08 07:30:00,12537103,12546590,12516022,12529596,6.148
2026-05-08 07:45:00,12530008,12547705,12528536,12543184,3.586
2026-05-08 08:00:00,12540869,12559491,12537581,12548585,4.764
2026-05-08 08:15:00,12549978,12557694,12536491,12552311,1.278
2026-05-08 08:30:00,12553555,12561463,12545340,12558514,1.982
2026-05-08 08:45:00,12558564,12565193,12552247,12556711,3.924
2026-05-08 09:00:00,12557055,12569385,12553127,12569074,6.392
2026-05-08 09:15:00,12569074,12578513,12548023,12558325,9.148
2026-05-08 09:30:00,12559688,12567471,12543888,12546000,5.834
2026-05-08 09:45:00,12545322,12545513,12520000,12540754,7.29
2026-05-08 10:00:00,12539834,12548047,12515358,12516510,6.0
2026-05-08 10:15:00,12514417,12524259,12502322,12519076,4.842
2026-05-08 10:30:00,12517274,12532709,12510607,12526068,5.091
2026-05-08 10:45:00,12525604,12534100,12515000,12518539,3.244
2026-05-08 11:00:00,12520224,12520900,12485405,12498349,8.782
2026-05-08 11:15:00,12499329,12499582,12447680,12474227,15.853
2026-05-08 11:30:00,12474226,12502905,12468930,12482216,8.705
2026-05-08 11:45:00,12484635,12495528,12466922,12474206,8.44
2026-05-08 12:00:00,12474941,12474941,12429000,12467933,11.419
2026-05-08 12:15:00,12469231,12491693,12469231,12485440,7.18
2026-05-08 12:30:00,12484237,12492424,12482706,12491762,3.002
2026-05-08 12:45:00,12490432,12495107,12483000,12486220,4.442
2026-05-08 13:00:00,12486742,12510448,12484004,12507263,3.834
2026-05-08 13:15:00,12506941,12515957,12496048,12510864,3.21
2026-05-08 13:30:00,12509026,12509896,12481557,12485157,2.286
2026-05-08 13:45:00,12487010,12501005,12486563,12494082,3.738
2026-05-08 14:00:00,12493553,12502375,12486288,12500000,5.419
2026-05-08 14:15:00,12498134,12503796,12492244,12499225,2.994
2026-05-08 14:30:00,12496584,12513380,12495359,12509084,2.452
2026-05-08 14:45:00,12513843,12518354,12491033,12491033,3.444
2026-05-08 15:00:00,12491604,12492088,12466943,12491699,6.18
2026-05-08 15:15:00,12493225,12498727,12476316,12476316,3.482
2026-05-08 15:30:00,12478666,12488790,12456932,12479553,7.117
2026-05-08 15:45:00,12478514,12481129,12469660,12480000,2.164
2026-05-08 16:00:00,12478045,12478045,12440000,12449046,5.922
2026-05-08 16:15:00,12449859,12457088,12436496,12450995,5.674
2026-05-08 16:30:00,12453152,12486970,12452559,12485785,3.9
2026-05-08 16:45:00,12485138,12513016,12482603,12504704,7.798
2026-05-08 17:00:00,12504437,12512348,12501387,12509334,3.07
2026-05-08 17:15:00,12510383,12517092,12502560,12510881,5.713
2026-05-08 17:30:00,12512180,12530859,12507301,12526890,7.012
2026-05-08 17:45:00,12529405,12542216,12522489,12524970,7.126
2026-05-08 18:00:00,12526647,12540777,12509650,12538321,6.566
2026-05-08 18:15:00,12538224,12550000,12524516,12525037,8.68
2026-05-08 18:30:00,12525051,12531478,12516748,12520855,3.308
2026-05-08 18:45:00,12521160,12529515,12511344,12528145,2.576
2026-05-08 19:00:00,12526202,12551137,12514192,12519202,9.606
2026-05-08 19:15:00,12524911,12535361,12516957,12530504,2.844
2026-05-08 19:30:00,12531077,12572278,12531077,12567628,6.404
2026-05-08 19:45:00,12567093,12588627,12561831,12579201,9.394
2026-05-08 20:00:00,12580493,12600000,12580493,12586870,11.214
2026-05-08 20:15:00,12587643,12601664,12582398,12598596,3.708
2026-05-08 20:30:00,12600127,12603635,12575000,12578651,4.604
2026-05-08 20:45:00,12577995,12597519,12577572,12585939,5.24
2026-05-08 21:00:00,12588643,12601984,12576728,12593888,2.994
2026-05-08 21:15:00,12594477,12600402,12590395,12594790,4.714
2026-05-08 21:30:00,12599607,12641792,12569768,12570658,14.76
2026-05-08 21:45:00,12569768,12569768,12526587,12539494,21.462
2026-05-08 22:00:00,12539473,12555284,12485760,12492719,14.866
2026-05-08 22:15:00,12492719,12515208,12465508,12465792,9.654
2026-05-08 22:30:00,12468214,12501242,12461348,12465452,13.814
2026-05-08 22:45:00,12465429,12478262,12456000,12474864,6.744
2026-05-08 23:00:00,12472466,12534019,12472466,12524990,10.816
2026-05-08 23:15:00,12523172,12611973,12519666,12545936,31.212
2026-05-08 23:30:00,12547574,12574664,12499787,12563946,17.877
2026-05-08 23:45:00,12567812,12576006,12547580,12556870,5.074
2026-05-09 00:00:00,12554858,12565977,12512026,12517276,11.318
2026-05-09 00:15:00,12515179,12520580,12476131,12490243,14.222
2026-05-09 00:30:00,12492282,12544425,12480000,12538181,7.98
2026-05-09 00:45:00,12533536,12568517,12533473,12559027,6.814
2026-05-09 01:00:00,12563596,12567823,12530986,12532811,6.2
2026-05-09 01:15:00,12533862,12543901,12523837,12526512,4.264
2026-05-09 01:30:00,12524590,12526297,12495727,12507810,6.618
2026-05-09 01:45:00,12505370,12520942,12500000,12511885,3.87
2026-05-09 02:00:00,12510875,12536192,12505713,12526956,2.724
2026-05-09 02:15:00,12525238,12550996,12522992,12537794,4.212
2026-05-09 02:30:00,12540398,12577203,12540398,12565082,8.474
2026-05-09 02:45:00,12565886,12580672,12541195,12555222,6.784
2026-05-09 03:00:00,12555000,12582045,12550690,12568101,5.496
2026-05-09 03:15:00,12570118,12585832,12563276,12575493,2.956
2026-05-09 03:30:00,12572357,12582879,12561233,12572362,2.952
2026-05-09 03:45:00,12570205,12586237,12560095,12563229,3.992
2026-05-09 04:00:00,12560716,12562303,12540942,12558804,8.232
2026-05-09 04:15:00,12560466,12569209,12548003,12553828,3.086
2026-05-09 04:30:00,12552993,12566513,12552993,12561943,3.39
2026-05-09 04:45:00,12563649,12569447,12555475,12568663,5.01
2026-05-09 05:00:00,12569884,12577768,12562312,12576320,3.222
2026-05-09 05:15:00,12576090,12586180,12571956,12579033,6.364
2026-05-09 05:30:00,12577355,12578950,12563653,12577645,3.19
2026-05-09 05:45:00,12578691,12583929,12552398,12560501,5.37
2026-05-09 06:00:00,12561859,12573981,12558760,12565848,3.106
2026-05-09 06:15:00,12567204,12578548,12564388,12570669,1.24
2026-05-09 06:30:00,12571767,12580606,12565592,12578796,2.844
2026-05-09 06:45:00,12573659,12578572,12568665,12578572,4.742
2026-05-09 07:00:00,12577919,12600804,12573458,12597003,7.392
2026-05-09 07:15:00,12599318,12601397,12582551,12591872,4.636
2026-05-09 07:30:00,12592830,12597389,12585566,12587979,2.334
2026-05-09 07:45:00,12588166,12594448,12583700,12584298,1.138
2026-05-09 08:00:00,12583101,12586910,12576263,12578587,1.946
2026-05-09 08:15:00,12576335,12583173,12566620,12574328,2.33
2026-05-09 08:30:00,12571093,12573801,12561399,12563388,5.862
2026-05-09 08:45:00,12563508,12577089,12563465,12571914,2.252
2026-05-09 09:00:00,12566964,12566964,12566964,12566964,0.002
2026-05-09 11:00:00,12572363,12611598,12572363,12601564,3.477
2026-05-09 11:15:00,12602278,12610569,12599263,12610000,4.528
2026-05-09 11:30:00,12610000,12618634,12602868,12605630,3.19
2026-05-09 11:45:00,12605635,12616978,12601991,12611453,3.58
2026-05-09 12:00:00,12611959,12617949,12602581,12610171,3.56
2026-05-09 12:15:00,12611264,12633386,12606250,12613018,12.366
2026-05-09 12:30:00,12613018,12613018,12596251,12602679,7.584
2026-05-09 12:45:00,12604478,12607765,12600321,12602468,7.274
2026-05-09 13:00:00,12603428,12646737,12602475,12627056,16.194
2026-05-09 13:15:00,12627585,12627677,12608800,12614928,4.92
2026-05-09 13:30:00,12614105,12615646,12603246,12604843,2.652
2026-05-09 13:45:00,12606199,12616152,12601000,12604217,4.046
2026-05-09 14:00:00,12603426,12610362,12599615,12604518,3.62
2026-05-09 14:15:00,12603278,12618241,12603278,12614736,3.284
2026-05-09 14:30:00,12614979,12620945,12610007,12616389,1.932
2026-05-09 14:45:00,12617010,12617010,12603068,12604744,3.226
2026-05-09 15:00:00,12603956,12615000,12603956,12613307,1.808
2026-05-09 15:15:00,12609951,12609961,12594246,12596675,3.214
2026-05-09 15:30:00,12596675,12603985,12578926,12579212,4.604
2026-05-09 15:45:00,12579212,12591555,12577258,12583758,13.108
2026-05-09 16:00:00,12585915,12585915,12564488,12574131,6.57
2026-05-09 16:15:00,12574101,12587620,12573417,12576503,2.06
2026-05-09 16:30:00,12577507,12582397,12569822,12576846,3.394
2026-05-09 16:45:00,12572951,12580090,12564970,12576000,4.6
2026-05-09 17:00:00,12574174,12600848,12571611,12600446,4.736
2026-05-09 17:15:00,12599758,12603619,12594766,12599490,2.21
2026-05-09 17:30:00,12599489,12605896,12593943,12599655,4.048
2026-05-09 17:45:00,12602112,12602112,12596357,12597618,0.704
2026-05-09 18:00:00,12597048,12598496,12588275,12588616,0.714
2026-05-09 18:15:00,12588694,12589760,12570000,12575129,4.282
2026-05-09 18:30:00,12575129,12579477,12572537,12574506,2.256
2026-05-09 18:45:00,12575299,12577234,12568717,12572794,3.02
2026-05-09 19:00:00,12572902,12573469,12558426,12568924,4.58
2026-05-09 19:15:00,12567596,12573860,12562955,12565541,2.25
2026-05-09 19:30:00,12567815,12585724,12567815,12583412,3.02
2026-05-09 19:45:00,12581636,12581636,12570735,12573281,1.233
2026-05-09 20:00:00,12570392,12582626,12570240,12581134,3.41
2026-05-09 20:15:00,12581134,12587093,12579919,12583271,1.18
2026-05-09 20:30:00,12584115,12584642,12579281,12582374,0.822
2026-05-09 20:45:00,12584584,12592064,12581899,12583887,3.236
2026-05-09 21:00:00,12583400,12590588,12580506,12581831,2.208
2026-05-09 21:15:00,12581432,12600617,12573647,12598940,8.926
2026-05-09 21:30:00,12598401,12599013,12585014,12590998,3.914
2026-05-09 21:45:00,12589323,12600000,12588645,12599300,2.708
2026-05-09 22:00:00,12599375,12601789,12591721,12597897,1.766
2026-05-09 22:15:00,12598645,12598645,12587612,12593157,0.57
2026-05-09 22:30:00,12591156,12595420,12582137,12590327,1.358
2026-05-09 22:45:00,12592195,12594964,12585296,12594337,3.054
2026-05-09 23:00:00,12595677,12600000,12589545,12594214,2.422
2026-05-09 23:15:00,12591417,12595819,12573807,12586781,4.884
2026-05-09 23:30:00,12588029,12590658,12574080,12589114,2.516
2026-05-09 23:45:00,12589394,12595120,12574322,12586591,3.518
2026-05-10 00:00:00,12584853,12589064,12570000,12579988,2.43
2026-05-10 00:15:00,12581968,12598759,12581968,12597034,2.484
2026-05-10 00:30:00,12595603,12627220,12595603,12606784,8.488
2026-05-10 00:45:00,12609620,12622266,12606885,12613513,1.56
2026-05-10 01:00:00,12614637,12627220,12607327,12622500,4.846
2026-05-10 01:15:00,12622500,12652673,12622500,12632647,10.951
2026-05-10 01:30:00,12629120,12633661,12621548,12631265,3.698
2026-05-10 01:45:00,12631487,12635112,12623128,12627632,2.206
2026-05-10 02:00:00,12628137,12660168,12628137,12649887,6.702
2026-05-10 02:15:00,12647083,12665247,12639573,12659734,6.065
2026-05-10 02:30:00,12660845,12678476,12659459,12661540,7.096
2026-05-10 02:45:00,12661993,12665012,12647245,12660971,5.46
2026-05-10 03:00:00,12661889,12671338,12658142,12667706,3.016
2026-05-10 03:15:00,12668152,12699017,12662593,12699017,5.714
2026-05-10 03:30:00,12696104,12725440,12674624,12675503,14.77
2026-05-10 03:45:00,12675535,12679987,12669982,12675351,2.244
2026-05-10 04:00:00,12676234,12679890,12667921,12676430,2.692
2026-05-10 04:15:00,12673560,12676065,12655208,12661757,3.064
2026-05-10 04:30:00,12662391,12665871,12656019,12664706,2.652
2026-05-10 04:45:00,12664010,12684892,12660967,12678807,2.522
2026-05-10 05:00:00,12679508,12682075,12661723,12662062,1.18
2026-05-10 05:15:00,12661722,12663591,12654160,12660495,1.872
2026-05-10 05:30:00,12661126,12664371,12651851,12664371,9.53
2026-05-10 05:45:00,12660452,12664000,12657912,12663000,2.022
2026-05-10 06:00:00,12664143,12676068,12663544,12670978,3.862
2026-05-10 06:15:00,12669223,12673442,12654440,12661196,1.1
2026-05-10 06:30:00,12663779,12664389,12651721,12652763,1.622
2026-05-10 06:45:00,12655811,12663449,12650747,12658966,2.934
2026-05-10 07:00:00,12657490,12662727,12651873,12657034,1.084
2026-05-10 07:15:00,12657806,12662727,12655847,12657614,0.8
2026-05-10 07:30:00,12651851,12665869,12643392,12664267,4.728
2026-05-10 07:45:00,12664778,12664779,12651010,12657064,1.638
2026-05-10 08:00:00,12656141,12668945,12645471,12651396,2.642
2026-05-10 08:15:00,12650607,12650607,12638603,12643786,1.436
2026-05-10 08:30:00,12645104,12646164,12634063,12640033,3.734
2026-05-10 08:45:00,12640770,12644992,12637826,12639103,2.116
2026-05-10 09:00:00,12638766,12649056,12629536,12646631,6.3
2026-05-10 09:15:00,12647816,12654597,12642813,12644134,3.248
2026-05-10 09:30:00,12643710,12655214,12638526,12647282,3.218
2026-05-10 09:45:00,12647188,12649908,12634952,12641844,2.55
2026-05-10 10:00:00,12641094,12641094,12626829,12635046,3.082
2026-05-10 10:15:00,12633128,12639366,12624217,12628842,2.724
2026-05-10 10:30:00,12629227,12636090,12625000,12633093,2.46
2026-05-10 10:45:00,12632486,12644323,12630653,12641212,1.854
2026-05-10 11:00:00,12639688,12641703,12630703,12633738,1.242
2026-05-10 11:15:00,12631444,12653352,12631444,12649858,2.666
2026-05-10 11:30:00,12648971,12656969,12643442,12651437,2.018
2026-05-10 11:45:00,12650637,12656675,12645072,12656675,1.72
2026-05-10 12:00:00,12656772,12666057,12652202,12661086,4.114
2026-05-10 12:15:00,12660839,12661377,12653591,12655343,2.335
2026-05-10 12:30:00,12657544,12677188,12649790,12664072,3.715
2026-05-10 12:45:00,12666616,12668524,12657990,12658912,1.582
2026-05-10 13:00:00,12658912,12662860,12651709,12657543,2.276
2026-05-10 13:15:00,12658313,12662443,12651818,12659007,2.542
2026-05-10 13:30:00,12659107,12666158,12653925,12653925,2.222
2026-05-10 13:45:00,12652622,12658893,12643922,12653125,4.586
2026-05-10 14:00:00,12651894,12655499,12647711,12655069,1.934
2026-05-10 14:15:00,12655113,12662450,12652025,12654694,1.12
2026-05-10 14:30:00,12656450,12659344,12649826,12649831,1.252
2026-05-10 14:45:00,12649567,12655982,12641907,12644208,1.584
2026-05-10 15:00:00,12646469,12652492,12642946,12646854,1.962
2026-05-10 15:15:00,12645031,12648265,12638185,12638185,1.368
2026-05-10 15:30:00,12639847,12649052,12638211,12646906,4.183
2026-05-10 15:45:00,12645204,12654364,12644663,12649880,1.508
2026-05-10 16:00:00,12651799,12657760,12650000,12650000,2.974
2026-05-10 16:15:00,12648566,12661600,12647627,12658311,2.651
2026-05-10 16:30:00,12656876,12659429,12653307,12657912,0.982
2026-05-10 16:45:00,12657751,12658917,12648597,12651633,1.392
2026-05-10 17:00:00,12651249,12662000,12646284,12657399,1.208
2026-05-10 17:15:00,12655664,12675000,12651528,12670000,4.454
2026-05-10 17:30:00,12672427,12676277,12660000,12661900,4.726
2026-05-10 17:45:00,12662008,12666623,12660023,12661000,1.52
2026-05-10 18:00:00,12664195,12675647,12664195,12667224,1.964
2026-05-10 18:15:00,12664938,12670097,12660000,12666114,1.152
2026-05-10 18:30:00,12662804,12666660,12650700,12654156,1.262
2026-05-10 18:45:00,12654531,12660033,12653219,12659184,1.312
2026-05-10 19:00:00,12660189,12671074,12643619,12648168,10.599
2026-05-10 19:15:00,12647275,12665177,12642501,12660972,4.502
2026-05-10 19:30:00,12663629,12665754,12655575,12659202,1.01
2026-05-10 19:45:00,12660815,12674454,12659554,12670672,1.228
2026-05-10 20:00:00,12671315,12685603,12671315,12679894,5.05
2026-05-10 20:15:00,12678008,12681656,12655003,12662468,2.772
2026-05-10 20:30:00,12662938,12670438,12661740,12668449,5.076
2026-05-10 20:45:00,12667984,12672240,12662894,12665651,4.95
2026-05-10 21:00:00,12665863,12671937,12659605,12668099,4.044
2026-05-10 21:15:00,12668101,12682783,12667948,12680903,8.028
2026-05-10 21:30:00,12680914,12681723,12671371,12679803,2.522
2026-05-10 21:45:00,12679803,12684141,12674361,12681286,2.606
2026-05-10 22:00:00,12680796,12683674,12672986,12680614,3.428
2026-05-10 22:15:00,12678865,12693876,12677022,12687248,4.992
2026-05-10 22:30:00,12686422,12689782,12679466,12685670,3.0
2026-05-10 22:45:00,12689516,12689516,12678962,12689037,4.662
2026-05-10 23:00:00,12686687,12692730,12678934,12681975,3.256
2026-05-10 23:15:00,12680394,12684385,12675988,12680860,4.487
2026-05-10 23:30:00,12682275,12690788,12672955,12677975,1.686
2026-05-10 23:45:00,12678208,12693226,12664172,12687024,6.056
2026-05-11 00:00:00,12685585,12705903,12679393,12696738,11.482
2026-05-11 00:15:00,12697473,12697473,12684634,12685279,1.402
2026-05-11 00:30:00,12684761,12719887,12682093,12707494,7.537
2026-05-11 00:45:00,12708860,12756172,12708090,12748858,19.53
2026-05-11 01:00:00,12754238,12761725,12739451,12759657,13.518
2026-05-11 01:15:00,12758480,12760054,12726000,12726711,7.032
2026-05-11 01:30:00,12728328,12741032,12714824,12726997,9.768
2026-05-11 01:45:00,12725227,12746256,12721760,12744702,1.846
2026-05-11 02:00:00,12745563,12756563,12721993,12739811,4.779
2026-05-11 02:15:00,12739943,12754989,12733722,12748015,3.468
2026-05-11 02:30:00,12748673,12751565,12733416,12747898,3.978
2026-05-11 02:45:00,12747701,12781569,12745692,12760285,7.224
2026-05-11 03:00:00,12764615,12772994,12749297,12756933,6.751
2026-05-11 03:15:00,12757815,12757815,12738576,12746602,2.96
2026-05-11 03:30:00,12744975,12755058,12726648,12729135,1.62
2026-05-11 03:45:00,12730724,12734650,12723300,12733063,1.62
2026-05-11 04:00:00,12728315,12745132,12712000,12741784,6.798
2026-05-11 04:15:00,12738985,12761609,12738985,12759188,6.26
2026-05-11 04:30:00,12760214,12760214,12747534,12751415,0.886
2026-05-11 04:45:00,12751890,12756759,12736954,12755364,4.218
2026-05-11 05:00:00,12755975,12757924,12714517,12715912,6.215
2026-05-11 05:15:00,12718553,12722836,12695925,12711654,8.389
2026-05-11 05:30:00,12710163,12710163,12658240,12661269,11.785
2026-05-11 05:45:00,12657541,12657541,12578760,12646923,25.518
2026-05-11 06:00:00,12645004,12680597,12624432,12635730,13.829
2026-05-11 06:15:00,12643589,12672906,12634864,12664884,6.501
2026-05-11 06:30:00,12665546,12679212,12652759,12664648,16.664
2026-05-11 06:45:00,12665186,12680553,12649008,12650562,6.9
2026-05-11 07:00:00,12648784,12777000,12643949,12761858,25.181
2026-05-11 07:15:00,12760994,12812886,12740008,12778985,18.188
2026-05-11 07:30:00,12778985,12869997,12773040,12841450,34.395
2026-05-11 07:45:00,12844426,12886000,12831841,12866616,18.684
2026-05-11 08:00:00,12876229,12930000,12872659,12920150,27.143
2026-05-11 08:15:00,12921235,12936560,12892604,12897004,12.691
2026-05-11 08:30:00,12899681,12928403,12893283,12917864,8.685
2026-05-11 08:45:00,12917874,12920100,12868551,12889873,10.944
2026-05-11 09:00:00,12890573,12916400,12846500,12846500,11.367
2026-05-11 09:15:00,12846500,12846500,12772017,12814929,21.913
2026-05-11 09:30:00,12819518,12841368,12791088,12809885,13.235
2026-05-11 09:45:00,12805327,12815000,12757162,12782466,11.678
2026-05-11 10:00:00,12785349,12807072,12760000,12789384,9.295
2026-05-11 10:15:00,12792944,12824445,12780833,12806416,9.58
2026-05-11 10:30:00,12804522,12815333,12785174,12793218,3.046
2026-05-11 10:45:00,12792198,12815885,12779913,12804667,4.99
2026-05-11 11:00:00,12802295,12808914,12779691,12784107,3.342
2026-05-11 11:15:00,12784164,12784164,12746690,12760280,7.042
2026-05-11 11:30:00,12762708,12769229,12741240,12757609,11.186
2026-05-11 11:45:00,12757152,12767005,12751452,12751708,2.746
2026-05-11 12:00:00,12752545,12756334,12662565,12665126,26.523
2026-05-11 12:15:00,12669339,12687910,12661874,12667947,21.612
2026-05-11 12:30:00,12668000,12685655,12655805,12685655,15.825
2026-05-11 12:45:00,12686208,12694960,12680717,12694069,7.4
2026-05-11 13:00:00,12690666,12691840,12673599,12675568,12.427
2026-05-11 13:15:00,12675566,12695029,12675566,12690241,4.032
2026-05-11 13:30:00,12688446,12702208,12683489,12701254,5.716
2026-05-11 13:45:00,12700200,12708520,12684472,12701920,5.378
2026-05-11 14:00:00,12697449,12711192,12697449,12702553,5.639
2026-05-11 14:15:00,12702976,12722979,12702976,12720960,4.28
2026-05-11 14:30:00,12721703,12726560,12694765,12695484,10.883
2026-05-11 14:45:00,12694795,12709760,12689660,12702607,10.32
2026-05-11 15:00:00,12702158,12723751,12698000,12713635,7.198
2026-05-11 15:15:00,12710135,12732445,12700130,12719652,5.299
2026-05-11 15:30:00,12718003,12725023,12684699,12689802,7.07
2026-05-11 15:45:00,12690561,12696902,12674480,12687937,7.764
2026-05-11 16:00:00,12687889,12689000,12670000,12683954,5.93
2026-05-11 16:15:00,12683403,12695473,12676357,12679046,5.066
2026-05-11 16:30:00,12679618,12683655,12669905,12676908,3.836
2026-05-11 16:45:00,12679466,12690848,12672356,12683897,6.622
2026-05-11 17:00:00,12678629,12686823,12664794,12680259,4.504
2026-05-11 17:15:00,12679849,12685265,12660062,12660062,1.857
2026-05-11 17:30:00,12660051,12689609,12655129,12688931,4.246
2026-05-11 17:45:00,12689509,12694347,12678742,12685204,6.402
2026-05-11 18:00:00,12683202,12708484,12682502,12708105,4.3
2026-05-11 18:15:00,12710917,12715867,12703720,12709160,3.472
2026-05-11 18:30:00,12709160,12714649,12699874,12709967,4.636
2026-05-11 18:45:00,12706684,12724577,12706684,12718524,3.794
2026-05-11 19:00:00,12717888,12739000,12717828,12734775,14.558
2026-05-11 19:15:00,12729139,12755855,12725838,12751030,13.88
2026-05-11 19:30:00,12751415,12756818,12724022,12736041,5.16
2026-05-11 19:45:00,12733232,12741593,12717285,12719574,4.643
2026-05-11 20:00:00,12719574,12730482,12711189,12720903,5.592
2026-05-11 20:15:00,12721799,12750500,12721349,12741566,7.453
2026-05-11 20:30:00,12741566,12752462,12741566,12750026,2.792
2026-05-11 20:45:00,12749649,12757729,12740364,12756846,3.212
2026-05-11 21:00:00,12756225,12766218,12740000,12743761,6.066
2026-05-11 21:15:00,12741759,12776904,12738152,12766073,9.898
2026-05-11 21:30:00,12768477,12776654,12744033,12747659,5.908
2026-05-11 21:45:00,12746969,12757503,12723203,12732077,6.176
2026-05-11 22:00:00,12734222,12767019,12732211,12762197,8.064
2026-05-11 22:15:00,12762197,12771293,12739791,12740000,6.692
2026-05-11 22:30:00,12744410,12753440,12681960,12728605,21.429
2026-05-11 22:45:00,12727592,12735407,12704173,12728910,8.836
2026-05-11 23:00:00,12727760,12755069,12724883,12734867,9.335
2026-05-11 23:15:00,12737352,12741643,12677280,12681729,11.351
2026-05-11 23:30:00,12677872,12701908,12630785,12686053,22.984
2026-05-11 23:45:00,12685678,12710338,12672626,12708316,7.303
2026-05-12 00:00:00,12705587,12731625,12685615,12717810,5.066
2026-05-12 00:15:00,12724178,12779296,12708361,12768087,9.593
2026-05-12 00:30:00,12769480,12780000,12746071,12750634,13.175
2026-05-12 00:45:00,12752712,12788204,12750329,12787896,10.381
2026-05-12 01:00:00,12786806,12841778,12771897,12841777,23.644
2026-05-12 01:15:00,12840432,12858402,12825399,12841285,15.36
2026-05-12 01:30:00,12841246,12864031,12808880,12814211,20.203
2026-05-12 01:45:00,12811442,12842183,12811442,12816318,5.362
2026-05-12 02:00:00,12813343,12823219,12782735,12807126,6.645
2026-05-12 02:15:00,12808818,12828609,12806931,12821595,2.986
2026-05-12 02:30:00,12823778,12880000,12813822,12875831,13.986
2026-05-12 02:45:00,12875674,12888771,12862640,12867000,17.968
2026-05-12 03:00:00,12867000,12893985,12863410,12875804,11.488
2026-05-12 03:15:00,12875853,12891102,12857300,12889255,11.253
2026-05-12 03:30:00,12885938,12904346,12872677,12881176,8.759
2026-05-12 03:45:00,12879567,12900000,12861714,12866166,5.979
2026-05-12 04:00:00,12866166,12887280,12845281,12875376,6.62
2026-05-12 04:15:00,12876172,12899455,12860650,12873188,13.788
2026-05-12 04:30:00,12873315,12903876,12865799,12891053,9.408
2026-05-12 04:45:00,12892092,12896277,12879112,12883650,4.588
2026-05-12 05:00:00,12883964,12900434,12867900,12877186,14.825
2026-05-12 05:15:00,12875247,12887005,12870290,12875000,4.134
2026-05-12 05:30:00,12875000,12877088,12849742,12857865,4.608
2026-05-12 05:45:00,12863231,12878880,12855000,12859103,8.772
2026-05-12 06:00:00,12857127,12864878,12834320,12844198,7.22
2026-05-12 06:15:00,12842621,12847336,12825688,12827295,3.103
2026-05-12 06:30:00,12827375,12848325,12820011,12840140,2.938
2026-05-12 06:45:00,12839111,12867226,12829040,12850951,4.259
2026-05-12 07:00:00,12852296,12878911,12851440,12858762,6.304
2026-05-12 07:15:00,12858651,12875251,12840240,12840240,7.588
2026-05-12 07:30:00,12840017,12852813,12839952,12850464,5.169
2026-05-12 07:45:00,12852556,12869022,12848540,12860059,4.362
2026-05-12 08:00:00,12857040,12857040,12834163,12838848,6.861
2026-05-12 08:15:00,12842130,12845429,12827360,12832344,4.491
2026-05-12 08:30:00,12832852,12862529,12831011,12855795,10.002
2026-05-12 08:45:00,12857401,12860213,12846817,12849743,1.822
2026-05-12 09:00:00,12851507,12857322,12832444,12832493,3.55
2026-05-12 09:15:00,12830777,12841337,12813925,12825525,5.07
2026-05-12 09:30:00,12825850,12845021,12815258,12820359,3.436
2026-05-12 09:45:00,12820606,12839114,12820606,12836704,4.633
2026-05-12 10:00:00,12837888,12847722,12810931,12815335,9.804
2026-05-12 10:15:00,12815674,12831268,12795974,12815243,7.39
2026-05-12 10:30:00,12812293,12812293,12720828,12769581,36.213
2026-05-12 10:45:00,12769593,12810812,12764068,12789807,9.869
2026-05-12 11:00:00,12785771,12811509,12781986,12810042,3.968
2026-05-12 11:15:00,12806148,12807047,12772144,12799291,7.009
2026-05-12 11:30:00,12798948,12805520,12781592,12785268,5.348
2026-05-12 11:45:00,12785525,12805973,12784319,12805000,7.106
2026-05-12 12:00:00,12804999,12808320,12792920,12800480,3.775
2026-05-12 12:15:00,12800480,12801976,12788398,12792635,1.357
2026-05-12 12:30:00,12790390,12800000,12789994,12795607,1.498
2026-05-12 12:45:00,12792894,12792894,12770000,12772469,10.292
2026-05-12 13:00:00,12771914,12777472,12764466,12765785,5.032
2026-05-12 13:15:00,12764481,12798000,12764481,12795445,5.298
2026-05-12 13:30:00,12795037,12802850,12793117,12799253,3.74
2026-05-12 13:45:00,12796083,12805832,12792889,12796767,2.684
2026-05-12 14:00:00,12797225,12809117,12795416,12801128,2.386
2026-05-12 14:15:00,12801688,12816693,12801362,12813963,5.552
2026-05-12 14:30:00,12814872,12822109,12800508,12817529,6.208
2026-05-12 14:45:00,12817300,12819654,12760000,12778686,30.511
2026-05-12 15:00:00,12775514,12785875,12756020,12783040,13.202
2026-05-12 15:15:00,12781791,12800000,12781138,12785644,4.03
2026-05-12 15:30:00,12785916,12787714,12760271,12764686,6.522
2026-05-12 15:45:00,12762142,12769475,12751888,12759973,4.632
2026-05-12 16:00:00,12760111,12773312,12740000,12769820,7.146
2026-05-12 16:15:00,12769120,12779898,12744480,12759163,9.277
2026-05-12 16:30:00,12759850,12769120,12747280,12748400,2.993
2026-05-12 16:45:00,12752129,12755369,12730009,12736050,3.081
2026-05-12 17:00:00,12734990,12748779,12730000,12736323,3.795
2026-05-12 17:15:00,12736003,12752194,12728800,12746956,2.925
2026-05-12 17:30:00,12744263,12764640,12741624,12762153,8.507
2026-05-12 17:45:00,12764705,12764705,12740679,12742810,4.592
2026-05-12 18:00:00,12741678,12753934,12732089,12733922,3.683
2026-05-12 18:15:00,12734399,12739440,12716847,12723106,15.224
2026-05-12 18:30:00,12724794,12756992,12724160,12753407,14.171
2026-05-12 18:45:00,12753407,12759040,12730324,12735479,6.262
2026-05-12 19:00:00,12734948,12740000,12727121,12736221,4.31
2026-05-12 19:15:00,12732345,12740548,12712187,12716431,16.33
2026-05-12 19:30:00,12718797,12721054,12698000,12707620,4.68
2026-05-12 19:45:00,12706496,12712773,12697101,12707174,3.608
2026-05-12 20:00:00,12707167,12715694,12688841,12693344,11.008
2026-05-12 20:15:00,12694705,12703594,12680000,12703594,3.27
2026-05-12 20:30:00,12703381,12717975,12701581,12715276,5.834
2026-05-12 20:45:00,12713310,12728383,12709713,12726777,6.52
2026-05-12 21:00:00,12728655,12741228,12711935,12735394,11.81
2026-05-12 21:15:00,12735895,12744905,12723771,12734605,5.008
2026-05-12 21:30:00,12732892,12764893,12701546,12742953,23.532
2026-05-12 21:45:00,12739500,12760502,12737250,12743424,3.736
2026-05-12 22:00:00,12744923,12754718,12735401,12737042,13.249
2026-05-12 22:15:00,12734636,12740539,12705259,12713406,8.126
2026-05-12 22:30:00,12714800,12742729,12703928,12726903,17.666
2026-05-12 22:45:00,12730903,12745205,12674844,12684319,15.218
2026-05-12 23:00:00,12687728,12723561,12669666,12718279,8.945
2026-05-12 23:15:00,12718069,12742641,12695450,12715160,6.182
2026-05-12 23:30:00,12711242,12746756,12674657,12732131,9.221
2026-05-12 23:45:00,12730000,12731035,12686241,12696374,7.462
2026-05-13 00:00:00,12697141,12713880,12679764,12704649,4.448
2026-05-13 00:15:00,12702509,12706944,12645380,12650789,14.056
2026-05-13 00:30:00,12654492,12690000,12654492,12667861,5.377
2026-05-13 00:45:00,12672055,12683875,12655942,12669627,4.446
2026-05-13 01:00:00,12667305,12684743,12645086,12672133,9.018
2026-05-13 01:15:00,12671449,12675060,12646438,12661392,10.699
2026-05-13 01:30:00,12660568,12670754,12651747,12658839,2.654
2026-05-13 01:45:00,12660562,12660833,12597265,12622708,24.579
2026-05-13 02:00:00,12623205,12655130,12614438,12653243,7.263
2026-05-13 02:15:00,12656616,12690785,12655287,12682895,8.978
2026-05-13 02:30:00,12683827,12697434,12680475,12695942,3.276
2026-05-13 02:45:00,12695279,12708518,12687940,12695604,4.444
2026-05-13 03:00:00,12698272,12703256,12683099,12694612,3.734
2026-05-13 03:15:00,12701616,12703016,12682267,12682267,2.896
2026-05-13 03:30:00,12686252,12716928,12686252,12712118,3.05
2026-05-13 03:45:00,12712972,12729007,12707571,12712070,4.019
2026-05-13 04:00:00,12712841,12734116,12712841,12731420,3.914
2026-05-13 04:15:00,12728768,12734863,12715268,12715268,1.742
2026-05-13 04:30:00,12718724,12729844,12717206,12721890,1.496
2026-05-13 04:45:00,12725471,12741705,12725195,12739701,2.342
2026-05-13 05:00:00,12738145,12746222,12725057,12728386,3.874
2026-05-13 05:15:00,12730775,12739132,12725205,12739132,1.638
2026-05-13 05:30:00,12736236,12736236,12712000,12721324,2.69
2026-05-13 05:45:00,12721331,12723087,12710909,12717914,2.592
2026-05-13 06:00:00,12718909,12723073,12714616,12717484,3.328
2026-05-13 06:15:00,12717498,12723903,12706000,12712323,2.019
2026-05-13 06:30:00,12712507,12714819,12690065,12697704,7.25
2026-05-13 06:45:00,12698144,12700123,12682801,12698212,5.472
2026-05-13 07:00:00,12700230,12729598,12700230,12705730,6.794
2026-05-13 07:15:00,12703054,12716539,12702419,12708731,2.504
2026-05-13 07:30:00,12710149,12720734,12704084,12710933,1.822
2026-05-13 07:45:00,12711524,12720143,12705845,12709312,1.038
2026-05-13 08:00:00,12709556,12718347,12697214,12701957,2.266
2026-05-13 08:15:00,12701980,12713530,12698612,12711567,3.758
2026-05-13 08:30:00,12711567,12711855,12685952,12689750,3.616
2026-05-13 08:45:00,12689291,12694216,12677347,12692794,4.144
2026-05-13 09:00:00,12693089,12699018,12678179,12691330,3.294
2026-05-13 09:15:00,12688031,12732850,12687754,12715623,5.868
2026-05-13 09:30:00,12715443,12732963,12715443,12726372,4.282
2026-05-13 09:45:00,12727349,12733593,12714033,12729621,3.89
2026-05-13 10:00:00,12732056,12777313,12724772,12771479,8.882
2026-05-13 10:15:00,12768786,12794260,12757204,12778555,10.164
2026-05-13 10:30:00,12781205,12796940,12774854,12786883,4.852
2026-05-13 10:45:00,12792284,12796001,12767281,12771193,5.282
2026-05-13 11:00:00,12769560,12787662,12757307,12783099,4.952
2026-05-13 11:15:00,12782442,12815607,12780148,12789687,7.986
2026-05-13 11:30:00,12793546,12794183,12777313,12781929,2.828
2026-05-13 11:45:00,12782124,12788227,12775520,12779487,3.158
2026-05-13 12:00:00,12781367,12785938,12770000,12775035,11.868
2026-05-13 12:15:00,12775094,12790715,12771622,12786123,2.828
2026-05-13 12:30:00,12790731,12804307,12782506,12802686,4.376
2026-05-13 12:45:00,12805678,12820847,12802759,12815650,5.088
2026-05-13 13:00:00,12816663,12816768,12797142,12803289,1.908
2026-05-13 13:15:00,12806086,12812210,12794664,12810463,3.234
2026-05-13 13:30:00,12813580,12824123,12807847,12812190,5.232
2026-05-13 13:45:00,12811110,12821949,12808905,12819015,1.924
2026-05-13 14:00:00,12817609,12820697,12805908,12806493,5.254
2026-05-13 14:15:00,12805357,12805623,12795992,12799796,4.153
2026-05-13 14:30:00,12801278,12803840,12780000,12781632,7.783
2026-05-13 14:45:00,12782630,12791000,12769251,12778869,5.084
2026-05-13 15:00:00,12777989,12794034,12775467,12793274,2.024
2026-05-13 15:15:00,12791584,12803338,12785057,12796886,6.314
2026-05-13 15:30:00,12794995,12795663,12779858,12784745,2.208
2026-05-13 15:45:00,12784254,12785000,12773565,12776972,2.452
2026-05-13 16:00:00,12776508,12783022,12772959,12776401,2.045
2026-05-13 16:15:00,12778969,12783428,12759225,12764080,7.048
2026-05-13 16:30:00,12766576,12777363,12759600,12775954,4.156
2026-05-13 16:45:00,12775954,12792734,12773095,12789085,3.398
2026-05-13 17:00:00,12790289,12796476,12778758,12784499,6.616
2026-05-13 17:15:00,12786188,12805161,12786188,12788736,2.914
2026-05-13 17:30:00,12786633,12810000,12773363,12805078,4.57
2026-05-13 17:45:00,12807391,12815000,12801412,12811684,3.036
2026-05-13 18:00:00,12814401,12836250,12808634,12823249,7.168
2026-05-13 18:15:00,12825414,12827982,12808145,12814697,4.454
2026-05-13 18:30:00,12817040,12837910,12812601,12826511,4.544
2026-05-13 18:45:00,12826511,12832505,12821711,12830809,6.072
2026-05-13 19:00:00,12830363,12833098,12798846,12800238,6.644
2026-05-13 19:15:00,12800314,12810028,12780450,12781970,3.388
2026-05-13 19:30:00,12782545,12793136,12755680,12765385,12.195
2026-05-13 19:45:00,12766616,12775280,12755818,12757443,5.146
2026-05-13 20:00:00,12754753,12766946,12717000,12719001,9.94
2026-05-13 20:15:00,12717525,12737595,12707733,12720361,10.732
2026-05-13 20:30:00,12718851,12736640,12717995,12736640,2.757
2026-05-13 20:45:00,12733874,12737260,12705137,12707059,4.923
2026-05-13 21:00:00,12705237,12721880,12697001,12712867,8.056
2026-05-13 21:15:00,12713257,12719840,12655506,12689157,14.014
2026-05-13 21:30:00,12687319,12687797,12612000,12657925,30.953
2026-05-13 21:45:00,12656591,12675400,12652008,12661641,11.077
2026-05-13 22:00:00,12662709,12691717,12658217,12675407,8.812
2026-05-13 22:15:00,12678780,12680016,12651650,12652965,5.668
2026-05-13 22:30:00,12651084,12661496,12590000,12601875,27.029
2026-05-13 22:45:00,12600685,12600685,12559068,12571812,19.546
2026-05-13 23:00:00,12570345,12588549,12540172,12580724,16.941
2026-05-13 23:15:00,12578958,12615119,12572048,12603699,7.602
2026-05-13 23:30:00,12603485,12607697,12585106,12585106,3.516
2026-05-13 23:45:00,12586238,12597187,12574503,12592031,7.934
2026-05-14 00:00:00,12590728,12607212,12529440,12535884,8.98
2026-05-14 00:15:00,12534187,12544608,12513459,12515931,14.572
2026-05-14 00:30:00,12516754,12520000,12502869,12508698,6.024
2026-05-14 00:45:00,12505300,12511790,12441405,12447405,27.376
2026-05-14 01:00:00,12442126,12476240,12424840,12454800,20.34
2026-05-14 01:15:00,12453248,12474490,12438744,12471014,6.234
2026-05-14 01:30:00,12470448,12496126,12468480,12488910,8.372
2026-05-14 01:45:00,12489720,12504345,12477757,12486839,4.964
2026-05-14 02:00:00,12487108,12513920,12487108,12506185,4.682
2026-05-14 02:15:00,12506185,12529904,12485445,12525600,11.412
2026-05-14 02:30:00,12526307,12542747,12521566,12540609,4.116
2026-05-14 02:45:00,12541636,12566000,12535752,12556956,8.917
2026-05-14 03:00:00,12556956,12573265,12556227,12571221,3.028
2026-05-14 03:15:00,12572375,12600395,12562469,12596267,5.928
2026-05-14 03:30:00,12597598,12598333,12575725,12576688,1.976
2026-05-14 03:45:00,12575150,12584388,12565387,12572000,3.808
2026-05-14 04:00:00,12572705,12576091,12549749,12557650,6.304
2026-05-14 04:15:00,12557520,12564179,12537600,12551022,5.65
2026-05-14 04:30:00,12552181,12569864,12548189,12554685,2.982
2026-05-14 04:45:00,12555994,12578679,12553000,12576556,3.514
2026-05-14 05:00:00,12576360,12594486,12573208,12576484,3.04
2026-05-14 05:15:00,12578133,12586536,12571167,12571708,2.152
2026-05-14 05:30:00,12571708,12590310,12570842,12586677,3.272
2026-05-14 05:45:00,12587458,12592268,12580546,12583681,3.578
2026-05-14 06:00:00,12584297,12584297,12524960,12543459,8.219
2026-05-14 06:15:00,12543459,12543459,12525735,12530560,9.819
2026-05-14 06:30:00,12532840,12545676,12530000,12542222,5.386
2026-05-14 06:45:00,12542365,12555772,12530138,12530895,6.462
2026-05-14 07:00:00,12533217,12544559,12503222,12531968,7.508
2026-05-14 07:15:00,12529357,12529859,12507154,12514594,2.276
2026-05-14 07:30:00,12513555,12528308,12500456,12527509,8.126
2026-05-14 07:45:00,12529781,12539915,12526545,12533129,3.368
2026-05-14 08:00:00,12534583,12547488,12522519,12527576,6.614
2026-05-14 08:15:00,12525222,12538094,12511457,12521643,5.692
2026-05-14 08:30:00,12525168,12530577,12507767,12517904,2.292
2026-05-14 08:45:00,12517597,12523063,12505904,12522868,2.944
2026-05-14 09:00:00,12524455,12556098,12520603,12554963,6.09
2026-05-14 09:15:00,12556904,12565540,12541355,12545343,8.748
2026-05-14 09:30:00,12546075,12575334,12546075,12574899,3.992
2026-05-14 09:45:00,12577593,12580814,12560640,12567483,3.528
2026-05-14 10:00:00,12565219,12585469,12561216,12573262,5.028
2026-05-14 10:15:00,12574022,12576487,12557299,12563692,2.594
2026-05-14 10:30:00,12564853,12569533,12538465,12553241,5.332
2026-05-14 10:45:00,12556003,12582243,12544806,12575444,4.216
2026-05-14 11:00:00,12575001,12582923,12569618,12570969,3.452
2026-05-14 11:15:00,12571060,12580778,12561329,12579767,4.53
2026-05-14 11:30:00,12578701,12580667,12560696,12569515,2.338
2026-05-14 11:45:00,12569304,12572787,12512716,12535694,7.438
2026-05-14 12:00:00,12535201,12552349,12502791,12521394,6.924
2026-05-14 12:15:00,12521394,12532630,12475120,12525316,13.91
2026-05-14 12:30:00,12526034,12541656,12504118,12510000,7.122
2026-05-14 12:45:00,12510765,12510769,12469039,12490312,13.63
2026-05-14 13:00:00,12490312,12511267,12473984,12506141,17.05
2026-05-14 13:15:00,12505713,12521591,12504598,12517802,3.542
2026-05-14 13:30:00,12516058,12529053,12514078,12527264,2.74
2026-05-14 13:45:00,12527251,12541455,12519641,12534105,3.942
2026-05-14 14:00:00,12536112,12547193,12531040,12535207,3.414
2026-05-14 14:15:00,12535444,12568445,12531922,12565677,6.898
2026-05-14 14:30:00,12563168,12593432,12562419,12580281,12.723
2026-05-14 14:45:00,12584000,12623726,12584000,12596986,13.703
2026-05-14 15:00:00,12598106,12618464,12595288,12614270,3.652
2026-05-14 15:15:00,12616200,12616200,12596113,12598160,3.06
2026-05-14 15:30:00,12594729,12609759,12586677,12604304,3.702
2026-05-14 15:45:00,12603490,12603729,12588655,12594424,2.466
2026-05-14 16:00:00,12590702,12600978,12578163,12585437,5.557
2026-05-14 16:15:00,12582782,12605108,12575920,12593211,4.666
2026-05-14 16:30:00,12594929,12616906,12594929,12610534,3.566
2026-05-14 16:45:00,12608506,12610172,12586571,12588694,5.331
2026-05-14 17:00:00,12589638,12614202,12572354,12605809,5.841
2026-05-14 17:15:00,12607326,12610421,12587902,12596678,3.428
2026-05-14 17:30:00,12594759,12620000,12594759,12612749,3.292
2026-05-14 17:45:00,12612749,12613789,12594409,12598321,6.461
2026-05-14 18:00:00,12599777,12613633,12597931,12603981,5.651
2026-05-14 18:15:00,12601089,12601516,12584130,12584220,5.796
2026-05-14 18:30:00,12583972,12586030,12561788,12575154,5.016
2026-05-14 18:45:00,12573903,12574848,12556221,12570983,4.366
2026-05-14 19:00:00,12566400,12585341,12560000,12566695,5.151
2026-05-14 19:15:00,12569268,12589026,12569240,12577256,2.262
2026-05-14 19:30:00,12575203,12578931,12533631,12542334,10.472
2026-05-14 19:45:00,12543110,12572454,12541433,12562166,3.082
2026-05-14 20:00:00,12562672,12568773,12548694,12552035,2.662
2026-05-14 20:15:00,12551836,12558857,12512989,12531266,8.693
2026-05-14 20:30:00,12529204,12540285,12517921,12520975,3.476
2026-05-14 20:45:00,12520679,12528614,12510606,12520000,6.684
2026-05-14 21:00:00,12519785,12542620,12515730,12535436,7.824
2026-05-14 21:15:00,12539309,12548413,12521736,12544495,5.05
2026-05-14 21:30:00,12543560,12587720,12539941,12587456,12.864
2026-05-14 21:45:00,12587209,12598602,12582649,12592720,7.088
2026-05-14 22:00:00,12595853,12620000,12588708,12615639,13.094
2026-05-14 22:15:00,12616622,12646356,12595798,12624450,16.95
2026-05-14 22:30:00,12626969,12632886,12590000,12600558,18.295
2026-05-14 22:45:00,12596884,12624298,12577874,12582545,34.03
2026-05-14 23:00:00,12580574,12624936,12560000,12616850,10.298
2026-05-14 23:15:00,12621075,12672240,12618515,12654568,16.878
2026-05-14 23:30:00,12655428,12694080,12647181,12684180,12.336
2026-05-14 23:45:00,12689664,12806733,12689664,12799513,35.221
2026-05-15 00:00:00,12801978,12835629,12777820,12802020,24.972
2026-05-15 00:15:00,12803834,12830993,12791426,12804994,8.258
2026-05-15 00:30:00,12807602,12816294,12774720,12807143,20.14
2026-05-15 00:45:00,12806089,12856756,12803840,12848196,19.728
2026-05-15 01:00:00,12852222,12901231,12852011,12898068,18.126
2026-05-15 01:15:00,12894973,12906514,12867120,12898040,8.919
2026-05-15 01:30:00,12902027,12912707,12866528,12896037,19.565
2026-05-15 01:45:00,12895270,12949900,12820649,12944061,30.353
2026-05-15 02:00:00,12943281,12976395,12925131,12928684,32.378
2026-05-15 02:15:00,12928684,12931394,12858775,12884648,24.414
2026-05-15 02:30:00,12886367,12928839,12884754,12915227,13.264
2026-05-15 02:45:00,12915227,12937413,12915227,12921492,5.72
2026-05-15 03:00:00,12916033,12947248,12886938,12946503,6.39
2026-05-15 03:15:00,12946751,12964470,12930802,12950366,10.856
2026-05-15 03:30:00,12950478,12950478,12895809,12898689,14.038
2026-05-15 03:45:00,12902151,12918803,12884573,12913187,7.796
2026-05-15 04:00:00,12908344,12929988,12900612,12902038,4.24
2026-05-15 04:15:00,12900904,12921961,12871190,12875327,8.864
2026-05-15 04:30:00,12879350,12898644,12875580,12894592,5.395
2026-05-15 04:45:00,12894100,12901788,12885813,12893604,4.77
2026-05-15 05:00:00,12895092,12926553,12886536,12886536,6.256
2026-05-15 05:15:00,12886535,12897593,12865049,12873424,8.602
2026-05-15 05:30:00,12874000,12878423,12855888,12870213,3.728
2026-05-15 05:45:00,12870816,12903789,12870816,12894594,5.368
2026-05-15 06:00:00,12894873,12905606,12872100,12876961,4.95
2026-05-15 06:15:00,12878174,12898512,12865358,12888284,5.562
2026-05-15 06:30:00,12886833,12901006,12885991,12894158,4.126
2026-05-15 06:45:00,12895675,12896053,12881158,12885707,2.977
2026-05-15 07:00:00,12887818,12906065,12879405,12906065,7.952
2026-05-15 07:15:00,12902969,12903913,12889011,12895791,5.081
2026-05-15 07:30:00,12894997,12911802,12892869,12906594,4.79
2026-05-15 07:45:00,12905409,12914153,12891815,12896366,7.109
2026-05-15 08:00:00,12896356,12896356,12858296,12872311,8.898
2026-05-15 08:15:00,12871377,12888952,12861596,12885443,5.042
2026-05-15 08:30:00,12885588,12887593,12862395,12863581,2.776
2026-05-15 08:45:00,12863837,12863837,12831653,12845318,13.478
2026-05-15 09:00:00,12843168,12900000,12842342,12900000,10.088
2026-05-15 09:15:00,12899756,12905311,12884845,12900215,6.824
2026-05-15 09:30:00,12901147,12935261,12873737,12884530,9.384
2026-05-15 09:45:00,12888614,12925242,12886326,12914198,6.826
2026-05-15 10:00:00,12916603,12927975,12911327,12917125,5.71
2026-05-15 10:15:00,12918513,12928041,12900000,12900886,6.556
2026-05-15 10:30:00,12900368,12911084,12870000,12894811,7.444
2026-05-15 10:45:00,12893096,12893946,12858034,12864353,5.966
2026-05-15 11:00:00,12864593,12877968,12823569,12836630,22.113
2026-05-15 11:15:00,12835495,12848556,12823123,12831014,6.074
2026-05-15 11:30:00,12833376,12855494,12800870,12847185,9.882
2026-05-15 11:45:00,12850729,12891027,12850469,12886828,10.002
2026-05-15 12:00:00,12885921,12891239,12858882,12874361,4.19
2026-05-15 12:15:00,12876668,12882101,12863852,12880482,4.312
2026-05-15 12:30:00,12880482,12882385,12831469,12840938,12.171
2026-05-15 12:45:00,12839183,12857516,12836733,12850466,2.574
2026-05-15 13:00:00,12849779,12856149,12833254,12840905,2.906
2026-05-15 13:15:00,12843773,12848952,12821612,12827696,7.338
2026-05-15 13:30:00,12825958,12847145,12824289,12837930,3.794
2026-05-15 13:45:00,12832479,12837891,12800000,12802005,6.135
2026-05-15 14:00:00,12803260,12821200,12790334,12818939,8.436
2026-05-15 14:15:00,12817087,12828913,12808815,12814814,4.401
2026-05-15 14:30:00,12815040,12816900,12739629,12763431,23.339
2026-05-15 14:45:00,12761998,12781225,12741969,12751624,6.402
2026-05-15 15:00:00,12751624,12770170,12743261,12757553,6.11
2026-05-15 15:15:00,12758719,12778361,12741828,12778361,9.972
2026-05-15 15:30:00,12778155,12790400,12765089,12782222,4.643
2026-05-15 15:45:00,12782513,12786960,12773923,12776858,5.424
2026-05-15 16:00:00,12778753,12808656,12771376,12804814,5.398
2026-05-15 16:15:00,12807578,12842480,12797530,12828549,12.974
2026-05-15 16:30:00,12825085,12830650,12799273,12812360,4.555
2026-05-15 16:45:00,12811192,12825563,12808369,12818253,3.704
2026-05-15 17:00:00,12820171,12820171,12795928,12806854,3.322
2026-05-15 17:15:00,12803110,12803110,12774947,12778781,6.442
2026-05-15 17:30:00,12777025,12804515,12759485,12800755,6.014
2026-05-15 17:45:00,12796173,12804200,12785061,12799343,1.946
2026-05-15 18:00:00,12800000,12805052,12784390,12787393,5.142
2026-05-15 18:15:00,12787120,12789415,12764362,12784917,5.122
2026-05-15 18:30:00,12782933,12794776,12763031,12763259,4.459
2026-05-15 18:45:00,12764219,12774735,12752891,12774299,6.262
2026-05-15 19:00:00,12774549,12790000,12761063,12788015,8.418
2026-05-15 19:15:00,12786160,12788517,12771974,12775488,3.728
2026-05-15 19:30:00,12776277,12786812,12764647,12777252,4.89
2026-05-15 19:45:00,12778286,12807458,12777237,12799677,6.918
2026-05-15 20:00:00,12802147,12808906,12784007,12795909,2.72
2026-05-15 20:15:00,12797185,12803002,12784335,12794248,4.154
2026-05-15 20:30:00,12793119,12800820,12790810,12800820,2.968
2026-05-15 20:45:00,12801656,12810000,12795015,12799243,6.648
2026-05-15 21:00:00,12797042,12800185,12764076,12767902,13.482
2026-05-15 21:15:00,12763571,12788502,12756891,12778971,11.134
2026-05-15 21:30:00,12780029,12785360,12759557,12759792,9.798
2026-05-15 21:45:00,12758607,12764980,12745925,12753695,5.128
2026-05-15 22:00:00,12751962,12751962,12706244,12720959,29.97
2026-05-15 22:15:00,12720000,12730030,12700000,12701918,6.962
2026-05-15 22:30:00,12701714,12702591,12563905,12567861,40.756
2026-05-15 22:45:00,12571422,12591600,12494721,12501938,49.146
2026-05-15 23:00:00,12502156,12597427,12488150,12585197,28.837
2026-05-15 23:15:00,12582984,12592404,12543692,12554169,14.614
2026-05-15 23:30:00,12559547,12587226,12540516,12575954,8.268
2026-05-15 23:45:00,12577698,12591098,12539089,12563094,8.96
2026-05-16 00:00:00,12563728,12591448,12553242,12579625,10.545
2026-05-16 00:15:00,12576998,12605040,12562325,12569323,10.922
2026-05-16 00:30:00,12572758,12584666,12560000,12562731,8.455
2026-05-16 00:45:00,12562888,12589288,12549614,12570504,10.522
2026-05-16 01:00:00,12571855,12586281,12567469,12578363,5.458
2026-05-16 01:15:00,12576704,12596367,12571626,12594616,10.795
2026-05-16 01:30:00,12596437,12606964,12587034,12593705,7.228
2026-05-16 01:45:00,12589878,12602044,12573360,12591011,5.97
2026-05-16 02:00:00,12592346,12604271,12583424,12583855,7.363
2026-05-16 02:15:00,12587311,12616052,12580137,12605424,9.204
2026-05-16 02:30:00,12603515,12623128,12603515,12606597,9.816
2026-05-16 02:45:00,12607980,12625562,12604518,12621176,2.686
2026-05-16 03:00:00,12622123,12640780,12615483,12625517,6.661
2026-05-16 03:15:00,12622575,12622575,12581370,12591893,4.431
2026-05-16 03:30:00,12591893,12600362,12578687,12595946,3.531
2026-05-16 03:45:00,12593532,12601636,12582677,12594040,2.784
2026-05-16 04:00:00,12593244,12593244,12555507,12563040,11.044
2026-05-16 04:15:00,12564388,12572624,12561496,12563198,5.317
2026-05-16 04:30:00,12565313,12576293,12560269,12566353,2.218
2026-05-16 04:45:00,12566850,12576328,12564989,12571916,3.736
2026-05-16 05:00:00,12570105,12583840,12563396,12571099,3.942
2026-05-16 05:15:00,12571532,12576429,12562839,12576429,1.746
2026-05-16 05:30:00,12577704,12582297,12557876,12559622,3.828
2026-05-16 05:45:00,12559772,12569861,12546944,12567072,3.86
2026-05-16 06:00:00,12566892,12580235,12565009,12577032,4.832
2026-05-16 06:15:00,12578286,12580589,12564820,12566677,2.782
2026-05-16 06:30:00,12566080,12570425,12561327,12570341,2.924
2026-05-16 06:45:00,12572260,12574608,12534599,12544419,7.662
2026-05-16 07:00:00,12547157,12564209,12547157,12559461,1.78
2026-05-16 07:15:00,12556818,12562468,12546240,12558075,1.762
2026-05-16 07:30:00,12561924,12570541,12556820,12566764,1.424
2026-05-16 07:45:00,12566270,12569798,12559331,12565600,1.908
2026-05-16 08:00:00,12565013,12570990,12561500,12565158,0.978
2026-05-16 08:15:00,12562798,12572252,12557779,12562963,2.014
2026-05-16 08:30:00,12562840,12566892,12556757,12563575,2.697
2026-05-16 08:45:00,12563769,12567451,12560461,12563595,1.746
2026-05-16 09:00:00,12567533,12567568,12567533,12567568,0.046
2026-05-16 11:00:00,12567533,12583760,12559680,12571058,6.722
2026-05-16 11:15:00,12573628,12575400,12566000,12568880,1.51
2026-05-16 11:30:00,12568880,12570337,12558244,12561311,3.847
2026-05-16 11:45:00,12561023,12572015,12560240,12570744,1.628
2026-05-16 12:00:00,12568865,12576450,12564025,12572136,2.182
2026-05-16 12:15:00,12570821,12574675,12566960,12572693,1.784
2026-05-16 12:30:00,12573639,12573639,12561920,12563657,1.523
2026-05-16 12:45:00,12562071,12568984,12558056,12563143,1.146
2026-05-16 13:00:00,12560791,12568250,12555230,12561493,3.612
2026-05-16 13:15:00,12562905,12564465,12555486,12556498,0.864
2026-05-16 13:30:00,12556498,12556499,12529033,12545068,4.032
2026-05-16 13:45:00,12545000,12551899,12541341,12551586,1.958
2026-05-16 14:00:00,12552336,12554642,12536763,12553667,2.882
2026-05-16 14:15:00,12551159,12554891,12550656,12552500,0.374
2026-05-16 14:30:00,12549479,12553520,12541342,12545612,7.702
2026-05-16 14:45:00,12546998,12551578,12541268,12551578,2.604
2026-05-16 15:00:00,12552944,12556879,12534486,12539520,3.268
2026-05-16 15:15:00,12539085,12539508,12515000,12518603,7.046
2026-05-16 15:30:00,12518007,12530682,12504809,12507600,6.414
2026-05-16 15:45:00,12506897,12512109,12468000,12490953,32.376
2026-05-16 16:00:00,12487980,12490176,12400080,12429759,23.429
2026-05-16 16:15:00,12432492,12470422,12395040,12456491,13.825
2026-05-16 16:30:00,12456382,12475078,12440241,12463283,4.315
2026-05-16 16:45:00,12464960,12466081,12439549,12444320,3.019
2026-05-16 17:00:00,12441925,12460514,12436694,12456976,2.518
2026-05-16 17:15:00,12456349,12456545,12445000,12449823,1.48
2026-05-16 17:30:00,12453000,12472459,12453000,12460070,5.748
2026-05-16 17:45:00,12459519,12461077,12442640,12450903,3.928
2026-05-16 18:00:00,12450760,12454413,12421920,12424973,5.154
2026-05-16 18:15:00,12426308,12427458,12366688,12395801,19.363
2026-05-16 18:30:00,12398784,12414477,12395613,12404150,3.097
2026-05-16 18:45:00,12405671,12417203,12384424,12396942,7.244
2026-05-16 19:00:00,12396812,12401730,12353742,12372160,11.244
2026-05-16 19:15:00,12369067,12381113,12327565,12347115,20.349
2026-05-16 19:30:00,12347125,12386046,12347115,12368605,12.186
2026-05-16 19:45:00,12367979,12382210,12365429,12374383,4.739
2026-05-16 20:00:00,12378840,12406647,12378840,12398588,8.149
2026-05-16 20:15:00,12397776,12409231,12392742,12403604,3.528
2026-05-16 20:30:00,12404740,12420449,12399135,12412056,7.018
2026-05-16 20:45:00,12411674,12412518,12392844,12397745,4.084
2026-05-16 21:00:00,12395676,12403537,12390000,12398358,5.178
2026-05-16 21:15:00,12397785,12397785,12368978,12383601,5.382
2026-05-16 21:30:00,12380822,12397245,12377187,12394414,5.062
2026-05-16 21:45:00,12394414,12403989,12382160,12382160,5.447
2026-05-16 22:00:00,12382393,12387504,12364223,12370602,3.785
2026-05-16 22:15:00,12368920,12381033,12362561,12378238,3.665
2026-05-16 22:30:00,12380746,12381315,12355744,12365857,3.716
2026-05-16 22:45:00,12369526,12385984,12363873,12385984,2.416
2026-05-16 23:00:00,12387004,12392093,12367577,12382360,4.224
2026-05-16 23:15:00,12380581,12397280,12372081,12387347,3.104
2026-05-16 23:30:00,12388839,12423545,12388839,12421548,7.389
2026-05-16 23:45:00,12422044,12439840,12398291,12408347,11.225
2026-05-17 00:00:00,12408795,12424619,12399312,12408554,4.489
2026-05-17 00:15:00,12407620,12418851,12402568,12408001,3.931
2026-05-17 00:30:00,12408409,12426469,12408409,12424000,6.929
2026-05-17 00:45:00,12423013,12431101,12422518,12425507,4.702
2026-05-17 01:00:00,12423544,12449920,12415677,12423040,10.214
2026-05-17 01:15:00,12425604,12440511,12420000,12432830,2.892
2026-05-17 01:30:00,12432700,12436343,12407826,12413511,4.016
2026-05-17 01:45:00,12415088,12423000,12412668,12418686,1.536
2026-05-17 02:00:00,12420483,12429122,12417749,12422864,2.06
2026-05-17 02:15:00,12425960,12436239,12420498,12431085,2.61
2026-05-17 02:30:00,12430278,12434791,12425994,12426507,2.778
2026-05-17 02:45:00,12425845,12434382,12416154,12419768,1.744
2026-05-17 03:00:00,12416781,12424777,12410736,12416075,1.34
2026-05-17 03:15:00,12420222,12420222,12407982,12417792,1.29
2026-05-17 03:30:00,12418302,12431149,12415175,12424320,2.924
2026-05-17 03:45:00,12424420,12438362,12420270,12422496,2.888
2026-05-17 04:00:00,12422343,12427538,12417256,12423279,1.15
2026-05-17 04:15:00,12423000,12430080,12418508,12425459,0.698
2026-05-17 04:30:00,12427941,12432562,12424699,12426936,1.17
2026-05-17 04:45:00,12428118,12434674,12418791,12425021,2.202
2026-05-17 05:00:00,12426208,12433297,12423141,12431415,1.07
2026-05-17 05:15:00,12431392,12435342,12427000,12430487,1.146
2026-05-17 05:30:00,12424177,12429166,12416355,12422660,1.856
2026-05-17 05:45:00,12421516,12426721,12417484,12425614,3.168
2026-05-17 06:00:00,12421529,12435920,12420324,12434563,3.16
2026-05-17 06:15:00,12433317,12433317,12421033,12426536,1.726
2026-05-17 06:30:00,12429110,12434048,12417158,12432121,2.872
2026-05-17 06:45:00,12431222,12436623,12423587,12428938,2.608
2026-05-17 07:00:00,12426232,12429770,12414057,12424888,3.578
2026-05-17 07:15:00,12424828,12431402,12424828,12426491,1.144
2026-05-17 07:30:00,12426491,12428515,12419917,12421196,1.736
2026-05-17 07:45:00,12421196,12422010,12414335,12414335,1.616
2026-05-17 08:00:00,12414961,12418964,12410000,12413822,2.0
2026-05-17 08:15:00,12414248,12428054,12414248,12420833,2.972
2026-05-17 08:30:00,12419885,12424987,12413602,12417171,1.028
2026-05-17 08:45:00,12417841,12422657,12403586,12406698,5.054
2026-05-17 09:00:00,12405827,12421955,12405827,12415527,3.488
2026-05-17 09:15:00,12414404,12417622,12403586,12414763,3.358
2026-05-17 09:30:00,12412003,12422096,12402412,12405224,1.936
2026-05-17 09:45:00,12407076,12409116,12352434,12375504,7.085
2026-05-17 10:00:00,12375463,12401804,12352066,12392957,6.907
2026-05-17 10:15:00,12396039,12397744,12367583,12377306,2.883
2026-05-17 10:30:00,12379001,12385032,12340000,12347810,9.302
2026-05-17 10:45:00,12348703,12367631,12341948,12346904,4.434
2026-05-17 11:00:00,12345037,12375273,12342711,12364490,4.35
2026-05-17 11:15:00,12366600,12375139,12362486,12371786,1.476
2026-05-17 11:30:00,12372677,12378936,12364906,12373657,2.758
2026-05-17 11:45:00,12373686,12376462,12360320,12368426,13.356
2026-05-17 12:00:00,12368430,12385947,12365203,12379111,3.69
2026-05-17 12:15:00,12379133,12389563,12378826,12386440,3.37
2026-05-17 12:30:00,12388275,12399121,12384812,12393232,2.0
2026-05-17 12:45:00,12390001,12403374,12388353,12393023,1.394
2026-05-17 13:00:00,12391062,12401641,12389623,12394788,4.58
2026-05-17 13:15:00,12394999,12411334,12394999,12407334,2.21
2026-05-17 13:30:00,12403958,12421622,12398501,12418965,4.382
2026-05-17 13:45:00,12417048,12422814,12411648,12415403,2.022
2026-05-17 14:00:00,12412027,12442429,12411620,12424222,6.168
2026-05-17 14:15:00,12421730,12425701,12411689,12413023,3.598
2026-05-17 14:30:00,12411907,12414877,12406266,12406266,2.54
2026-05-17 14:45:00,12406900,12412078,12394611,12398745,7.86
2026-05-17 15:00:00,12398744,12416638,12397464,12412522,3.328
2026-05-17 15:15:00,12413041,12414972,12381600,12388954,3.316
2026-05-17 15:30:00,12392504,12401705,12382720,12382720,4.091
2026-05-17 15:45:00,12387064,12394957,12382851,12393587,0.846
2026-05-17 16:00:00,12394993,12395519,12388596,12392889,1.076
2026-05-17 16:15:00,12393979,12401119,12386640,12397262,1.369
2026-05-17 16:30:00,12396756,12410836,12396339,12404215,2.973
2026-05-17 16:45:00,12403001,12410153,12401315,12406270,2.013
2026-05-17 17:00:00,12407395,12409232,12398960,12399518,2.293
2026-05-17 17:15:00,12400283,12402844,12388320,12389470,1.942
2026-05-17 17:30:00,12389371,12396044,12381045,12392577,1.492
2026-05-17 17:45:00,12394075,12395938,12389108,12390094,2.13
2026-05-17 18:00:00,12393837,12403989,12390845,12401032,1.254
2026-05-17 18:15:00,12399394,12405316,12395976,12405316,1.69
2026-05-17 18:30:00,12404449,12404619,12397071,12400696,1.38
2026-05-17 18:45:00,12402700,12429344,12401669,12421718,3.158
2026-05-17 19:00:00,12425825,12472227,12422205,12457000,12.7
2026-05-17 19:15:00,12458304,12476224,12446896,12467413,12.671
2026-05-17 19:30:00,12458447,12467000,12448737,12457270,2.68
2026-05-17 19:45:00,12457661,12459936,12448000,12455639,2.584
2026-05-17 20:00:00,12453899,12458124,12437000,12438000,8.744
2026-05-17 20:15:00,12438000,12441266,12427900,12434210,8.151
2026-05-17 20:30:00,12433953,12450000,12424975,12445307,2.902
2026-05-17 20:45:00,12447074,12451756,12437600,12441048,0.991
2026-05-17 21:00:00,12444339,12450802,12437600,12441153,1.507
2026-05-17 21:15:00,12441483,12448344,12433443,12447318,2.288
2026-05-17 21:30:00,12446482,12465193,12443343,12454929,4.484
2026-05-17 21:45:00,12454661,12456226,12430320,12439366,4.795
2026-05-17 22:00:00,12437440,12437500,12415818,12418765,6.721
2026-05-17 22:15:00,12418163,12426835,12406800,12424084,4.043
2026-05-17 22:30:00,12425564,12434521,12416475,12419848,2.854
2026-05-17 22:45:00,12420251,12425322,12407787,12410991,2.312
2026-05-17 23:00:00,12414085,12416054,12391891,12395939,5.148
2026-05-17 23:15:00,12393552,12400000,12358717,12387169,6.361
2026-05-17 23:30:00,12389613,12393966,12373847,12384325,2.06
2026-05-17 23:45:00,12385950,12398348,12384870,12392134,1.102
2026-05-18 00:00:00,12389611,12404788,12383251,12396944,3.634
2026-05-18 00:15:00,12394659,12397475,12369761,12389227,6.413
2026-05-18 00:30:00,12388023,12399726,12381050,12392000,7.926
2026-05-18 00:45:00,12390443,12396830,12387456,12395313,1.022
2026-05-18 01:00:00,12396628,12405509,12395077,12396729,1.096
2026-05-18 01:15:00,12392290,12410000,12392289,12408154,0.896
2026-05-18 01:30:00,12408403,12416781,12404428,12413977,1.31
2026-05-18 01:45:00,12412871,12412871,12387210,12387210,4.642
2026-05-18 02:00:00,12389833,12392443,12366548,12372951,3.867
2026-05-18 02:15:00,12373087,12381790,12361794,12381790,3.948
2026-05-18 02:30:00,12382791,12391000,12370271,12389445,1.534
2026-05-18 02:45:00,12393438,12400000,12388705,12398075,1.538
2026-05-18 03:00:00,12395946,12422527,12395946,12405295,2.7
2026-05-18 03:15:00,12406794,12408857,12384411,12406882,1.77
2026-05-18 03:30:00,12404618,12411724,12402749,12404461,1.494
2026-05-18 03:45:00,12403277,12429735,12403277,12427447,1.616
2026-05-18 04:00:00,12429050,12432325,12418679,12423942,2.278
2026-05-18 04:15:00,12426712,12431461,12417345,12420822,1.384
2026-05-18 04:30:00,12422000,12449883,12418040,12442212,2.578
2026-05-18 04:45:00,12442212,12456653,12438060,12446740,3.238
2026-05-18 05:00:00,12450282,12450304,12434800,12436246,1.138
2026-05-18 05:15:00,12436246,12436775,12421873,12428130,2.084
2026-05-18 05:30:00,12428629,12437420,12418829,12428121,2.956
2026-05-18 05:45:00,12425425,12426929,12419896,12419896,2.338
2026-05-18 06:00:00,12418829,12425000,12414940,12422672,4.036
2026-05-18 06:15:00,12423595,12446507,12417598,12441521,6.816
2026-05-18 06:30:00,12445000,12453035,12433620,12448029,8.293
2026-05-18 06:45:00,12446303,12453725,12440000,12441967,2.392
2026-05-18 07:00:00,12440365,12443945,12372088,12401927,16.088
2026-05-18 07:15:00,12403766,12406377,12375012,12388392,3.768
2026-05-18 07:30:00,12382692,12404408,12374394,12390649,5.296
2026-05-18 07:45:00,12391708,12391765,12360000,12385403,12.112
2026-05-18 08:00:00,12387706,12387852,12351257,12368649,6.45
2026-05-18 08:15:00,12364833,12382276,12339273,12360158,6.042
2026-05-18 08:30:00,12360158,12373264,12198151,12268698,42.03
2026-05-18 08:45:00,12272378,12323360,12250015,12302000,15.857
2026-05-18 09:00:00,12299822,12302217,12208561,12259192,19.371
2026-05-18 09:15:00,12258248,12278482,12236000,12251277,6.569
2026-05-18 09:30:00,12248202,12262373,12222006,12238065,5.566
2026-05-18 09:45:00,12231916,12272670,12223728,12267673,7.47
2026-05-18 10:00:00,12267587,12282559,12248493,12251332,9.608
2026-05-18 10:15:00,12245759,12246186,12210000,12217200,13.007
2026-05-18 10:30:00,12217200,12227032,12194411,12213697,8.291
2026-05-18 10:45:00,12207836,12259087,12200000,12251348,5.472
2026-05-18 11:00:00,12253642,12271500,12244093,12261110,5.687
2026-05-18 11:15:00,12259896,12264901,12230000,12239621,4.07
2026-05-18 11:30:00,12237718,12240255,12205006,12210204,4.53
2026-05-18 11:45:00,12213601,12223196,12186784,12208560,8.394
2026-05-18 12:00:00,12208252,12235333,12207100,12214455,6.822
2026-05-18 12:15:00,12215691,12235000,12209247,12228198,5.382
2026-05-18 12:30:00,12227374,12241600,12205568,12236930,10.178
2026-05-18 12:45:00,12236101,12241507,12222881,12232614,4.811
2026-05-18 13:00:00,12233333,12249353,12224177,12245788,14.917
2026-05-18 13:15:00,12244718,12248486,12206243,12212590,4.967
2026-05-18 13:30:00,12211784,12238325,12206642,12238325,3.991
2026-05-18 13:45:00,12240154,12250000,12225360,12244960,4.301
2026-05-18 14:00:00,12246096,12258023,12240697,12246080,5.679
2026-05-18 14:15:00,12246184,12250593,12231082,12244363,1.894
2026-05-18 14:30:00,12249001,12251710,12222560,12225068,5.827
2026-05-18 14:45:00,12226838,12235611,12222771,12227598,5.531
2026-05-18 15:00:00,12225647,12231610,12169360,12214720,14.065
2026-05-18 15:15:00,12215376,12229768,12184926,12191426,7.033
2026-05-18 15:30:00,12189944,12208891,12178393,12205000,5.791
2026-05-18 15:45:00,12210000,12225000,12205483,12217723,4.095
2026-05-18 16:00:00,12221005,12233414,12215390,12229223,6.61
2026-05-18 16:15:00,12227161,12241476,12202960,12234848,7.674
2026-05-18 16:30:00,12233905,12237797,12219200,12224642,4.851
2026-05-18 16:45:00,12227566,12245000,12227566,12245000,4.35
2026-05-18 17:00:00,12245000,12261406,12235314,12237052,5.701
2026-05-18 17:15:00,12236895,12239019,12218775,12226268,2.666
2026-05-18 17:30:00,12224617,12226298,12209449,12222194,2.833
2026-05-18 17:45:00,12219865,12230764,12215555,12230764,2.923
2026-05-18 18:00:00,12230944,12235180,12212258,12214137,3.188
2026-05-18 18:15:00,12213402,12224673,12211433,12223706,2.23
2026-05-18 18:30:00,12220340,12230319,12212981,12218165,2.172
2026-05-18 18:45:00,12218995,12224523,12213040,12219847,9.86
2026-05-18 19:00:00,12222260,12222999,12192907,12195540,6.921
2026-05-18 19:15:00,12192303,12205378,12183000,12201151,7.79
2026-05-18 19:30:00,12204047,12207960,12192613,12199863,6.642
2026-05-18 19:45:00,12199327,12218403,12194533,12194533,3.234
2026-05-18 20:00:00,12196977,12199523,12181727,12195828,3.546
2026-05-18 20:15:00,12194708,12211047,12194366,12201734,4.804
2026-05-18 20:30:00,12205159,12280000,12197065,12271247,15.707
2026-05-18 20:45:00,12273435,12274213,12253360,12268799,7.657
2026-05-18 21:00:00,12272879,12297543,12265321,12284458,14.067
2026-05-18 21:15:00,12287759,12309622,12269383,12276733,9.896
2026-05-18 21:30:00,12279619,12330000,12269168,12328163,9.521
2026-05-18 21:45:00,12328822,12338041,12307778,12315653,12.745
2026-05-18 22:00:00,12316276,12316506,12286818,12290574,8.753
2026-05-18 22:15:00,12290000,12292861,12258239,12258239,7.93
2026-05-18 22:30:00,12258240,12264106,12173840,12188957,21.597
2026-05-18 22:45:00,12189142,12234396,12163200,12208080,18.759
2026-05-18 23:00:00,12208361,12220000,12177682,12183562,16.075
2026-05-18 23:15:00,12181142,12200610,12138000,12171009,28.226
2026-05-18 23:30:00,12171261,12181168,12110000,12148876,16.465
2026-05-18 23:45:00,12150862,12152939,12119483,12133000,12.206
2026-05-19 00:00:00,12133213,12135473,12085930,12120927,21.574
2026-05-19 00:15:00,12116000,12118990,12083249,12087133,28.004
2026-05-19 00:30:00,12083249,12128338,12076385,12116769,14.891
2026-05-19 00:45:00,12120442,12140366,12110749,12129221,4.438
2026-05-19 01:00:00,12129637,12154567,12101619,12142064,8.486
2026-05-19 01:15:00,12144745,12165914,12101748,12115786,9.668
2026-05-19 01:30:00,12114421,12149985,12107299,12140965,3.098
2026-05-19 01:45:00,12140766,12149950,12129813,12135319,11.52
2026-05-19 02:00:00,12136533,12169848,12130100,12155960,6.956
2026-05-19 02:15:00,12158000,12179328,12158000,12174262,5.22
2026-05-19 02:30:00,12176626,12177361,12156126,12172562,2.994
2026-05-19 02:45:00,12173219,12185815,12170264,12179811,4.844
2026-05-19 03:00:00,12181772,12181772,12144718,12146901,3.638
2026-05-19 03:15:00,12145473,12147605,12103913,12136401,12.127
2026-05-19 03:30:00,12134141,12143488,12118249,12127419,5.836
2026-05-19 03:45:00,12129891,12141118,12116719,12120728,2.808
2026-05-19 04:00:00,12120295,12211060,12118222,12163058,27.67
2026-05-19 04:15:00,12171773,12180840,12157083,12172588,3.738
2026-05-19 04:30:00,12166802,12214343,12165438,12209435,7.626
2026-05-19 04:45:00,12208711,12224204,12202119,12214861,6.536
2026-05-19 05:00:00,12216931,12236945,12202386,12233295,5.098
2026-05-19 05:15:00,12232079,12248560,12230661,12247131,4.106
2026-05-19 05:30:00,12245808,12253402,12211542,12213559,11.559
2026-05-19 05:45:00,12215172,12230045,12201201,12209287,8.12
2026-05-19 06:00:00,12209236,12225965,12191870,12209684,8.147
2026-05-19 06:15:00,12211611,12233258,12211611,12226781,3.863
2026-05-19 06:30:00,12224669,12250000,12213660,12220672,5.532
2026-05-19 06:45:00,12224316,12239885,12217943,12234525,3.784
2026-05-19 07:00:00,12238994,12248783,12226493,12244301,4.462
2026-05-19 07:15:00,12242813,12257570,12236687,12243641,3.226
2026-05-19 07:30:00,12247755,12250850,12229423,12233776,5.994
2026-05-19 07:45:00,12233913,12241515,12215936,12241515,8.202
2026-05-19 08:00:00,12237041,12251121,12236619,12238955,4.02
2026-05-19 08:15:00,12238567,12243464,12230397,12232265,2.54
2026-05-19 08:30:00,12231328,12243495,12224823,12243495,1.456
2026-05-19 08:45:00,12242600,12242600,12218694,12231479,4.287
2026-05-19 09:00:00,12232206,12255707,12223032,12247156,5.096
2026-05-19 09:15:00,12247156,12294780,12243765,12266664,7.624
2026-05-19 09:30:00,12268517,12275528,12254457,12265179,2.396
2026-05-19 09:45:00,12264139,12281104,12258471,12260465,3.32
2026-05-19 10:00:00,12259461,12261835,12242651,12253165,6.968
2026-05-19 10:15:00,12255814,12255814,12188890,12202891,16.067
2026-05-19 10:30:00,12199513,12229840,12182992,12210842,9.839
2026-05-19 10:45:00,12213056,12213056,12184668,12186169,3.874
2026-05-19 11:00:00,12185000,12195210,12153754,12193218,6.948
2026-05-19 11:15:00,12193218,12236967,12187684,12211751,5.496
2026-05-19 11:30:00,12211564,12213090,12196418,12199895,5.124
2026-05-19 11:45:00,12200750,12203154,12174060,12177918,4.309
2026-05-19 12:00:00,12174375,12201840,12171463,12200057,5.14
2026-05-19 12:15:00,12201804,12216400,12187126,12194265,3.863
2026-05-19 12:30:00,12196829,12213444,12194653,12213444,1.52
2026-05-19 12:45:00,12211843,12216374,12199019,12203589,1.026
2026-05-19 13:00:00,12202931,12224923,12192833,12216843,6.254
2026-05-19 13:15:00,12213438,12214858,12186383,12192970,2.028
2026-05-19 13:30:00,12195896,12219924,12195896,12217935,2.588
2026-05-19 13:45:00,12220318,12230959,12215819,12227329,6.818
2026-05-19 14:00:00,12227687,12232209,12212801,12216448,3.637
2026-05-19 14:15:00,12219891,12219891,12184632,12213528,5.562
2026-05-19 14:30:00,12213019,12241600,12203836,12222837,5.307
2026-05-19 14:45:00,12225910,12237464,12221117,12228947,2.459
2026-05-19 15:00:00,12227525,12244105,12226235,12238331,11.053
2026-05-19 15:15:00,12238669,12245755,12231207,12240566,6.408
2026-05-19 15:30:00,12246816,12256681,12226474,12251519,6.956
2026-05-19 15:45:00,12250328,12255856,12243769,12245616,3.294
2026-05-19 16:00:00,12244165,12269996,12240530,12267995,7.742
2026-05-19 16:15:00,12269460,12285605,12261284,12265232,10.14
2026-05-19 16:30:00,12266648,12287407,12260630,12283575,4.27
2026-05-19 16:45:00,12283577,12285729,12271973,12276905,4.388
2026-05-19 17:00:00,12276215,12278950,12249067,12259185,5.292
2026-05-19 17:15:00,12261260,12271923,12237555,12254761,5.463
2026-05-19 17:30:00,12252048,12291096,12245484,12270283,6.315
2026-05-19 17:45:00,12270347,12275000,12251344,12252918,2.319
2026-05-19 18:00:00,12253528,12258000,12245997,12250499,2.29
2026-05-19 18:15:00,12251083,12251083,12197877,12208251,8.3
2026-05-19 18:30:00,12207022,12225235,12199855,12211648,4.246
2026-05-19 18:45:00,12211648,12217751,12203887,12214665,2.454
2026-05-19 19:00:00,12212025,12221602,12203712,12209629,5.556
2026-05-19 19:15:00,12209949,12214841,12199625,12213015,2.654
2026-05-19 19:30:00,12214322,12243752,12206336,12209894,12.162
2026-05-19 19:45:00,12211104,12258000,12201605,12249519,9.853
2026-05-19 20:00:00,12249186,12255169,12238000,12242086,3.008
2026-05-19 20:15:00,12242320,12247694,12219986,12224010,4.026
2026-05-19 20:30:00,12225459,12227107,12184521,12190619,4.844
2026-05-19 20:45:00,12190753,12206568,12188604,12200053,2.63
2026-05-19 21:00:00,12199913,12208593,12189840,12204245,2.314
2026-05-19 21:15:00,12206442,12217569,12205000,12217166,3.31
2026-05-19 21:30:00,12218766,12230258,12204793,12210902,24.964
2026-05-19 21:45:00,12213530,12230799,12210012,12227711,3.9
2026-05-19 22:00:00,12228582,12235940,12201339,12220325,7.296
2026-05-19 22:15:00,12217654,12221122,12178880,12183097,8.875
2026-05-19 22:30:00,12189470,12250000,12179015,12196740,11.994
2026-05-19 22:45:00,12195926,12240100,12195663,12216903,7.737
2026-05-19 23:00:00,12213661,12237766,12185652,12185652,11.463
2026-05-19 23:15:00,12185238,12190531,12136353,12160803,14.345
2026-05-19 23:30:00,12162646,12190000,12131945,12166301,13.542
2026-05-19 23:45:00,12164659,12168970,12113194,12150085,9.111
2026-05-20 00:00:00,12146840,12182000,12140825,12180221,8.172
2026-05-20 00:15:00,12180745,12192161,12153413,12160858,6.236
2026-05-20 00:30:00,12166564,12193487,12156210,12165072,6.302
2026-05-20 00:45:00,12166921,12177402,12152504,12167379,1.484
2026-05-20 01:00:00,12168136,12176691,12137000,12141957,7.425
2026-05-20 01:15:00,12145211,12170500,12145211,12167724,4.466
2026-05-20 01:30:00,12169293,12192251,12169293,12186000,5.268
2026-05-20 01:45:00,12190000,12206732,12182806,12200271,4.887
2026-05-20 02:00:00,12202855,12215102,12198208,12211729,3.232
2026-05-20 02:15:00,12212090,12222985,12199057,12199986,2.358
2026-05-20 02:30:00,12201477,12223486,12185127,12205492,4.844
2026-05-20 02:45:00,12202183,12202183,12180620,12198105,3.858
2026-05-20 03:00:00,12196211,12215455,12189186,12209057,3.708
2026-05-20 03:15:00,12208228,12218450,12192159,12194884,2.667
2026-05-20 03:30:00,12195069,12210592,12190103,12207777,1.43
2026-05-20 03:45:00,12209729,12218837,12202669,12203373,2.554
2026-05-20 04:00:00,12204354,12242229,12204354,12239998,5.102
2026-05-20 04:15:00,12240360,12242307,12198781,12207340,3.73
2026-05-20 04:30:00,12209848,12223126,12201750,12212967,2.486
2026-05-20 04:45:00,12213551,12214349,12199216,12203196,3.56
2026-05-20 05:00:00,12208426,12228276,12208426,12227638,2.77
2026-05-20 05:15:00,12227256,12229578,12220642,12223736,2.27
2026-05-20 05:30:00,12226098,12234306,12225679,12229200,2.386
2026-05-20 05:45:00,12227363,12242734,12225757,12240731,2.676
2026-05-20 06:00:00,12238800,12241274,12228557,12235136,2.135
2026-05-20 06:15:00,12239620,12246254,12233149,12238483,3.223
2026-05-20 06:30:00,12236985,12246665,12235428,12242529,0.828
2026-05-20 06:45:00,12241610,12243906,12235793,12242234,0.574
2026-05-20 07:00:00,12233761,12233761,12201541,12205000,8.037
2026-05-20 07:15:00,12203695,12206606,12183660,12189450,6.684
2026-05-20 07:30:00,12190050,12208767,12188519,12200140,2.526
2026-05-20 07:45:00,12201175,12202438,12191617,12194363,1.348
2026-05-20 08:00:00,12192996,12208206,12186056,12203133,3.028
2026-05-20 08:15:00,12203369,12218356,12202245,12216664,1.802
2026-05-20 08:30:00,12218059,12228718,12214476,12217254,3.266
2026-05-20 08:45:00,12220665,12222242,12203790,12207587,3.75
2026-05-20 09:00:00,12208320,12218281,12166000,12171914,7.154
2026-05-20 09:15:00,12172000,12187200,12160015,12183898,5.587
2026-05-20 09:30:00,12185333,12208990,12177045,12190783,2.871
2026-05-20 09:45:00,12193618,12197958,12183249,12194163,1.48
2026-05-20 10:00:00,12196006,12219576,12185600,12209756,4.694
2026-05-20 10:15:00,12210362,12216467,12167462,12171198,5.592
2026-05-20 10:30:00,12174650,12190320,12165000,12173455,4.168
2026-05-20 10:45:00,12175471,12220000,12169367,12206552,9.337
2026-05-20 11:00:00,12206334,12209734,12193200,12202000,3.006
2026-05-20 11:15:00,12203853,12220000,12194983,12196954,7.652
2026-05-20 11:30:00,12196655,12196655,12170000,12171048,7.89
2026-05-20 11:45:00,12170199,12185572,12166415,12181996,2.728
2026-05-20 12:00:00,12179716,12180731,12169103,12175432,1.938
2026-05-20 12:15:00,12174735,12200082,12173636,12197833,3.456
2026-05-20 12:30:00,12197449,12197815,12184703,12188022,3.496
2026-05-20 12:45:00,12188022,12191536,12179993,12180761,2.056
2026-05-20 13:00:00,12184355,12199600,12184033,12197222,2.898
2026-05-20 13:15:00,12194572,12200978,12193108,12193964,2.088
2026-05-20 13:30:00,12196058,12198582,12183452,12194920,1.39
2026-05-20 13:45:00,12198370,12206883,12196490,12200000,2.052
2026-05-20 14:00:00,12199373,12274035,12199373,12260760,20.955
2026-05-20 14:15:00,12266049,12267029,12246766,12254786,8.278
2026-05-20 14:30:00,12255964,12279684,12251987,12251987,7.298
2026-05-20 14:45:00,12254181,12267221,12254159,12267221,1.54
2026-05-20 15:00:00,12264109,12273999,12262864,12271035,2.926
2026-05-20 15:15:00,12273412,12284914,12270706,12273907,4.114
2026-05-20 15:30:00,12276132,12285909,12269556,12285646,1.224
2026-05-20 15:45:00,12282987,12303284,12277905,12299909,6.602
2026-05-20 16:00:00,12300000,12302940,12285840,12294240,6.892
2026-05-20 16:15:00,12293680,12309679,12286195,12297199,5.555
2026-05-20 16:30:00,12293059,12299116,12285281,12297037,2.645
2026-05-20 16:45:00,12297941,12297941,12278287,12282396,2.648
2026-05-20 17:00:00,12282451,12291445,12280257,12285226,2.243
2026-05-20 17:15:00,12285269,12290495,12278000,12284319,1.603
2026-05-20 17:30:00,12286305,12337584,12286305,12315787,15.419
2026-05-20 17:45:00,12319924,12321722,12306754,12312716,3.083
2026-05-20 18:00:00,12309535,12311507,12295480,12298641,3.2
2026-05-20 18:15:00,12298406,12313048,12291807,12310495,11.077
2026-05-20 18:30:00,12310054,12320695,12309926,12312755,2.155
2026-05-20 18:45:00,12312634,12316018,12307073,12312818,2.642
2026-05-20 19:00:00,12314887,12333996,12314887,12333333,13.162
2026-05-20 19:15:00,12331908,12346320,12324211,12333087,7.297
2026-05-20 19:30:00,12331123,12340781,12315734,12322465,3.23
2026-05-20 19:45:00,12322465,12328500,12315145,12315487,1.332
2026-05-20 20:00:00,12316512,12325110,12310733,12313109,1.332
2026-05-20 20:15:00,12314791,12316994,12306217,12311349,3.75
2026-05-20 20:30:00,12311842,12313412,12284887,12296765,3.794
2026-05-20 20:45:00,12294473,12300042,12286124,12293986,2.666
2026-05-20 21:00:00,12293084,12308753,12291043,12302983,2.641
2026-05-20 21:15:00,12303564,12313425,12291181,12312477,1.992
2026-05-20 21:30:00,12313634,12319989,12311004,12316076,2.52
2026-05-20 21:45:00,12315961,12346217,12313572,12327872,11.002
2026-05-20 22:00:00,12331439,12334000,12307625,12309020,5.346
2026-05-20 22:15:00,12309248,12314901,12280630,12287841,3.83
2026-05-20 22:30:00,12282971,12292431,12234881,12251892,18.631
2026-05-20 22:45:00,12253646,12291773,12246414,12272039,8.054
2026-05-20 23:00:00,12273133,12286717,12227352,12260135,9.944
2026-05-20 23:15:00,12264001,12316706,12264001,12290334,13.526
2026-05-20 23:30:00,12299444,12307558,12273186,12293631,6.906
2026-05-20 23:45:00,12296510,12313990,12290203,12297132,6.324
2026-05-21 00:00:00,12298233,12300724,12274209,12278229,4.43
2026-05-21 00:15:00,12280000,12353600,12280000,12308796,25.474
2026-05-21 00:30:00,12311512,12322800,12274306,12286932,5.011
2026-05-21 00:45:00,12290000,12310448,12282428,12297118,3.28
2026-05-21 01:00:00,12297313,12309542,12290088,12298163,3.086
2026-05-21 01:15:00,12295597,12295597,12231000,12239432,9.014
2026-05-21 01:30:00,12236121,12279271,12234047,12275609,4.064
2026-05-21 01:45:00,12273044,12278394,12259299,12275401,3.166
2026-05-21 02:00:00,12274289,12293000,12261911,12282807,7.629
2026-05-21 02:15:00,12286182,12326416,12277162,12312049,3.764
2026-05-21 02:30:00,12311688,12338091,12304315,12330631,4.386
2026-05-21 02:45:00,12330715,12340852,12310982,12318496,5.74
2026-05-21 03:00:00,12315180,12323108,12299767,12302127,3.948
2026-05-21 03:15:00,12303834,12324911,12293437,12304113,4.319
2026-05-21 03:30:00,12303488,12308600,12294324,12299284,3.352
2026-05-21 03:45:00,12297964,12299696,12282724,12287079,4.442
2026-05-21 04:00:00,12286712,12293132,12277867,12287205,2.436
2026-05-21 04:15:00,12286055,12309235,12284072,12309235,2.572
2026-05-21 04:30:00,12311199,12321771,12303844,12321771,3.09
2026-05-21 04:45:00,12318807,12336129,12313068,12326823,3.925
2026-05-21 05:00:00,12326523,12345222,12315219,12339432,4.374
2026-05-21 05:15:00,12340448,12341000,12297657,12330000,9.516
2026-05-21 05:30:00,12330000,12337209,12318232,12332041,6.434
2026-05-21 05:45:00,12330291,12344994,12327702,12335680,4.93
2026-05-21 06:00:00,12332881,12345966,12323921,12342420,14.773
2026-05-21 06:15:00,12344593,12344806,12318881,12318881,2.072
2026-05-21 06:30:00,12318806,12331700,12316122,12323500,2.866
2026-05-21 06:45:00,12323132,12329118,12301247,12304393,1.068
2026-05-21 07:00:00,12303301,12305537,12272792,12283841,6.186
2026-05-21 07:15:00,12281143,12295992,12260594,12295485,5.409
2026-05-21 07:30:00,12295941,12305730,12286114,12292891,3.644
2026-05-21 07:45:00,12295987,12305618,12295987,12305618,2.034
2026-05-21 08:00:00,12304229,12305195,12288618,12298334,2.696
2026-05-21 08:15:00,12296348,12298194,12286589,12291573,1.152
2026-05-21 08:30:00,12294066,12306207,12292398,12304947,1.508
2026-05-21 08:45:00,12303941,12315456,12302348,12313912,1.412
2026-05-21 09:00:00,12315313,12334914,12309514,12330994,4.51
2026-05-21 09:15:00,12333649,12342074,12322680,12340915,3.456
2026-05-21 09:30:00,12341319,12344221,12336346,12342402,3.188
2026-05-21 09:45:00,12342720,12397858,12342634,12377142,14.747
2026-05-21 10:00:00,12377142,12404609,12370765,12403799,13.338
2026-05-21 10:15:00,12400288,12410000,12357199,12364841,13.137
2026-05-21 10:30:00,12365175,12382497,12355461,12369033,5.817
2026-05-21 10:45:00,12371037,12382381,12354526,12365394,3.384
2026-05-21 11:00:00,12364311,12373331,12361268,12366974,1.427
2026-05-21 11:15:00,12369132,12405723,12366952,12394353,9.731
2026-05-21 11:30:00,12395096,12400000,12383740,12390749,4.8
2026-05-21 11:45:00,12390032,12393650,12381802,12382714,2.586
2026-05-21 12:00:00,12383354,12396330,12380115,12386073,3.972
2026-05-21 12:15:00,12385950,12396782,12379132,12396704,1.948
2026-05-21 12:30:00,12394184,12395710,12385784,12392101,4.384
2026-05-21 12:45:00,12392112,12407139,12389861,12401698,6.138
2026-05-21 13:00:00,12403089,12418569,12384976,12386170,8.032
2026-05-21 13:15:00,12387982,12400912,12386997,12395775,2.774
2026-05-21 13:30:00,12395900,12396605,12387039,12388244,2.066
2026-05-21 13:45:00,12387896,12400141,12387219,12398665,1.926
2026-05-21 14:00:00,12397202,12417373,12377595,12382363,4.514
2026-05-21 14:15:00,12379195,12388635,12373528,12376364,1.104
2026-05-21 14:30:00,12374016,12383281,12371000,12372691,3.79
2026-05-21 14:45:00,12371556,12373141,12348957,12366814,6.686
2026-05-21 15:00:00,12365862,12375544,12352685,12359389,4.648
2026-05-21 15:15:00,12357914,12375656,12354374,12361516,2.152
2026-05-21 15:30:00,12365608,12368065,12338883,12345202,5.874
2026-05-21 15:45:00,12348037,12348213,12325974,12340243,6.02
2026-05-21 16:00:00,12337518,12354234,12330000,12336253,5.143
2026-05-21 16:15:00,12338136,12338150,12326000,12335120,5.272
2026-05-21 16:30:00,12336000,12353677,12336000,12353253,7.336
2026-05-21 16:45:00,12352654,12385368,12351838,12378356,5.356
2026-05-21 17:00:00,12378013,12420000,12376000,12403440,10.919
2026-05-21 17:15:00,12407520,12411931,12383200,12397059,6.455
2026-05-21 17:30:00,12395223,12397055,12374744,12381562,2.065
2026-05-21 17:45:00,12381637,12383798,12374274,12378944,2.038
2026-05-21 18:00:00,12378738,12388350,12373593,12380054,4.995
2026-05-21 18:15:00,12380298,12383271,12375900,12377075,0.484
2026-05-21 18:30:00,12376461,12380000,12339359,12339359,6.278
2026-05-21 18:45:00,12341798,12349120,12336988,12338569,9.136
2026-05-21 19:00:00,12336746,12347330,12336014,12338979,2.531
2026-05-21 19:15:00,12340159,12346720,12268930,12299266,20.68
2026-05-21 19:30:00,12298433,12310905,12271159,12297793,10.49
2026-05-21 19:45:00,12295363,12302827,12272490,12272490,7.274
2026-05-21 20:00:00,12272855,12295000,12266737,12288587,8.96
2026-05-21 20:15:00,12288234,12300000,12282241,12289421,4.838
2026-05-21 20:30:00,12289822,12295824,12276281,12283421,4.185
2026-05-21 20:45:00,12282919,12286335,12273914,12275000,3.909
2026-05-21 21:00:00,12277613,12289460,12270260,12274161,7.6
2026-05-21 21:15:00,12275365,12279682,12261880,12265479,2.942
2026-05-21 21:30:00,12263219,12296434,12256628,12279365,12.832
2026-05-21 21:45:00,12280563,12298396,12279500,12287491,3.84
2026-05-21 22:00:00,12288037,12304325,12284720,12289006,4.943
2026-05-21 22:15:00,12287000,12297901,12278610,12292378,4.686
2026-05-21 22:30:00,12297686,12297686,12211360,12220394,28.938
2026-05-21 22:45:00,12220832,12276135,12217216,12266589,21.985
2026-05-21 23:00:00,12266280,12290000,12259942,12267213,9.861
2026-05-21 23:15:00,12264541,12264541,12221680,12261748,11.22
2026-05-21 23:30:00,12264124,12280466,12242494,12250871,8.014
2026-05-21 23:45:00,12248353,12257568,12232000,12248834,5.737
2026-05-22 00:00:00,12247583,12289760,12240353,12271964,13.578
2026-05-22 00:15:00,12273787,12299997,12271228,12291819,6.234
2026-05-22 00:30:00,12293401,12294170,12262672,12285839,9.34
2026-05-22 00:45:00,12288000,12314789,12279579,12290475,3.782
2026-05-22 01:00:00,12293613,12302994,12283733,12294085,4.56
2026-05-22 01:15:00,12295000,12295364,12269000,12278677,7.376
2026-05-22 01:30:00,12279221,12293986,12256406,12256406,7.708
2026-05-22 01:45:00,12260807,12277853,12251788,12277853,2.57
2026-05-22 02:00:00,12278615,12332648,12275098,12320116,9.24
2026-05-22 02:15:00,12321099,12389950,12319276,12382569,16.443
2026-05-22 02:30:00,12384291,12399846,12363041,12369356,4.448
2026-05-22 02:45:00,12369426,12395312,12350809,12363080,8.668
2026-05-22 03:00:00,12363956,12372052,12331904,12344281,16.883
2026-05-22 03:15:00,12346137,12372754,12335498,12346671,3.442
2026-05-22 03:30:00,12349390,12359507,12344223,12351489,2.326
2026-05-22 03:45:00,12348497,12348508,12278800,12301765,10.241
2026-05-22 04:00:00,12301411,12332109,12298515,12321629,5.506
2026-05-22 04:15:00,12323650,12331531,12316825,12321671,2.45
2026-05-22 04:30:00,12320957,12334250,12320022,12330545,2.324
2026-05-22 04:45:00,12331560,12357510,12327347,12340096,6.332
2026-05-22 05:00:00,12341172,12349843,12335612,12343284,3.992
2026-05-22 05:15:00,12342350,12347605,12338909,12342167,1.122
2026-05-22 05:30:00,12342146,12360392,12334858,12341973,2.3
2026-05-22 05:45:00,12345825,12361587,12335766,12343062,2.368
2026-05-22 06:00:00,12346490,12362245,12343460,12355284,3.398
2026-05-22 06:15:00,12357161,12363093,12352427,12362418,2.48
2026-05-22 06:30:00,12361344,12361344,12346377,12350165,2.562
2026-05-22 06:45:00,12347870,12350071,12335412,12336735,2.216
2026-05-22 07:00:00,12340743,12354360,12331099,12341984,3.154
2026-05-22 07:15:00,12340410,12349517,12330286,12349517,2.426
2026-05-22 07:30:00,12348727,12353665,12325028,12336659,3.71
2026-05-22 07:45:00,12339211,12340570,12329287,12336439,1.17
2026-05-22 08:00:00,12334246,12350833,12325039,12328237,3.268
2026-05-22 08:15:00,12326027,12341000,12318673,12338963,2.078
2026-05-22 08:30:00,12339766,12354167,12337627,12346359,2.766
2026-05-22 08:45:00,12346334,12352732,12331704,12335603,6.596
2026-05-22 09:00:00,12338336,12342228,12311002,12311679,4.148
2026-05-22 09:15:00,12310057,12330349,12304189,12316865,4.894
2026-05-22 09:30:00,12316732,12329866,12300770,12314021,5.468
2026-05-22 09:45:00,12313184,12319282,12297998,12300491,3.202
2026-05-22 10:00:00,12300866,12325225,12290681,12323753,4.678
2026-05-22 10:15:00,12323953,12329584,12312365,12314494,7.577
2026-05-22 10:30:00,12313980,12320949,12298279,12320288,4.434
2026-05-22 10:45:00,12323459,12342623,12322371,12337607,3.396
2026-05-22 11:00:00,12338692,12353211,12337492,12347825,6.286
2026-05-22 11:15:00,12348581,12356866,12336061,12347151,4.5
2026-05-22 11:30:00,12345738,12350694,12333446,12335784,4.986
2026-05-22 11:45:00,12335802,12349378,12329701,12340989,6.652
2026-05-22 12:00:00,12340512,12358120,12340512,12348844,3.87
2026-05-22 12:15:00,12350000,12360000,12343609,12360000,2.432
2026-05-22 12:30:00,12361093,12364089,12353657,12359873,3.09
2026-05-22 12:45:00,12356609,12362529,12350873,12358009,3.708
2026-05-22 13:00:00,12358885,12374121,12358840,12369441,3.566
2026-05-22 13:15:00,12372021,12373723,12359438,12366596,3.042
2026-05-22 13:30:00,12363407,12365810,12347167,12347167,1.756
2026-05-22 13:45:00,12346640,12351091,12339339,12342705,3.624
2026-05-22 14:00:00,12342705,12356470,12335199,12351542,4.168
2026-05-22 14:15:00,12351248,12353026,12333133,12333921,2.038
2026-05-22 14:30:00,12339827,12344101,12323920,12333893,3.846
2026-05-22 14:45:00,12333365,12348122,12315800,12319040,5.652
2026-05-22 15:00:00,12319591,12328458,12312703,12322946,6.59
2026-05-22 15:15:00,12322153,12323282,12308176,12316404,3.77
2026-05-22 15:30:00,12316645,12319999,12306918,12318628,2.518
2026-05-22 15:45:00,12316889,12327318,12304392,12312151,5.126
2026-05-22 16:00:00,12311088,12313095,12288302,12308240,9.405
2026-05-22 16:15:00,12308722,12333616,12308240,12333538,4.119
2026-05-22 16:30:00,12330724,12338340,12323203,12327770,4.292
2026-05-22 16:45:00,12324650,12326457,12317079,12319670,2.72
2026-05-22 17:00:00,12321164,12329091,12310291,12319513,2.698
2026-05-22 17:15:00,12317881,12335953,12317881,12328811,2.346
2026-05-22 17:30:00,12328215,12328215,12288206,12303628,6.18
2026-05-22 17:45:00,12303636,12308284,12293067,12293996,1.716
2026-05-22 18:00:00,12292474,12299184,12281841,12283477,4.152
2026-05-22 18:15:00,12282484,12301877,12282154,12296497,3.53
2026-05-22 18:30:00,12293393,12302357,12281282,12300111,4.196
2026-05-22 18:45:00,12297845,12306897,12288640,12296955,4.37
2026-05-22 19:00:00,12296748,12300877,12291581,12295975,1.112
2026-05-22 19:15:00,12296714,12301952,12287962,12300828,2.904
2026-05-22 19:30:00,12305096,12306161,12294800,12300144,1.622
2026-05-22 19:45:00,12300140,12301541,12291019,12296618,3.116
2026-05-22 20:00:00,12299759,12303827,12295072,12298551,3.136
2026-05-22 20:15:00,12296003,12302657,12280000,12295641,4.774
2026-05-22 20:30:00,12296742,12301909,12292909,12298245,1.539
2026-05-22 20:45:00,12300212,12325764,12296059,12319162,8.822
2026-05-22 21:00:00,12320708,12338139,12314571,12331902,7.208
2026-05-22 21:15:00,12333908,12346852,12312900,12316988,11.456
2026-05-22 21:30:00,12315356,12327269,12313472,12315311,1.378
2026-05-22 21:45:00,12317963,12328570,12313722,12328565,3.783
2026-05-22 22:00:00,12326685,12330586,12318109,12321334,4.784
2026-05-22 22:15:00,12321482,12325516,12294764,12295031,3.6
2026-05-22 22:30:00,12294523,12303943,12266800,12276751,20.863
2026-05-22 22:45:00,12285196,12297066,12274701,12294000,4.324
2026-05-22 23:00:00,12293201,12293201,12248619,12262191,15.922
2026-05-22 23:15:00,12264785,12269371,12215595,12228726,17.2
2026-05-22 23:30:00,12228347,12229322,12218241,12224132,6.998
2026-05-22 23:45:00,12226419,12235487,12214236,12214236,8.876
2026-05-23 00:00:00,12215071,12244992,12200188,12216246,16.192
2026-05-23 00:15:00,12216246,12239221,12183883,12238420,12.542
2026-05-23 00:30:00,12236586,12258390,12199727,12214870,12.306
2026-05-23 00:45:00,12214078,12230332,12203242,12227062,8.322
2026-05-23 01:00:00,12224820,12242142,12218841,12234035,6.994
2026-05-23 01:15:00,12231344,12243623,12224093,12241305,3.668
2026-05-23 01:30:00,12240932,12247263,12230761,12232847,2.944
2026-05-23 01:45:00,12238659,12254005,12238659,12240467,3.162
2026-05-23 02:00:00,12243627,12250704,12230642,12238603,3.248
2026-05-23 02:15:00,12239032,12259961,12214545,12259961,8.562
2026-05-23 02:30:00,12260000,12263803,12238355,12248792,5.694
2026-05-23 02:45:00,12247973,12247973,12197920,12209582,13.444
2026-05-23 03:00:00,12206824,12219402,12200699,12219402,5.457
2026-05-23 03:15:00,12217009,12234845,12217009,12217547,5.882
2026-05-23 03:30:00,12216284,12217029,12180000,12185169,9.859
2026-05-23 03:45:00,12185952,12186017,12110775,12175284,20.329
2026-05-23 04:00:00,12174317,12181205,12129582,12132558,10.158
2026-05-23 04:15:00,12137657,12158955,12128512,12139309,7.554
2026-05-23 04:30:00,12142000,12142420,12041505,12070259,32.649
2026-05-23 04:45:00,12065853,12088080,12046206,12075300,8.865
2026-05-23 05:00:00,12077314,12098647,12070987,12088672,5.404
2026-05-23 05:15:00,12085699,12099193,12080695,12095850,6.968
2026-05-23 05:30:00,12091953,12095367,12070327,12091579,7.642
2026-05-23 05:45:00,12090257,12114988,12083992,12100653,7.193
2026-05-23 06:00:00,12100856,12111663,12097865,12101648,5.351
2026-05-23 06:15:00,12100077,12109999,12095577,12106183,3.226
2026-05-23 06:30:00,12106818,12112491,12090183,12098578,5.874
2026-05-23 06:45:00,12099351,12109008,12094176,12096271,3.606
2026-05-23 07:00:00,12094447,12095923,12072343,12084004,9.258
2026-05-23 07:15:00,12083000,12084004,12059143,12066059,8.32
2026-05-23 07:30:00,12066398,12078121,12025440,12038896,13.29
2026-05-23 07:45:00,12043166,12062520,12039364,12054028,6.334
2026-05-23 08:00:00,12054725,12081311,12054725,12075860,8.186
2026-05-23 08:15:00,12075931,12079574,12044819,12045739,7.544
2026-05-23 08:30:00,12047439,12066213,12044829,12063000,3.118
2026-05-23 08:45:00,12063000,12063000,11995210,12028500,26.345
2026-05-23 09:00:00,12026520,12026520,12026520,12026520,0.04
2026-05-23 11:00:00,12025136,12025136,11995760,12008835,3.512
2026-05-23 11:15:00,12010647,12026918,12005798,12011002,7.066
2026-05-23 11:30:00,12009893,12020046,12006177,12012387,6.164
2026-05-23 11:45:00,12013696,12030975,12013696,12023842,3.768
2026-05-23 12:00:00,12024791,12038859,12024791,12038859,10.122
2026-05-23 12:15:00,12038096,12043206,12030735,12035613,4.856
2026-05-23 12:30:00,12035420,12049321,12035420,12046797,3.5
2026-05-23 12:45:00,12046059,12049660,12040326,12045192,2.704
2026-05-23 13:00:00,12043343,12045388,12040175,12043618,0.562
2026-05-23 13:15:00,12042783,12043094,12029076,12029076,5.452
2026-05-23 13:30:00,12032687,12041684,12015956,12017649,5.45
2026-05-23 13:45:00,12018960,12023342,12016522,12020000,0.772
2026-05-23 14:00:00,12022205,12025009,12015785,12023048,3.704
2026-05-23 14:15:00,12021005,12027625,12014900,12014900,1.69
2026-05-23 14:30:00,12015286,12021516,12013800,12019564,1.024
2026-05-23 14:45:00,12020843,12020843,12012183,12018460,2.942
2026-05-23 15:00:00,12017735,12019993,12013174,12013174,1.586
2026-05-23 15:15:00,12015599,12018065,12007185,12007789,2.852
2026-05-23 15:30:00,12008123,12016397,12002593,12005100,2.436
2026-05-23 15:45:00,12008143,12008143,11992866,11999371,5.028
2026-05-23 16:00:00,11999636,12004229,11974568,11991555,7.898
2026-05-23 16:15:00,11988662,11989253,11970356,11977343,5.394
2026-05-23 16:30:00,11980282,11994644,11961637,11982142,6.976
2026-05-23 16:45:00,11979375,11979375,11830000,11880192,49.38
2026-05-23 17:00:00,11876220,11894340,11857544,11882605,13.009
2026-05-23 17:15:00,11887094,11902659,11877534,11880850,14.373
2026-05-23 17:30:00,11880657,11880850,11834317,11854569,16.61
2026-05-23 17:45:00,11850167,11888397,11842693,11887869,12.896
2026-05-23 18:00:00,11885377,11889413,11878262,11881635,8.702
2026-05-23 18:15:00,11884129,11888556,11881934,11885199,2.266
2026-05-23 18:30:00,11884854,11896400,11882799,11891720,5.132
2026-05-23 18:45:00,11893290,11897803,11882948,11882948,2.494
2026-05-23 19:00:00,11887057,11896200,11883157,11893423,2.602
2026-05-23 19:15:00,11893564,11896587,11890000,11893202,0.694
2026-05-23 19:30:00,11894513,11900569,11892937,11896809,6.87
2026-05-23 19:45:00,11899957,11900000,11887011,11890621,1.386
2026-05-23 20:00:00,11890980,11910000,11887386,11904688,8.424
2026-05-23 20:15:00,11905153,11920167,11904734,11920167,5.232
2026-05-23 20:30:00,11915386,11917014,11905840,11905940,2.94
2026-05-23 20:45:00,11906937,11916800,11904162,11907120,3.248
2026-05-23 21:00:00,11905417,11910916,11890015,11894818,4.512
2026-05-23 21:15:00,11896053,11904416,11883371,11896007,10.358
2026-05-23 21:30:00,11897781,11900925,11892014,11892014,10.284
2026-05-23 21:45:00,11893719,11899424,11891848,11899424,5.152
2026-05-23 22:00:00,11898706,11939327,11898706,11928581,7.456
2026-05-23 22:15:00,11929377,11949456,11929377,11939583,13.916
2026-05-23 22:30:00,11939718,11946986,11923350,11928665,7.168
2026-05-23 22:45:00,11934568,11980000,11934568,11973096,16.64
2026-05-23 23:00:00,11972972,11976395,11950978,11966332,11.132
2026-05-23 23:15:00,11968986,11993218,11963645,11990392,12.104
2026-05-23 23:30:00,11989546,12012236,11984000,12008797,10.264
2026-05-23 23:45:00,12009591,12045907,11997046,12014489,15.593
2026-05-24 00:00:00,12016010,12034052,12005215,12032782,6.51
2026-05-24 00:15:00,12032783,12040768,12013789,12017362,11.364
2026-05-24 00:30:00,12015834,12017163,11990869,12009372,18.84
2026-05-24 00:45:00,12010615,12018102,12005064,12012552,1.858
2026-05-24 01:00:00,12014955,12031219,12013499,12015565,1.914
2026-05-24 01:15:00,12013860,12018593,11995528,12006674,8.374
2026-05-24 01:30:00,12008139,12017097,12006436,12008067,6.382
2026-05-24 01:45:00,12007509,12012172,11990720,11990720,7.182
2026-05-24 02:00:00,11995918,12008314,11993206,11997199,3.318
2026-05-24 02:15:00,11999992,12005286,11990000,12003627,2.516
2026-05-24 02:30:00,12003367,12008280,11990000,11994919,3.92
2026-05-24 02:45:00,11993995,12009000,11984333,12004464,2.624
2026-05-24 03:00:00,12003134,12053194,11999066,12041383,13.504
2026-05-24 03:15:00,12040868,12073376,12031265,12058900,7.802
2026-05-24 03:30:00,12060832,12085189,12054001,12070315,6.653
2026-05-24 03:45:00,12068211,12069938,12050545,12061285,3.504
2026-05-24 04:00:00,12061531,12066841,12052320,12059529,2.63
2026-05-24 04:15:00,12058634,12089834,12058634,12082624,6.94
2026-05-24 04:30:00,12083904,12084123,12068516,12077331,1.642
2026-05-24 04:45:00,12079091,12091520,12072580,12085984,3.821
2026-05-24 05:00:00,12087800,12112000,12078903,12099204,9.975
2026-05-24 05:15:00,12101500,12114923,12083267,12083267,6.386
2026-05-24 05:30:00,12081937,12234300,12075044,12212956,32.115
2026-05-24 05:45:00,12216818,12295713,12193737,12289789,28.814
2026-05-24 06:00:00,12290670,12310000,12224330,12235000,21.561
2026-05-24 06:15:00,12238559,12261760,12203253,12203253,17.171
2026-05-24 06:30:00,12200528,12231114,12170609,12192548,10.89
2026-05-24 06:45:00,12198337,12214189,12174852,12212912,8.386
2026-05-24 07:00:00,12214689,12228463,12187219,12190281,5.036
2026-05-24 07:15:00,12190063,12197561,12168262,12171514,7.48
2026-05-24 07:30:00,12169893,12180261,12145806,12170569,13.237
2026-05-24 07:45:00,12171448,12185434,12164814,12180079,3.04
2026-05-24 08:00:00,12176862,12207893,12170474,12191320,11.934
2026-05-24 08:15:00,12190552,12204113,12176441,12184120,4.212
2026-05-24 08:30:00,12188232,12204307,12188232,12198378,6.414
2026-05-24 08:45:00,12198930,12216408,12192964,12205728,5.596
2026-05-24 09:00:00,12204253,12212486,12189097,12193614,2.028
2026-05-24 09:15:00,12194081,12200773,12184000,12191386,2.474
2026-05-24 09:30:00,12195116,12223119,12195116,12205303,7.401
2026-05-24 09:45:00,12203937,12233034,12203937,12218824,11.71
2026-05-24 10:00:00,12218663,12225331,12202092,12209704,4.11
2026-05-24 10:15:00,12210487,12230118,12207211,12226370,2.752
2026-05-24 10:30:00,12225207,12231691,12213594,12216735,2.056
2026-05-24 10:45:00,12216926,12228016,12212220,12228016,1.974
2026-05-24 11:00:00,12227109,12233860,12218181,12229789,2.186
2026-05-24 11:15:00,12227886,12236936,12195074,12203999,3.588
2026-05-24 11:30:00,12207480,12219547,12207024,12213581,3.508
2026-05-24 11:45:00,12214904,12220000,12212116,12213608,1.702
2026-05-24 12:00:00,12213608,12244821,12210021,12227070,4.118
2026-05-24 12:15:00,12226183,12228549,12214720,12224574,3.649
2026-05-24 12:30:00,12224575,12225649,12198480,12205002,4.531
2026-05-24 12:45:00,12205145,12211909,12200691,12201218,5.5
2026-05-24 13:00:00,12201985,12220438,12201985,12219128,6.445
2026-05-24 13:15:00,12219050,12220829,12206225,12207161,2.206
2026-05-24 13:30:00,12208457,12210000,12201754,12208838,2.05
2026-05-24 13:45:00,12210000,12214156,12201253,12209263,2.504
2026-05-24 14:00:00,12208475,12208799,12201195,12204661,1.014
2026-05-24 14:15:00,12202861,12203998,12190544,12196394,7.516
2026-05-24 14:30:00,12196420,12200199,12186072,12190184,2.796
2026-05-24 14:45:00,12187476,12219953,12185646,12209537,3.62
2026-05-24 15:00:00,12209801,12219063,12209680,12213268,1.837
2026-05-24 15:15:00,12212822,12213542,12196602,12197129,2.461
2026-05-24 15:30:00,12200556,12212798,12198973,12210230,2.444
2026-05-24 15:45:00,12211934,12253587,12208334,12237386,5.906
2026-05-24 16:00:00,12238254,12242762,12224671,12224810,3.82
2026-05-24 16:15:00,12224697,12226952,12220005,12225226,2.746
2026-05-24 16:30:00,12225499,12226782,12216833,12222750,1.998
2026-05-24 16:45:00,12222111,12222111,12206401,12208500,6.928
2026-05-24 17:00:00,12211567,12212340,12198185,12204540,13.132
2026-05-24 17:15:00,12204890,12222420,12204890,12219000,3.072
2026-05-24 17:30:00,12219512,12223781,12214000,12216586,1.749
2026-05-24 17:45:00,12213425,12220727,12212928,12219729,0.679
2026-05-24 18:00:00,12221729,12231732,12215107,12230013,2.587
2026-05-24 18:15:00,12228294,12242081,12226309,12238009,3.283
2026-05-24 18:30:00,12235874,12252612,12228593,12241526,5.632
2026-05-24 18:45:00,12240303,12249986,12238486,12246699,1.978
2026-05-24 19:00:00,12247278,12248823,12231097,12237535,2.258
2026-05-24 19:15:00,12236762,12326720,12234949,12281711,22.584
2026-05-24 19:30:00,12278000,12281359,12255602,12271975,11.098
2026-05-24 19:45:00,12271975,12275477,12263445,12272355,4.468
2026-05-24 20:00:00,12271792,12299386,12271792,12290714,7.911
2026-05-24 20:15:00,12290089,12301235,12283922,12287793,6.08
2026-05-24 20:30:00,12286336,12292831,12273779,12279715,9.031
2026-05-24 20:45:00,12282500,12292144,12277728,12292144,4.058
2026-05-24 21:00:00,12290492,12292600,12264826,12272450,8.307
2026-05-24 21:15:00,12272303,12275928,12248000,12255215,11.328
2026-05-24 21:30:00,12255414,12265000,12248000,12261391,9.67
2026-05-24 21:45:00,12261499,12261516,12254188,12258615,2.848
2026-05-24 22:00:00,12259408,12260992,12241630,12248099,7.181
2026-05-24 22:15:00,12249995,12260168,12234828,12237480,7.632
2026-05-24 22:30:00,12238278,12247714,12220011,12237995,6.59
2026-05-24 22:45:00,12239045,12241507,12190439,12207720,17.048
2026-05-24 23:00:00,12207737,12213674,12151962,12165729,17.686
2026-05-24 23:15:00,12168164,12174391,12118670,12148000,33.625
2026-05-24 23:30:00,12146621,12171189,12145723,12156834,10.921
2026-05-24 23:45:00,12156801,12165250,12140240,12156922,5.654
2026-05-25 00:00:00,12154288,12170000,12151291,12166064,5.841
2026-05-25 00:15:00,12163639,12171961,12150371,12156134,4.339
2026-05-25 00:30:00,12155600,12165586,12154366,12156000,6.643
2026-05-25 00:45:00,12154367,12163489,12140950,12146977,7.65
2026-05-25 01:00:00,12145406,12195119,12145089,12179225,15.622
2026-05-25 01:15:00,12179336,12201261,12176329,12181606,7.27
2026-05-25 01:30:00,12182536,12182536,12155604,12166400,7.983
2026-05-25 01:45:00,12168181,12198998,12168021,12191000,7.686
2026-05-25 02:00:00,12193265,12202354,12183727,12188401,6.36
2026-05-25 02:15:00,12189717,12191001,12169920,12182819,6.94
2026-05-25 02:30:00,12181086,12202280,12180000,12195566,2.478
2026-05-25 02:45:00,12194341,12210427,12193111,12197164,5.162
2026-05-25 03:00:00,12195097,12207636,12186587,12201293,2.946
2026-05-25 03:15:00,12202581,12211711,12191478,12193161,6.962
2026-05-25 03:30:00,12191818,12196062,12179753,12185657,1.864
2026-05-25 03:45:00,12185479,12190088,12175965,12186172,4.994
2026-05-25 04:00:00,12186840,12200164,12180462,12180740,8.08
2026-05-25 04:15:00,12181205,12199661,12175520,12184637,7.93
2026-05-25 04:30:00,12186382,12199097,12180561,12192642,1.357
2026-05-25 04:45:00,12192827,12202707,12191729,12199944,1.812
2026-05-25 05:00:00,12203415,12206777,12181898,12188405,6.601
2026-05-25 05:15:00,12186956,12192239,12175138,12188800,4.702
2026-05-25 05:30:00,12188800,12194017,12182717,12190080,6.346
2026-05-25 05:45:00,12189277,12195926,12177499,12184204,2.544
2026-05-25 06:00:00,12183630,12196998,12180560,12188722,9.868
2026-05-25 06:15:00,12191966,12192782,12156390,12164665,9.342
2026-05-25 06:30:00,12165273,12170496,12100000,12104586,28.456
2026-05-25 06:45:00,12102063,12126824,12096645,12110461,26.35
2026-05-25 07:00:00,12109427,12223679,12092500,12215989,37.975
2026-05-25 07:15:00,12214708,12218070,12192779,12198832,5.385
2026-05-25 07:30:00,12199587,12214274,12165993,12182000,13.64
2026-05-25 07:45:00,12182000,12217417,12181170,12188584,7.946
2026-05-25 08:00:00,12191497,12214758,12188367,12214443,7.357
2026-05-25 08:15:00,12214636,12223659,12192866,12200162,6.151
2026-05-25 08:30:00,12199072,12258361,12198057,12257665,16.628
2026-05-25 08:45:00,12251728,12255280,12237067,12239765,6.336
2026-05-25 09:00:00,12242520,12258620,12239612,12253686,8.923
2026-05-25 09:15:00,12256469,12266341,12242328,12259451,5.446
2026-05-25 09:30:00,12259504,12264798,12242601,12244799,4.101
2026-05-25 09:45:00,12244349,12265120,12237505,12247521,5.202
2026-05-25 10:00:00,12250142,12254221,12224890,12247850,12.595
2026-05-25 10:15:00,12250000,12256720,12233239,12240384,8.646
2026-05-25 10:30:00,12239771,12247249,12230214,12236074,6.2
2026-05-25 10:45:00,12237525,12247000,12209509,12215142,5.031
2026-05-25 11:00:00,12215617,12296771,12215617,12284160,11.716
2026-05-25 11:15:00,12280863,12280863,12227114,12241130,5.69
2026-05-25 11:30:00,12245084,12249707,12230000,12242782,4.092
2026-05-25 11:45:00,12246636,12248342,12234107,12239875,5.66
2026-05-25 12:00:00,12236107,12246526,12230013,12238000,8.981
2026-05-25 12:15:00,12236688,12245519,12231487,12236878,3.174
2026-05-25 12:30:00,12240987,12241408,12226853,12235549,2.518
2026-05-25 12:45:00,12233514,12234209,12223312,12228421,5.172
2026-05-25 13:00:00,12229729,12236749,12225408,12232537,4.102
2026-05-25 13:15:00,12232537,12253920,12224541,12253920,4.026
2026-05-25 13:30:00,12253153,12263000,12244955,12262101,3.898
2026-05-25 13:45:00,12261838,12293063,12261608,12283586,13.165
2026-05-25 14:00:00,12282363,12292340,12269448,12287078,9.127
2026-05-25 14:15:00,12289313,12297031,12280036,12285030,6.904
2026-05-25 14:30:00,12282286,12298198,12282286,12292254,5.166
2026-05-25 14:45:00,12290380,12293661,12284359,12289453,4.614
2026-05-25 15:00:00,12288896,12325040,12274020,12277230,28.277
2026-05-25 15:15:00,12277959,12281377,12258266,12266337,6.788
2026-05-25 15:30:00,12269757,12292369,12267397,12288276,5.324
2026-05-25 15:45:00,12287338,12308199,12284600,12289548,4.418
2026-05-25 16:00:00,12291135,12308312,12275858,12281125,3.094
2026-05-25 16:15:00,12284260,12287460,12261495,12264403,6.04
2026-05-25 16:30:00,12263639,12281536,12261439,12278562,7.214
2026-05-25 16:45:00,12278390,12291614,12275549,12289654,4.584
2026-05-25 17:00:00,12289912,12295916,12266805,12270631,11.448
2026-05-25 17:15:00,12269454,12281560,12269454,12275984,1.484
2026-05-25 17:30:00,12277115,12282977,12272520,12278096,1.63
2026-05-25 17:45:00,12276985,12296472,12274365,12296472,2.933
2026-05-25 18:00:00,12296975,12300713,12286753,12295781,2.926
2026-05-25 18:15:00,12297367,12309300,12288621,12303435,3.674
2026-05-25 18:30:00,12304295,12331919,12303427,12315440,10.67
2026-05-25 18:45:00,12316563,12329556,12311163,12318931,4.362
2026-05-25 19:00:00,12318320,12323985,12310649,12323811,2.724
2026-05-25 19:15:00,12326079,12332702,12304203,12308636,3.976
2026-05-25 19:30:00,12308627,12321873,12305905,12306905,3.336
2026-05-25 19:45:00,12308392,12315906,12301047,12310481,1.491
2026-05-25 20:00:00,12309408,12309408,12291952,12299058,10.43
2026-05-25 20:15:00,12299398,12299398,12288211,12293924,2.026
2026-05-25 20:30:00,12293417,12310294,12291336,12299807,3.672
2026-05-25 20:45:00,12300261,12306228,12277106,12280011,4.824
2026-05-25 21:00:00,12283000,12284617,12270000,12282946,3.59
2026-05-25 21:15:00,12282775,12294050,12275737,12288674,5.698
2026-05-25 21:30:00,12288675,12294809,12280756,12282729,2.404
2026-05-25 21:45:00,12282545,12294719,12271681,12285555,3.048
2026-05-25 22:00:00,12283349,12298823,12277539,12281920,2.529
2026-05-25 22:15:00,12281865,12286983,12273647,12281204,3.727
2026-05-25 22:30:00,12282381,12285542,12273805,12280186,2.489
2026-05-25 22:45:00,12282666,12284710,12277711,12278579,2.043
2026-05-25 23:00:00,12279824,12311040,12276486,12303221,5.443
2026-05-25 23:15:00,12303027,12324352,12300401,12321325,7.926
2026-05-25 23:30:00,12323113,12323113,12311603,12318068,5.696
2026-05-25 23:45:00,12318068,12350000,12317277,12336024,10.171
2026-05-26 00:00:00,12339420,12368974,12332429,12340549,11.118
2026-05-26 00:15:00,12336970,12343588,12319310,12320423,4.288
2026-05-26 00:30:00,12318468,12331958,12315394,12325666,1.386
2026-05-26 00:45:00,12324802,12330264,12310271,12322544,2.613
2026-05-26 01:00:00,12324493,12326910,12307031,12307234,3.292
2026-05-26 01:15:00,12307298,12325547,12306658,12320013,2.594
2026-05-26 01:30:00,12319945,12335851,12316084,12334142,2.944
2026-05-26 01:45:00,12336558,12353616,12333537,12343896,3.618
2026-05-26 02:00:00,12343848,12353677,12334033,12334033,4.306
2026-05-26 02:15:00,12333982,12334399,12319576,12324397,3.942
2026-05-26 02:30:00,12325571,12325571,12315000,12318774,1.45
2026-05-26 02:45:00,12316376,12317559,12309662,12313025,1.056
2026-05-26 03:00:00,12312630,12329488,12310349,12324120,3.678
2026-05-26 03:15:00,12324659,12329153,12319023,12324524,0.728
2026-05-26 03:30:00,12327934,12327934,12316337,12320060,1.242
2026-05-26 03:45:00,12323551,12324252,12311689,12311804,1.74
2026-05-26 04:00:00,12312260,12312282,12292622,12305469,5.272
2026-05-26 04:15:00,12303896,12308861,12297927,12307463,1.558
2026-05-26 04:30:00,12305144,12307822,12280135,12290670,1.754
2026-05-26 04:45:00,12290950,12302008,12289837,12298821,2.126
2026-05-26 05:00:00,12293416,12301814,12291243,12296247,0.798
2026-05-26 05:15:00,12298345,12306054,12291830,12295258,1.59
2026-05-26 05:30:00,12297461,12300414,12258961,12268910,6.825
2026-05-26 05:45:00,12268355,12283315,12267586,12269167,4.194
2026-05-26 06:00:00,12268809,12285611,12267602,12284643,3.206
2026-05-26 06:15:00,12282877,12284784,12269897,12283071,1.906
2026-05-26 06:30:00,12282976,12284759,12269109,12273058,4.198
2026-05-26 06:45:00,12272842,12287576,12270998,12283858,3.09
2026-05-26 07:00:00,12284881,12299463,12272776,12292484,5.928
2026-05-26 07:15:00,12289213,12296246,12268090,12273723,4.788
2026-05-26 07:30:00,12272932,12272932,12237741,12259409,11.972
2026-05-26 07:45:00,12257345,12268749,12245252,12246943,3.998
2026-05-26 08:00:00,12246507,12274593,12237704,12270001,5.094
2026-05-26 08:15:00,12272654,12280545,12264807,12271006,3.68
2026-05-26 08:30:00,12267626,12284920,12267105,12278056,1.59
2026-05-26 08:45:00,12280046,12286716,12267751,12280562,3.518
2026-05-26 09:00:00,12281417,12285789,12266006,12268186,4.986
2026-05-26 09:15:00,12268186,12272047,12245696,12252153,4.444
2026-05-26 09:30:00,12251167,12262354,12194000,12207148,17.325
2026-05-26 09:45:00,12209243,12218731,12163425,12198438,9.898
2026-05-26 10:00:00,12197194,12211661,12168150,12206660,7.434
2026-05-26 10:15:00,12205135,12215280,12189997,12198003,10.652
2026-05-26 10:30:00,12198177,12198177,12165123,12177854,6.279
2026-05-26 10:45:00,12179480,12201242,12179480,12194462,4.6
2026-05-26 11:00:00,12195943,12206320,12173304,12196035,7.971
2026-05-26 11:15:00,12197391,12197391,12181119,12181637,7.679
2026-05-26 11:30:00,12182000,12188237,12167938,12170451,4.53
2026-05-26 11:45:00,12168975,12180837,12153680,12176022,9.841
2026-05-26 12:00:00,12174880,12177296,12156031,12156216,6.478
2026-05-26 12:15:00,12159219,12167500,12146413,12156014,5.161
2026-05-26 12:30:00,12164360,12184046,12158532,12175432,5.642
2026-05-26 12:45:00,12175178,12180111,12171685,12178021,1.345
2026-05-26 13:00:00,12178664,12185204,12171471,12179054,7.874
2026-05-26 13:15:00,12179801,12191927,12170284,12188044,5.744
2026-05-26 13:30:00,12188473,12197876,12187177,12194000,3.234
2026-05-26 13:45:00,12194000,12204705,12191842,12192070,2.438
2026-05-26 14:00:00,12194519,12209841,12187530,12204697,6.478
2026-05-26 14:15:00,12205967,12217759,12203170,12214159,2.786
2026-05-26 14:30:00,12216314,12233448,12213994,12223619,6.012
2026-05-26 14:45:00,12221733,12225588,12211550,12225588,4.644
2026-05-26 15:00:00,12224449,12225112,12210863,12213543,7.13
2026-05-26 15:15:00,12218685,12221058,12199396,12212624,6.588
2026-05-26 15:30:00,12214494,12248000,12211821,12236169,4.292
2026-05-26 15:45:00,12235185,12238877,12225936,12226667,1.552
2026-05-26 16:00:00,12227451,12230024,12192638,12195506,3.776
2026-05-26 16:15:00,12195080,12202150,12184628,12198472,4.0
2026-05-26 16:30:00,12197984,12199040,12186093,12195168,7.854
2026-05-26 16:45:00,12195257,12213886,12194869,12208302,4.365
2026-05-26 17:00:00,12207224,12221334,12205519,12218311,3.201
2026-05-26 17:15:00,12216960,12222710,12206530,12222509,2.847
2026-05-26 17:30:00,12219886,12230960,12213891,12226900,6.207
2026-05-26 17:45:00,12227770,12228179,12206441,12209983,5.345
2026-05-26 18:00:00,12211150,12213600,12200300,12201739,9.149
2026-05-26 18:15:00,12201856,12218640,12187947,12205611,9.413
2026-05-26 18:30:00,12204888,12213672,12196800,12199600,6.591
2026-05-26 18:45:00,12200935,12202559,12193000,12195695,1.907
2026-05-26 19:00:00,12194561,12202070,12181421,12199098,5.754
2026-05-26 19:15:00,12200145,12283600,12199873,12279117,19.704
2026-05-26 19:30:00,12276046,12330000,12267672,12319414,21.636
2026-05-26 19:45:00,12318086,12341695,12305658,12309546,16.03
2026-05-26 20:00:00,12310000,12320979,12285000,12287942,10.301
2026-05-26 20:15:00,12286840,12298031,12274421,12276828,11.74
2026-05-26 20:30:00,12278218,12293187,12274096,12286328,5.199
2026-05-26 20:45:00,12283855,12296892,12279314,12281620,4.186
2026-05-26 21:00:00,12281923,12287691,12231565,12259940,19.511
2026-05-26 21:15:00,12259896,12270124,12244602,12255752,7.393
2026-05-26 21:30:00,12255773,12268026,12246623,12267308,4.07
2026-05-26 21:45:00,12267298,12275294,12259078,12273531,4.894
2026-05-26 22:00:00,12274455,12276243,12260269,12266118,2.786
2026-05-26 22:15:00,12266391,12266391,12213800,12220698,18.76
2026-05-26 22:30:00,12220987,12253466,12203096,12235652,13.922
2026-05-26 22:45:00,12239141,12322742,12239141,12286839,19.922
2026-05-26 23:00:00,12288372,12313200,12272857,12313200,12.371
2026-05-26 23:15:00,12312504,12420000,12304974,12400926,49.846
2026-05-26 23:30:00,12401812,12409392,12212408,12225211,57.083
2026-05-26 23:45:00,12226426,12280804,12211000,12240000,35.824
2026-05-27 00:00:00,12238704,12256821,12207572,12248794,22.343
2026-05-27 00:15:00,12251276,12254843,12186330,12203341,15.189
2026-05-27 00:30:00,12201223,12212934,12154927,12184579,36.705
2026-05-27 00:45:00,12181995,12182072,12138210,12180342,14.454
2026-05-27 01:00:00,12178675,12180379,12130000,12149691,14.395
2026-05-27 01:15:00,12147508,12181826,12144342,12178839,9.552
2026-05-27 01:30:00,12177208,12204985,12172030,12180681,6.737
2026-05-27 01:45:00,12182304,12187585,12160833,12179697,14.613
2026-05-27 02:00:00,12180588,12193760,12166505,12168667,5.614
2026-05-27 02:15:00,12169018,12169169,12104346,12108173,15.356
2026-05-27 02:30:00,12105419,12105419,12070515,12099327,29.942
2026-05-27 02:45:00,12099529,12119000,12086305,12089208,11.798
2026-05-27 03:00:00,12087168,12102882,12076078,12097233,14.047
2026-05-27 03:15:00,12098914,12136307,12095646,12110166,11.081
2026-05-27 03:30:00,12110166,12115395,12077040,12079631,5.648
2026-05-27 03:45:00,12083202,12093693,12055262,12065853,7.588
2026-05-27 04:00:00,12069198,12082601,12064475,12070476,3.869
2026-05-27 04:15:00,12068000,12081306,12061726,12076605,4.36
2026-05-27 04:30:00,12078898,12098202,12072444,12094487,7.396
2026-05-27 04:45:00,12092933,12106903,12090125,12098684,4.984
2026-05-27 05:00:00,12098684,12109671,12092848,12108799,14.558
2026-05-27 05:15:00,12108067,12119073,12094000,12119073,6.656
2026-05-27 05:30:00,12118192,12123672,12090003,12104428,6.018
2026-05-27 05:45:00,12105018,12111246,12102645,12105536,2.748
2026-05-27 06:00:00,12108467,12113117,12072001,12079162,5.954
2026-05-27 06:15:00,12076585,12101742,12075830,12098559,2.466
2026-05-27 06:30:00,12099668,12104276,12090000,12094532,2.464
2026-05-27 06:45:00,12093487,12100028,12072799,12076043,3.948
2026-05-27 07:00:00,12077178,12091619,12049520,12058771,9.738
2026-05-27 07:15:00,12057956,12067106,12050641,12058992,5.198
2026-05-27 07:30:00,12053923,12068870,12053923,12059025,3.698
2026-05-27 07:45:00,12055964,12055964,12035557,12046987,11.642
2026-05-27 08:00:00,12047000,12074700,12047000,12066888,7.332
2026-05-27 08:15:00,12066273,12075016,12064938,12070545,4.796
2026-05-27 08:30:00,12070862,12083140,12067283,12073789,2.275
2026-05-27 08:45:00,12075541,12076311,12066800,12071000,1.548
2026-05-27 09:00:00,12074506,12086308,12069120,12081969,9.558
2026-05-27 09:15:00,12082588,12082588,12065586,12074666,1.92
2026-05-27 09:30:00,12076669,12097804,12072238,12080767,4.282
2026-05-27 09:45:00,12083209,12105783,12079883,12104294,7.706
2026-05-27 10:00:00,12104779,12111740,12088384,12099801,7.578
2026-05-27 10:15:00,12099074,12101188,12062000,12073495,4.03
2026-05-27 10:30:00,12072018,12079376,12064506,12070553,6.672
2026-05-27 10:45:00,12070523,12090390,12068499,12077046,4.521
2026-05-27 11:00:00,12076772,12079897,12057360,12063707,9.544
2026-05-27 11:15:00,12065537,12067957,12042137,12058158,5.653
2026-05-27 11:30:00,12056913,12066677,12042925,12051300,6.25
2026-05-27 11:45:00,12053050,12069779,12048576,12069674,3.66
2026-05-27 12:00:00,12069055,12081306,12061738,12067837,5.558
2026-05-27 12:15:00,12068769,12068934,12056878,12063261,4.316
2026-05-27 12:30:00,12064877,12067744,12046334,12050012,4.094
2026-05-27 12:45:00,12048758,12052590,12023538,12032540,12.717
2026-05-27 13:00:00,12030391,12041667,12025448,12026423,5.507
2026-05-27 13:15:00,12026339,12028130,12005234,12009906,6.948
2026-05-27 13:30:00,12006159,12010357,11978000,11988545,10.337
2026-05-27 13:45:00,11988442,12026418,11988311,12023600,4.632
2026-05-27 14:00:00,12023157,12035180,12023157,12032032,5.087
2026-05-27 14:15:00,12033257,12046449,12028019,12040950,2.615
2026-05-27 14:30:00,12040547,12051362,12029865,12037351,5.871
2026-05-27 14:45:00,12037156,12056996,12037156,12051835,4.212
2026-05-27 15:00:00,12051897,12068028,12051319,12058419,5.378
2026-05-27 15:15:00,12056667,12058921,12048695,12057831,3.742
2026-05-27 15:30:00,12056292,12069652,12054391,12066915,4.344
2026-05-27 15:45:00,12065803,12078233,12061422,12072056,3.602
2026-05-27 16:00:00,12074011,12080511,12061177,12065904,4.09
2026-05-27 16:15:00,12065127,12080281,12059021,12076376,2.236
2026-05-27 16:30:00,12079373,12090771,12071059,12076087,11.939
2026-05-27 16:45:00,12078879,12093898,12078879,12089828,3.184
2026-05-27 17:00:00,12090706,12099735,12078911,12083924,4.78
2026-05-27 17:15:00,12085112,12118618,12080015,12113381,9.184
2026-05-27 17:30:00,12112262,12113017,12094497,12098739,4.927
2026-05-27 17:45:00,12097941,12101956,12076400,12080795,2.543
2026-05-27 18:00:00,12081810,12084999,12058448,12059042,5.952
2026-05-27 18:15:00,12059150,12073478,12051200,12067825,3.93
2026-05-27 18:30:00,12068771,12094265,12066901,12086440,4.556
2026-05-27 18:45:00,12088249,12089025,12076258,12083667,2.224
2026-05-27 19:00:00,12085444,12090073,12078132,12089967,3.086
2026-05-27 19:15:00,12089967,12108516,12088000,12103159,8.244
2026-05-27 19:30:00,12101073,12105594,12078640,12084272,5.082
2026-05-27 19:45:00,12084982,12093621,12083041,12086251,2.5
2026-05-27 20:00:00,12084421,12098159,12082779,12090642,1.928
2026-05-27 20:15:00,12090637,12106151,12088939,12090862,5.982
2026-05-27 20:30:00,12086264,12092404,12071023,12079999,7.421
2026-05-27 20:45:00,12080106,12081679,12067439,12068736,2.771
2026-05-27 21:00:00,12070078,12071920,12040281,12045918,8.111
2026-05-27 21:15:00,12048400,12118115,12040000,12081492,27.886
2026-05-27 21:30:00,12080687,12086971,12060012,12076228,6.826
2026-05-27 21:45:00,12080646,12080646,12047552,12048698,10.032
2026-05-27 22:00:00,12050557,12061611,12002809,12009759,9.824
2026-05-27 22:15:00,12008254,12016412,11967612,11974623,19.708
2026-05-27 22:30:00,11971943,11993919,11916240,11926780,38.098
2026-05-27 22:45:00,11928624,11956000,11916723,11946710,17.363
2026-05-27 23:00:00,11947770,11980785,11928020,11935561,14.979
2026-05-27 23:15:00,11938000,11964023,11900021,11916394,15.425
2026-05-27 23:30:00,11916689,11961000,11904778,11946149,21.591
2026-05-27 23:45:00,11948353,11965362,11940513,11953398,4.896
2026-05-28 00:00:00,11952758,11970610,11944421,11963058,6.128
2026-05-28 00:15:00,11962598,12008476,11958900,11999386,12.095
2026-05-28 00:30:00,12001456,12023292,11967985,11979232,16.302
2026-05-28 00:45:00,11975291,12009102,11974707,11994104,8.636
2026-05-28 01:00:00,11994158,12005472,11976673,11990812,6.888
2026-05-28 01:15:00,11990210,11991194,11952265,11961484,8.118
2026-05-28 01:30:00,11961364,11973308,11946380,11971596,8.198
2026-05-28 01:45:00,11971041,11993857,11964728,11991515,10.376
2026-05-28 02:00:00,11992752,11996897,11940000,11943527,9.984
2026-05-28 02:15:00,11941890,11961905,11931794,11948478,4.201
2026-05-28 02:30:00,11947108,11953145,11923534,11931325,5.134
2026-05-28 02:45:00,11931159,11940845,11893035,11922123,9.746
2026-05-28 03:00:00,11921697,11937769,11890001,11902608,6.968
2026-05-28 03:15:00,11903174,11932382,11899570,11929333,4.822
2026-05-28 03:30:00,11929081,11944050,11925408,11941461,4.144
2026-05-28 03:45:00,11939180,11946422,11935461,11946192,3.382
2026-05-28 04:00:00,11946937,11951686,11935835,11949787,2.54
2026-05-28 04:15:00,11950482,11955775,11937596,11947949,3.866
2026-05-28 04:30:00,11947325,11958000,11937476,11939354,5.285
2026-05-28 04:45:00,11943774,11954449,11935056,11951127,3.708
2026-05-28 05:00:00,11951811,11991162,11949152,11990208,6.281
2026-05-28 05:15:00,11990068,12012903,11986203,11987265,19.364
2026-05-28 05:30:00,11986606,11991011,11977846,11982912,3.783
2026-05-28 05:45:00,11982762,11992772,11981115,11984791,2.434
2026-05-28 06:00:00,11983777,11985218,11964205,11968443,5.093
2026-05-28 06:15:00,11968239,11973590,11956141,11956141,1.438
2026-05-28 06:30:00,11955904,11958959,11855131,11890541,17.592
2026-05-28 06:45:00,11890552,11890552,11841458,11864519,19.196
2026-05-28 07:00:00,11867014,11906801,11832560,11852101,17.901
2026-05-28 07:15:00,11849601,11888888,11824960,11883455,13.432
2026-05-28 07:30:00,11879330,11893397,11859597,11886873,6.884
2026-05-28 07:45:00,11887486,11892712,11851076,11854729,8.06
2026-05-28 08:00:00,11853014,11863491,11846000,11859919,6.802
2026-05-28 08:15:00,11861507,11877540,11829431,11838834,10.636
2026-05-28 08:30:00,11840191,11854343,11831849,11850103,5.138
2026-05-28 08:45:00,11851790,11869267,11837668,11864677,7.67
2026-05-28 09:00:00,11862450,11885000,11859300,11864499,4.784
2026-05-28 09:15:00,11864092,11884751,11851960,11868653,5.712
2026-05-28 09:30:00,11870465,11887119,11870097,11886440,4.972
2026-05-28 09:45:00,11887465,11889920,11869416,11886674,7.04
2026-05-28 10:00:00,11887094,11888640,11866222,11870848,3.791
2026-05-28 10:15:00,11870577,11875844,11821936,11838671,12.273
2026-05-28 10:30:00,11838366,11855933,11823035,11838169,9.575
2026-05-28 10:45:00,11839851,11858551,11836838,11851329,4.228
2026-05-28 11:00:00,11852865,11859648,11836169,11854679,7.826
2026-05-28 11:15:00,11854179,11858560,11820573,11829596,7.862
2026-05-28 11:30:00,11828873,11838767,11812572,11831154,12.137
2026-05-28 11:45:00,11828994,11851556,11828994,11837043,7.494
2026-05-28 12:00:00,11838090,11851417,11813221,11824582,9.088
2026-05-28 12:15:00,11828220,11829963,11700000,11751855,54.761
2026-05-28 12:30:00,11750948,11760755,11699628,11706174,43.154
2026-05-28 12:45:00,11710780,11729903,11643520,11682755,44.584
2026-05-28 13:00:00,11679029,11681040,11586139,11644056,36.904
2026-05-28 13:15:00,11644266,11651813,11606894,11633995,13.55
2026-05-28 13:30:00,11631990,11665889,11623662,11663397,9.024
2026-05-28 13:45:00,11658598,11664470,11647716,11660577,4.246
2026-05-28 14:00:00,11658000,11659356,11631660,11635000,7.086
2026-05-28 14:15:00,11638572,11640139,11621013,11628467,5.21
2026-05-28 14:30:00,11628467,11647214,11620000,11636540,8.916
2026-05-28 14:45:00,11640050,11644491,11618313,11630763,9.453
2026-05-28 15:00:00,11628645,11636017,11623776,11630000,3.87
2026-05-28 15:15:00,11629626,11635000,11610446,11620074,7.498
2026-05-28 15:30:00,11622168,11622386,11589283,11610000,5.11
2026-05-28 15:45:00,11612332,11663192,11612331,11663192,17.244
2026-05-28 16:00:00,11658854,11663236,11651257,11660701,13.119
2026-05-28 16:15:00,11661400,11683280,11661400,11670040,7.759
2026-05-28 16:30:00,11671858,11711280,11671858,11708326,9.907
2026-05-28 16:45:00,11707370,11707619,11690219,11706094,3.242
2026-05-28 17:00:00,11705266,11706729,11678474,11697045,4.05
2026-05-28 17:15:00,11698708,11698708,11663692,11668518,2.744
2026-05-28 17:30:00,11668634,11677000,11658080,11670000,11.56
2026-05-28 17:45:00,11670991,11687767,11670991,11676403,14.762
2026-05-28 18:00:00,11675404,11687142,11662691,11668606,4.11
2026-05-28 18:15:00,11671473,11684021,11665436,11679716,3.382
2026-05-28 18:30:00,11680552,11698500,11675203,11695469,11.314
2026-05-28 18:45:00,11695939,11707476,11695939,11703732,9.764
2026-05-28 19:00:00,11704116,11716813,11699095,11710064,3.784
2026-05-28 19:15:00,11707784,11712164,11672934,11686434,7.964
2026-05-28 19:30:00,11686043,11702034,11684967,11700562,3.582
2026-05-28 19:45:00,11699612,11713277,11677187,11684587,16.221
2026-05-28 20:00:00,11685436,11694052,11671950,11685250,5.772
2026-05-28 20:15:00,11688360,11692125,11670400,11675080,8.772
2026-05-28 20:30:00,11676990,11692307,11669373,11692307,2.24
2026-05-28 20:45:00,11693227,11706225,11688791,11699653,10.414
2026-05-28 21:00:00,11698937,11703726,11681773,11682868,8.97
2026-05-28 21:15:00,11683239,11684868,11657451,11680332,10.246
2026-05-28 21:30:00,11679893,11702512,11668201,11690998,8.951
2026-05-28 21:45:00,11691233,11704822,11690748,11698224,5.03
2026-05-28 22:00:00,11697694,11703849,11668210,11673268,5.756
2026-05-28 22:15:00,11670585,11670915,11615534,11640500,27.591
2026-05-28 22:30:00,11642955,11642955,11584292,11588193,27.983
2026-05-28 22:45:00,11588889,11642400,11588889,11629798,16.529
2026-05-28 23:00:00,11628556,11663895,11556622,11662784,53.627
2026-05-28 23:15:00,11659694,11703891,11591188,11604233,33.978
2026-05-28 23:30:00,11601658,11619364,11577606,11585279,26.437
2026-05-28 23:45:00,11588189,11615836,11559577,11610949,26.8
2026-05-29 00:00:00,11613578,11638143,11585811,11588803,11.748
2026-05-29 00:15:00,11587696,11602009,11561038,11600322,15.231
2026-05-29 00:30:00,11602073,11610000,11581042,11608233,13.254
2026-05-29 00:45:00,11610141,11618917,11593122,11601238,8.29
2026-05-29 01:00:00,11603717,11636982,11568022,11628158,18.079
2026-05-29 01:15:00,11628158,11650000,11619711,11631011,10.894
2026-05-29 01:30:00,11629860,11659629,11626355,11659629,7.316
2026-05-29 01:45:00,11660358,11670982,11644990,11669149,10.702
2026-05-29 02:00:00,11670274,11685000,11652337,11681023,5.406
2026-05-29 02:15:00,11680720,11680964,11653085,11662368,5.608
2026-05-29 02:30:00,11661366,11689546,11657614,11679295,6.992
2026-05-29 02:45:00,11681399,11730000,11681399,11690831,16.919
2026-05-29 03:00:00,11690430,11720454,11685220,11706963,5.398
2026-05-29 03:15:00,11706198,11723078,11701133,11703618,3.678
2026-05-29 03:30:00,11704413,11719569,11701114,11706127,4.514
2026-05-29 03:45:00,11709065,11726183,11703026,11714728,1.56
2026-05-29 04:00:00,11713795,11713795,11684027,11689633,4.658
2026-05-29 04:15:00,11688538,11698298,11679290,11698298,2.476
2026-05-29 04:30:00,11699654,11701870,11674138,11675925,3.99
2026-05-29 04:45:00,11677456,11691231,11668544,11676041,8.488
2026-05-29 05:00:00,11677862,11696836,11649461,11682778,12.035
2026-05-29 05:15:00,11682546,11716200,11680528,11715254,4.726
2026-05-29 05:30:00,11711986,11725778,11706573,11720235,3.342
2026-05-29 05:45:00,11719332,11719332,11697148,11699944,2.704
2026-05-29 06:00:00,11700794,11718100,11692552,11715804,13.562
2026-05-29 06:15:00,11714209,11725000,11711094,11715162,6.436
2026-05-29 06:30:00,11715293,11752907,11715146,11748682,11.672
2026-05-29 06:45:00,11748045,11748682,11734479,11736367,3.785
2026-05-29 07:00:00,11735715,11756861,11718114,11720815,9.768
2026-05-29 07:15:00,11718708,11721224,11703440,11705212,6.881
2026-05-29 07:30:00,11702920,11706262,11685551,11685611,7.192
2026-05-29 07:45:00,11686246,11703645,11679791,11682714,5.128
2026-05-29 08:00:00,11685201,11699916,11684625,11699916,4.419
2026-05-29 08:15:00,11698967,11714164,11695697,11713088,3.791
2026-05-29 08:30:00,11714375,11719791,11694821,11705768,3.987
2026-05-29 08:45:00,11704484,11713642,11697872,11707313,3.044
2026-05-29 09:00:00,11709633,11740639,11709560,11732162,8.868
2026-05-29 09:15:00,11731417,11747000,11722147,11734193,5.176
2026-05-29 09:30:00,11738275,11749000,11731674,11747966,4.336
2026-05-29 09:45:00,11748512,11748512,11721971,11726815,3.96
2026-05-29 10:00:00,11728272,11754960,11728272,11736677,11.51
2026-05-29 10:15:00,11737449,11739791,11700000,11707719,6.928
2026-05-29 10:30:00,11703079,11706833,11691998,11701308,5.234
2026-05-29 10:45:00,11701710,11720281,11694367,11715143,5.579
2026-05-29 11:00:00,11713421,11720011,11702874,11716180,6.354
2026-05-29 11:15:00,11717178,11719703,11674967,11676353,9.798
2026-05-29 11:30:00,11675965,11696980,11667711,11671461,11.066
2026-05-29 11:45:00,11673239,11681168,11644783,11653405,11.042
2026-05-29 12:00:00,11654718,11692030,11654718,11689362,7.706
2026-05-29 12:15:00,11688631,11689229,11680605,11683654,2.98
2026-05-29 12:30:00,11684455,11693895,11662814,11676814,10.266
2026-05-29 12:45:00,11676526,11677885,11663237,11667522,2.706
2026-05-29 13:00:00,11671376,11684389,11653510,11658745,7.975
2026-05-29 13:15:00,11659818,11681698,11659818,11678397,2.977
2026-05-29 13:30:00,11678597,11692050,11677051,11684011,2.8
2026-05-29 13:45:00,11688831,11700065,11682754,11697234,3.364
2026-05-29 14:00:00,11699671,11719648,11697114,11713153,3.388
2026-05-29 14:15:00,11713042,11716423,11704614,11716320,3.847
2026-05-29 14:30:00,11714932,11716332,11699636,11700738,3.232
2026-05-29 14:45:00,11700490,11735527,11700327,11731015,9.155
2026-05-29 15:00:00,11730261,11733114,11720325,11730447,3.142
2026-05-29 15:15:00,11730975,11764739,11730272,11739764,9.624
2026-05-29 15:30:00,11737270,11738479,11720816,11726220,1.854
2026-05-29 15:45:00,11726825,11743053,11725847,11736517,2.526
2026-05-29 16:00:00,11734629,11745685,11729823,11745685,5.545
2026-05-29 16:15:00,11742752,11746186,11735607,11738094,4.954
2026-05-29 16:30:00,11740422,11740422,11683610,11686822,7.493
2026-05-29 16:45:00,11685573,11703954,11677780,11702543,3.349
2026-05-29 17:00:00,11701666,11734323,11700082,11730599,5.964
2026-05-29 17:15:00,11730825,11753618,11728215,11744870,3.174
2026-05-29 17:30:00,11744665,11751613,11736278,11747800,3.58
2026-05-29 17:45:00,11750000,11750000,11722542,11723907,3.184
2026-05-29 18:00:00,11728026,11756229,11721926,11747918,4.288
2026-05-29 18:15:00,11746602,11762591,11746388,11756390,4.246
2026-05-29 18:30:00,11756018,11756248,11747323,11748932,1.972
2026-05-29 18:45:00,11748602,11748602,11731388,11734990,5.17
2026-05-29 19:00:00,11736510,11737606,11727265,11731182,3.738
2026-05-29 19:15:00,11729346,11731918,11714827,11718066,5.088
2026-05-29 19:30:00,11715840,11732414,11710843,11718046,4.873
2026-05-29 19:45:00,11714541,11730447,11711301,11723760,5.552
2026-05-29 20:00:00,11720025,11729994,11715850,11725470,4.112
2026-05-29 20:15:00,11725337,11732771,11709218,11712544,4.248
2026-05-29 20:30:00,11712376,11712849,11695801,11698220,5.446
2026-05-29 20:45:00,11699096,11702126,11670808,11692371,4.628
2026-05-29 21:00:00,11691149,11692092,11667520,11670438,4.062
2026-05-29 21:15:00,11669945,11682757,11663756,11665899,3.048
2026-05-29 21:30:00,11666637,11670213,11651939,11659639,6.53
2026-05-29 21:45:00,11660766,11681577,11650000,11667065,7.26
2026-05-29 22:00:00,11665555,11666766,11625206,11636011,9.674
2026-05-29 22:15:00,11636775,11639015,11612558,11628524,13.394
2026-05-29 22:30:00,11629450,11669816,11601757,11657036,21.41
2026-05-29 22:45:00,11657200,11669544,11628028,11639221,8.365
2026-05-29 23:00:00,11640000,11647562,11599420,11621419,14.116
2026-05-29 23:15:00,11618140,11630138,11540319,11576482,22.155
2026-05-29 23:30:00,11579349,11599667,11550000,11559085,9.962
2026-05-29 23:45:00,11557388,11632019,11555422,11619959,27.961
2026-05-30 00:00:00,11621388,11719999,11607301,11710525,26.514
2026-05-30 00:15:00,11708712,11727596,11677000,11709253,20.548
2026-05-30 00:30:00,11709020,11795000,11709020,11737022,29.621
2026-05-30 00:45:00,11737415,11750000,11722524,11738496,11.166
2026-05-30 01:00:00,11738964,11773795,11734932,11765646,7.588
2026-05-30 01:15:00,11765883,11767874,11698645,11713160,12.85
2026-05-30 01:30:00,11712797,11780616,11712143,11770699,15.816
2026-05-30 01:45:00,11769557,11785558,11752730,11771797,11.21
2026-05-30 02:00:00,11774030,11817888,11753065,11806888,14.815
2026-05-30 02:15:00,11807091,11821101,11792476,11804866,20.289
2026-05-30 02:30:00,11807395,11821059,11801165,11801823,6.856
2026-05-30 02:45:00,11800598,11800598,11756382,11767080,7.784
2026-05-30 03:00:00,11767415,11781235,11760890,11774386,6.129
2026-05-30 03:15:00,11778094,11778094,11729466,11737354,15.872
2026-05-30 03:30:00,11736895,11749709,11733631,11742797,2.772
2026-05-30 03:45:00,11739348,11739348,11643801,11674158,16.023
2026-05-30 04:00:00,11677935,11699873,11666530,11684470,5.566
2026-05-30 04:15:00,11684114,11689205,11656446,11668334,9.49
2026-05-30 04:30:00,11670999,11734576,11669995,11725741,10.064
2026-05-30 04:45:00,11726597,11731100,11697005,11697530,6.278
2026-05-30 05:00:00,11698492,11721041,11695829,11718002,5.464
2026-05-30 05:15:00,11715093,11733926,11707544,11726587,5.658
2026-05-30 05:30:00,11726678,11734477,11723640,11724399,2.016
2026-05-30 05:45:00,11725650,11731140,11712139,11722040,6.226
2026-05-30 06:00:00,11722687,11747816,11717608,11739115,5.9
2026-05-30 06:15:00,11740450,11741887,11700347,11701168,8.095
2026-05-30 06:30:00,11699583,11714337,11690000,11711854,4.528
2026-05-30 06:45:00,11712733,11714563,11683359,11685391,4.536
2026-05-30 07:00:00,11685714,11698844,11678524,11682640,4.62
2026-05-30 07:15:00,11683115,11708924,11682681,11701316,2.706
2026-05-30 07:30:00,11701098,11703246,11685311,11690417,3.174
2026-05-30 07:45:00,11691054,11699622,11679961,11694424,7.052
2026-05-30 08:00:00,11693351,11698141,11678728,11684987,2.456
2026-05-30 08:15:00,11683513,11691165,11668717,11679432,7.286
2026-05-30 08:30:00,11679820,11687909,11667857,11685177,4.042
2026-05-30 08:45:00,11685183,11700000,11682700,11692224,3.344
2026-05-30 09:00:00,11691797,11692957,11691797,11692957,0.158
2026-05-30 11:00:00,11692957,11740959,11692957,11727824,6.663
2026-05-30 11:15:00,11726349,11729199,11711512,11715775,8.93
2026-05-30 11:30:00,11714899,11737165,11714899,11730696,8.73
2026-05-30 11:45:00,11730696,11741799,11728458,11741799,1.528
2026-05-30 12:00:00,11741141,11744995,11735068,11738805,2.212
2026-05-30 12:15:00,11736838,11738408,11722036,11724943,0.976
2026-05-30 12:30:00,11722780,11723048,11705901,11708324,2.692
2026-05-30 12:45:00,11708034,11716761,11705508,11706303,1.102
2026-05-30 13:00:00,11706329,11716071,11679225,11700006,3.296
2026-05-30 13:15:00,11700930,11700930,11674092,11681877,5.064
2026-05-30 13:30:00,11680877,11685326,11657399,11674632,5.579
2026-05-30 13:45:00,11674632,11686595,11671455,11686595,2.904
2026-05-30 14:00:00,11685525,11717871,11677290,11701824,9.817
2026-05-30 14:15:00,11702357,11714301,11702357,11706462,2.504
2026-05-30 14:30:00,11706091,11715914,11706091,11715914,2.006
2026-05-30 14:45:00,11715892,11724562,11715199,11718394,1.256
2026-05-30 15:00:00,11719315,11720795,11707652,11708605,1.278
2026-05-30 15:15:00,11709023,11721067,11708597,11720106,1.14
2026-05-30 15:30:00,11721067,11735203,11720418,11724929,7.882
2026-05-30 15:45:00,11725071,11725071,11709832,11715549,2.592
2026-05-30 16:00:00,11713004,11713667,11705945,11709714,1.3
2026-05-30 16:15:00,11710352,11713506,11709548,11712681,0.42
2026-05-30 16:30:00,11711234,11716077,11698175,11701960,3.926
2026-05-30 16:45:00,11700700,11710864,11700000,11710864,1.706
2026-05-30 17:00:00,11710540,11710540,11706684,11709474,0.69
2026-05-30 17:15:00,11705644,11709618,11698166,11706607,2.386
2026-05-30 17:30:00,11707594,11707948,11699520,11704814,1.61
2026-05-30 17:45:00,11702837,11705229,11699728,11702896,2.138
2026-05-30 18:00:00,11703659,11705841,11694667,11704856,4.598
2026-05-30 18:15:00,11706129,11710399,11702021,11708121,1.278
2026-05-30 18:30:00,11707355,11710348,11703839,11707101,1.08
2026-05-30 18:45:00,11707404,11716092,11705739,11714909,1.318
2026-05-30 19:00:00,11716607,11720500,11711636,11715912,1.586
2026-05-30 19:15:00,11715677,11725000,11715677,11717610,3.42
2026-05-30 19:30:00,11717067,11721613,11713441,11718915,4.194
2026-05-30 19:45:00,11719261,11723121,11712742,11717941,1.976
2026-05-30 20:00:00,11717309,11718656,11710874,11710874,0.612
2026-05-30 20:15:00,11712539,11714911,11705051,11706990,1.698
2026-05-30 20:30:00,11708121,11715944,11707553,11715944,0.84
2026-05-30 20:45:00,11713275,11715956,11706703,11712555,2.06
2026-05-30 21:00:00,11712362,11713360,11708550,11712236,2.286
2026-05-30 21:15:00,11713239,11726639,11711509,11720394,3.456
2026-05-30 21:30:00,11719009,11730273,11719009,11724939,2.406
2026-05-30 21:45:00,11724739,11728277,11721405,11727889,1.67
2026-05-30 22:00:00,11727042,11740000,11725744,11734501,3.728
2026-05-30 22:15:00,11732001,11754960,11728697,11738902,7.987
2026-05-30 22:30:00,11738902,11739738,11719577,11734603,5.776
2026-05-30 22:45:00,11732681,11752209,11732681,11746164,6.7
2026-05-30 23:00:00,11748107,11772580,11744202,11763697,6.211
2026-05-30 23:15:00,11762240,11782141,11754960,11778812,5.129
2026-05-30 23:30:00,11782724,11789097,11771200,11772000,7.784
2026-05-30 23:45:00,11771280,11776818,11756702,11758937,3.726
2026-05-31 00:00:00,11759919,11776657,11750634,11775284,4.016
2026-05-31 00:15:00,11774039,11776146,11748098,11762389,9.319
2026-05-31 00:30:00,11760974,11763000,11744848,11751768,6.077
2026-05-31 00:45:00,11752942,11766921,11752289,11758580,2.391
2026-05-31 01:00:00,11759120,11767421,11752319,11765854,3.024
2026-05-31 01:15:00,11764717,11766996,11756052,11758322,1.586
2026-05-31 01:30:00,11758632,11768347,11754966,11762391,2.11
2026-05-31 01:45:00,11765778,11767264,11757002,11762547,1.36
2026-05-31 02:00:00,11763047,11765291,11753055,11759270,4.748
2026-05-31 02:15:00,11760446,11777102,11756320,11760588,5.323
2026-05-31 02:30:00,11758957,11765314,11742477,11764907,9.09
2026-05-31 02:45:00,11765650,11776056,11765650,11772099,1.512
2026-05-31 03:00:00,11773466,11776707,11770558,11775594,0.976
2026-05-31 03:15:00,11773336,11791072,11758880,11764866,5.249
2026-05-31 03:30:00,11765767,11786535,11763277,11784342,3.1
2026-05-31 03:45:00,11786524,11792438,11769805,11776100,2.772
2026-05-31 04:00:00,11775958,11777939,11770843,11776626,1.134
2026-05-31 04:15:00,11779370,11782362,11769817,11770727,1.264
2026-05-31 04:30:00,11770278,11777572,11767359,11773833,3.458
2026-05-31 04:45:00,11774678,11781532,11770269,11770269,2.106
2026-05-31 05:00:00,11771175,11772300,11761149,11761149,1.814
2026-05-31 05:15:00,11762117,11766406,11762102,11764477,1.494
2026-05-31 05:30:00,11763326,11764536,11756414,11756414,3.41
2026-05-31 05:45:00,11758093,11765797,11756177,11763811,4.292
2026-05-31 06:00:00,11766227,11767494,11761269,11766529,1.892
2026-05-31 06:15:00,11765416,11769058,11758880,11765153,3.953
2026-05-31 06:30:00,11765985,11774273,11761462,11762716,2.934
2026-05-31 06:45:00,11762249,11768721,11756644,11765115,3.552
2026-05-31 07:00:00,11766253,11766253,11744257,11753509,3.6
2026-05-31 07:15:00,11754934,11757335,11745782,11755014,2.988
2026-05-31 07:30:00,11754315,11755392,11738000,11740102,3.81
2026-05-31 07:45:00,11740798,11752743,11739357,11749396,1.346
2026-05-31 08:00:00,11749931,11767157,11742901,11744213,4.126
2026-05-31 08:15:00,11744909,11750897,11740189,11745266,2.946
2026-05-31 08:30:00,11743604,11746023,11733107,11737105,4.864
2026-05-31 08:45:00,11738096,11750000,11737436,11750000,2.096
2026-05-31 09:00:00,11749072,11757777,11743895,11748875,4.226
2026-05-31 09:15:00,11748403,11773167,11746561,11760857,3.032
2026-05-31 09:30:00,11763823,11771320,11757000,11761581,2.213
2026-05-31 09:45:00,11759188,11773594,11754280,11772339,3.274
2026-05-31 10:00:00,11771380,11793067,11769792,11791344,5.405
2026-05-31 10:15:00,11789698,11810000,11780720,11783992,9.407
2026-05-31 10:30:00,11784277,11802521,11778232,11778232,4.785
2026-05-31 10:45:00,11777431,11790380,11773442,11773671,4.35
2026-05-31 11:00:00,11775845,11793907,11775845,11792785,2.686
2026-05-31 11:15:00,11794836,11807055,11763143,11763143,6.178
2026-05-31 11:30:00,11765125,11774485,11750001,11766043,5.848
2026-05-31 11:45:00,11765287,11785329,11757237,11782629,4.0
2026-05-31 12:00:00,11782629,11794422,11780000,11794421,3.174
2026-05-31 12:15:00,11794421,11802391,11786412,11802084,3.958
2026-05-31 12:30:00,11799033,11799033,11787903,11795199,1.98
2026-05-31 12:45:00,11795207,11799957,11789245,11791810,2.246
2026-05-31 13:00:00,11790953,11795670,11785078,11785078,2.272
2026-05-31 13:15:00,11787738,11804804,11784231,11797611,1.44
2026-05-31 13:30:00,11797611,11802208,11790920,11800456,1.506
2026-05-31 13:45:00,11800456,11807544,11794279,11798468,3.746
2026-05-31 14:00:00,11800159,11804214,11795010,11796378,2.36
2026-05-31 14:15:00,11798178,11800157,11790896,11796504,2.782
2026-05-31 14:30:00,11794042,11799401,11784972,11788287,4.42
2026-05-31 14:45:00,11788258,11789215,11777817,11778366,3.012
2026-05-31 15:00:00,11778070,11779517,11769294,11771598,6.864
2026-05-31 15:15:00,11770551,11777985,11770433,11775339,1.866
2026-05-31 15:30:00,11772224,11785908,11772224,11779294,1.584
2026-05-31 15:45:00,11780621,11780622,11776533,11777866,0.374
2026-05-31 16:00:00,11776326,11777286,11765152,11768168,5.194
2026-05-31 16:15:00,11766848,11767618,11756134,11757421,3.346
2026-05-31 16:30:00,11757750,11759440,11745236,11750839,4.651
2026-05-31 16:45:00,11750958,11759153,11749208,11752295,3.913
2026-05-31 17:00:00,11751389,11770047,11751340,11758837,7.077
2026-05-31 17:15:00,11758462,11770862,11757493,11770000,3.066
2026-05-31 17:30:00,11769480,11769480,11749663,11756742,2.671
2026-05-31 17:45:00,11757153,11770011,11749819,11764223,4.612
2026-05-31 18:00:00,11763574,11764213,11750745,11756524,6.044
2026-05-31 18:15:00,11754534,11767716,11751821,11765488,3.288
2026-05-31 18:30:00,11766014,11776155,11760833,11765913,2.848
2026-05-31 18:45:00,11766047,11770220,11739336,11745808,4.772
2026-05-31 19:00:00,11747058,11750264,11740166,11747428,1.874
2026-05-31 19:15:00,11744979,11744979,11725711,11739104,4.928
2026-05-31 19:30:00,11738441,11746652,11738232,11744035,2.09
2026-05-31 19:45:00,11742777,11754334,11738674,11753501,3.118
2026-05-31 20:00:00,11755016,11761855,11752292,11752486,1.746
2026-05-31 20:15:00,11755594,11764475,11752709,11764475,0.91
2026-05-31 20:30:00,11762621,11763913,11754791,11762863,2.486
2026-05-31 20:45:00,11760722,11763554,11755032,11758041,1.436
2026-05-31 21:00:00,11757001,11766407,11749918,11758788,3.668
2026-05-31 21:15:00,11758261,11768990,11758261,11759027,2.876
2026-05-31 21:30:00,11759792,11767830,11752325,11766257,1.728
2026-05-31 21:45:00,11767840,11769305,11753032,11758789,2.57
2026-05-31 22:00:00,11759663,11764168,11751697,11761845,1.774
2026-05-31 22:15:00,11762663,11772292,11759566,11762225,3.322
2026-05-31 22:30:00,11763402,11764408,11748240,11753843,2.524
2026-05-31 22:45:00,11751922,11754419,11739188,11747998,2.226
2026-05-31 23:00:00,11748155,11749146,11717648,11725841,10.073
2026-05-31 23:15:00,11725186,11734540,11691915,11708776,23.489
2026-05-31 23:30:00,11708152,11732518,11705423,11709031,9.654
2026-05-31 23:45:00,11709314,11723272,11705000,11708192,4.208
2026-06-01 00:00:00,11708198,11721619,11704703,11721619,5.712
2026-06-01 00:15:00,11718103,11735791,11715369,11728761,2.812
2026-06-01 00:30:00,11728761,11732484,11710000,11715474,3.448
2026-06-01 00:45:00,11713090,11719966,11712041,11718189,1.216
2026-06-01 01:00:00,11716704,11728530,11710000,11712493,2.276
2026-06-01 01:15:00,11710967,11714154,11696970,11709873,5.742
2026-06-01 01:30:00,11708276,11708276,11676338,11692957,11.922
2026-06-01 01:45:00,11691838,11699294,11682604,11698287,2.876
2026-06-01 02:00:00,11698548,11703880,11686538,11694917,4.57
2026-06-01 02:15:00,11695744,11706497,11694970,11705694,3.522
2026-06-01 02:30:00,11706511,11725657,11706511,11725657,3.864
2026-06-01 02:45:00,11725824,11728322,11717595,11724309,1.914
2026-06-01 03:00:00,11723076,11725708,11707795,11717197,4.482
2026-06-01 03:15:00,11715956,11720038,11708732,11711646,1.324
2026-06-01 03:30:00,11712310,11726211,11712310,11715134,3.04
2026-06-01 03:45:00,11713310,11713310,11702489,11708968,2.142
2026-06-01 04:00:00,11707304,11713853,11704719,11706220,2.158
2026-06-01 04:15:00,11706009,11710500,11683989,11696254,1.184
2026-06-01 04:30:00,11697626,11700844,11683826,11695374,1.874
2026-06-01 04:45:00,11694372,11704740,11694036,11699450,2.058
2026-06-01 05:00:00,11702460,11723051,11702460,11720000,10.009
2026-06-01 05:15:00,11719933,11733165,11716092,11719146,2.27
2026-06-01 05:30:00,11719157,11725788,11718068,11722000,1.094
2026-06-01 05:45:00,11722229,11733611,11722000,11728317,3.124
2026-06-01 06:00:00,11729236,11733038,11722173,11723187,3.358
2026-06-01 06:15:00,11723187,11729907,11712811,11719145,2.058
2026-06-01 06:30:00,11716944,11732453,11712863,11729017,3.369
2026-06-01 06:45:00,11730604,11761246,11730604,11752333,15.78
2026-06-01 07:00:00,11753432,11770154,11726122,11762202,9.04
2026-06-01 07:15:00,11761925,11775974,11747606,11758224,4.561
2026-06-01 07:30:00,11759197,11776925,11757255,11760351,3.609
2026-06-01 07:45:00,11763506,11776463,11763359,11765468,6.305
2026-06-01 08:00:00,11769519,11804999,11765444,11766825,12.975
2026-06-01 08:15:00,11767956,11773272,11745769,11750365,6.283
2026-06-01 08:30:00,11750279,11751713,11699255,11708866,13.231
2026-06-01 08:45:00,11707090,11728323,11703407,11723815,5.684
2026-06-01 09:00:00,11724943,11756870,11720702,11741299,7.748
2026-06-01 09:15:00,11749292,11774000,11732160,11774000,4.752
2026-06-01 09:30:00,11776042,11793439,11752545,11769234,6.957
2026-06-01 09:45:00,11769190,11784257,11760875,11765044,8.401
2026-06-01 10:00:00,11765350,11769420,11715752,11716030,9.368
2026-06-01 10:15:00,11715919,11728070,11715918,11719305,5.054
2026-06-01 10:30:00,11719171,11731016,11698000,11705120,8.008
2026-06-01 10:45:00,11704405,11715946,11667410,11670224,12.898
2026-06-01 11:00:00,11671170,11714191,11658780,11709465,14.283
2026-06-01 11:15:00,11711248,11711248,11694505,11705952,4.039
2026-06-01 11:30:00,11707050,11760773,11697698,11746000,9.117
2026-06-01 11:45:00,11747045,11760000,11740400,11747680,12.402
2026-06-01 12:00:00,11749705,11783603,11748621,11763360,10.055
2026-06-01 12:15:00,11764235,11780000,11750576,11768814,9.148
2026-06-01 12:30:00,11769493,11776939,11751040,11759352,5.364
2026-06-01 12:45:00,11761058,11770011,11740976,11745030,6.527
2026-06-01 13:00:00,11746458,11757865,11718433,11721965,6.969
2026-06-01 13:15:00,11719890,11725280,11692500,11693287,17.537
2026-06-01 13:30:00,11692598,11706240,11692457,11702870,8.275
2026-06-01 13:45:00,11701023,11719292,11682000,11706780,12.776
2026-06-01 14:00:00,11706240,11709479,11696112,11707499,4.782
2026-06-01 14:15:00,11708474,11708753,11680000,11680000,8.242
2026-06-01 14:30:00,11680751,11693920,11676944,11691879,7.9
2026-06-01 14:45:00,11691532,11698133,11679793,11682569,4.549
2026-06-01 15:00:00,11681957,11684412,11662010,11673760,6.697
2026-06-01 15:15:00,11674093,11678496,11650000,11655834,10.245
2026-06-01 15:30:00,11655812,11661440,11626331,11630070,9.408
2026-06-01 15:45:00,11627163,11657000,11620000,11644220,13.478
2026-06-01 16:00:00,11639464,11653466,11630640,11639351,5.18
2026-06-01 16:15:00,11641524,11642875,11614062,11617071,12.122
2026-06-01 16:30:00,11616653,11621899,11601613,11618544,7.483
2026-06-01 16:45:00,11618104,11619879,11575200,11596424,15.207
2026-06-01 17:00:00,11591959,11601781,11587763,11595000,3.178
2026-06-01 17:15:00,11592595,11606000,11567125,11583492,9.902
2026-06-01 17:30:00,11580950,11604805,11564881,11588078,16.534
2026-06-01 17:45:00,11587327,11617172,11587327,11613621,13.329
2026-06-01 18:00:00,11613055,11628363,11610080,11620025,5.547
2026-06-01 18:15:00,11621122,11647251,11613850,11630165,9.09
2026-06-01 18:30:00,11628531,11635863,11609920,11616797,3.723
2026-06-01 18:45:00,11620486,11627286,11600000,11606649,13.813
2026-06-01 19:00:00,11606843,11610710,11591440,11595328,5.039
2026-06-01 19:15:00,11594647,11600881,11574414,11577843,12.366
2026-06-01 19:30:00,11583571,11593136,11561774,11579414,6.252
2026-06-01 19:45:00,11580525,11594800,11579365,11588000,6.965
2026-06-01 20:00:00,11588000,11590794,11573000,11577719,4.604
2026-06-01 20:15:00,11577605,11586147,11573483,11577644,3.428
2026-06-01 20:30:00,11576352,11590880,11565627,11585837,5.189
2026-06-01 20:45:00,11586089,11593559,11512988,11546022,26.388
2026-06-01 21:00:00,11551486,11568421,11454513,11480198,41.057
2026-06-01 21:15:00,11480517,11519760,11477982,11506685,27.324
2026-06-01 21:30:00,11505693,11519811,11500000,11508900,6.114
2026-06-01 21:45:00,11509684,11513505,11485818,11500631,11.674
2026-06-01 22:00:00,11503312,11507123,11433732,11452613,25.835
2026-06-01 22:15:00,11453937,11481119,11438305,11451733,17.431
2026-06-01 22:30:00,11452680,11495120,11415907,11420168,37.217
2026-06-01 22:45:00,11422620,11495000,11387224,11437368,43.003
2026-06-01 23:00:00,11441227,11466489,11405690,11427561,27.155
2026-06-01 23:15:00,11424089,11439087,11398491,11405216,23.121
2026-06-01 23:30:00,11408241,11415000,11389281,11398445,22.379
2026-06-01 23:45:00,11401597,11422607,11385277,11410940,18.253
2026-06-02 00:00:00,11414176,11431004,11390470,11404952,14.291
2026-06-02 00:15:00,11402670,11406080,11330000,11331569,33.393
2026-06-02 00:30:00,11331190,11394000,11326790,11361408,26.023
2026-06-02 00:45:00,11363228,11365031,11326530,11337453,10.98
2026-06-02 01:00:00,11336225,11348163,11270000,11301966,30.54
2026-06-02 01:15:00,11302186,11335008,11291092,11331997,20.908
2026-06-02 01:30:00,11335376,11377154,11324353,11375777,25.268
2026-06-02 01:45:00,11375777,11415600,11370240,11408000,26.244
2026-06-02 02:00:00,11407217,11424514,11390400,11414548,21.715
2026-06-02 02:15:00,11417786,11437501,11395391,11429770,11.516
2026-06-02 02:30:00,11429770,11439824,11399360,11431955,14.577
2026-06-02 02:45:00,11433700,11444458,11417343,11423208,6.454
2026-06-02 03:00:00,11420542,11428150,11390000,11394302,7.362
2026-06-02 03:15:00,11392951,11406405,11376143,11403146,4.692
2026-06-02 03:30:00,11406779,11429214,11399920,11400132,5.305
2026-06-02 03:45:00,11398240,11413145,11383680,11407145,5.987
2026-06-02 04:00:00,11408984,11408984,11390036,11394179,6.134
2026-06-02 04:15:00,11394548,11424000,11386644,11423241,7.697
2026-06-02 04:30:00,11422252,11428248,11406887,11424868,4.848
2026-06-02 04:45:00,11423150,11423150,11402858,11419515,5.132
2026-06-02 05:00:00,11419540,11419540,11404553,11413899,3.852
2026-06-02 05:15:00,11415994,11432873,11406126,11419463,4.472
2026-06-02 05:30:00,11423295,11432000,11417494,11419407,5.777
2026-06-02 05:45:00,11420212,11426229,11392745,11397234,7.121
2026-06-02 06:00:00,11396598,11398135,11346388,11357911,16.317
2026-06-02 06:15:00,11357911,11357911,11333769,11340496,7.08
2026-06-02 06:30:00,11345917,11347228,11310148,11323849,8.304
2026-06-02 06:45:00,11320756,11339322,11313426,11326432,7.008
2026-06-02 07:00:00,11324814,11327976,11293662,11318628,10.682
2026-06-02 07:15:00,11318647,11370686,11317111,11365925,8.773
2026-06-02 07:30:00,11366698,11375814,11330130,11342892,2.976
2026-06-02 07:45:00,11343191,11391910,11343191,11385257,6.584
2026-06-02 08:00:00,11385230,11389532,11369378,11375877,3.396
2026-06-02 08:15:00,11375666,11394001,11357615,11357615,4.484
2026-06-02 08:30:00,11359034,11410633,11357863,11402484,12.316
2026-06-02 08:45:00,11400664,11406902,11379876,11386846,9.575
2026-06-02 09:00:00,11385812,11386606,11361029,11366699,7.432
2026-06-02 09:15:00,11364726,11373029,11346220,11357338,3.238
2026-06-02 09:30:00,11359939,11371353,11339467,11351676,6.072
2026-06-02 09:45:00,11351927,11375862,11346101,11368655,7.666
2026-06-02 10:00:00,11370199,11382514,11360794,11380104,5.108
2026-06-02 10:15:00,11380948,11381958,11354728,11355634,5.004
2026-06-02 10:30:00,11354928,11360286,11285485,11315503,16.934
2026-06-02 10:45:00,11317668,11318420,11263184,11270077,11.327
2026-06-02 11:00:00,11270726,11282678,11186560,11220000,34.099
2026-06-02 11:15:00,11222454,11296249,11191563,11291292,18.788
2026-06-02 11:30:00,11295916,11305932,11256489,11260938,8.942
2026-06-02 11:45:00,11258304,11300000,11254908,11300000,9.438
2026-06-02 12:00:00,11299896,11332594,11292424,11306592,11.467
2026-06-02 12:15:00,11309221,11331366,11292457,11317183,11.692
2026-06-02 12:30:00,11315491,11322329,11308069,11321305,6.768
2026-06-02 12:45:00,11320965,11326353,11311358,11315410,6.638
2026-06-02 13:00:00,11313554,11325390,11274979,11284486,12.585
2026-06-02 13:15:00,11289148,11328475,11288048,11316837,12.61
2026-06-02 13:30:00,11314838,11329360,11308798,11324912,5.096
2026-06-02 13:45:00,11323144,11324223,11283196,11293772,7.08
2026-06-02 14:00:00,11294331,11300993,11259613,11294435,8.974
2026-06-02 14:15:00,11296017,11296017,11260230,11265106,8.443
2026-06-02 14:30:00,11265226,11282880,11236394,11247877,20.19
2026-06-02 14:45:00,11250271,11252460,11207490,11211269,26.557
2026-06-02 15:00:00,11211087,11242560,11204607,11218465,14.667
2026-06-02 15:15:00,11217655,11231206,11205699,11224866,12.093
2026-06-02 15:30:00,11224988,11233411,11209655,11209655,12.168
2026-06-02 15:45:00,11206791,11221128,11155760,11180189,28.634
2026-06-02 16:00:00,11184212,11190698,11124910,11173055,35.544
2026-06-02 16:15:00,11174113,11208051,11135581,11151246,12.167
2026-06-02 16:30:00,11150006,11205369,11148921,11193274,12.681
2026-06-02 16:45:00,11195345,11196446,11176462,11183531,4.919
2026-06-02 17:00:00,11180791,11187629,11156602,11172995,10.649
2026-06-02 17:15:00,11170703,11176168,11141870,11163028,14.235
2026-06-02 17:30:00,11164111,11179137,11145032,11145481,5.792
2026-06-02 17:45:00,11145421,11156837,11114320,11136142,11.174
2026-06-02 18:00:00,11136142,11143839,11084799,11094982,22.914
2026-06-02 18:15:00,11094033,11106959,11057869,11068330,21.76
2026-06-02 18:30:00,11068329,11092805,11058882,11082948,17.302
2026-06-02 18:45:00,11073964,11089786,11065953,11072998,8.254
2026-06-02 19:00:00,11072739,11123873,11060251,11109444,17.252
2026-06-02 19:15:00,11108000,11118615,11088810,11105610,8.233
2026-06-02 19:30:00,11105563,11110296,11072798,11081244,8.48
2026-06-02 19:45:00,11082286,11115162,11080193,11106907,6.853
2026-06-02 20:00:00,11106464,11109042,11084376,11094291,7.908
2026-06-02 20:15:00,11091864,11095442,11070750,11084705,5.152
2026-06-02 20:30:00,11085549,11093131,11069001,11081621,11.211
2026-06-02 20:45:00,11080196,11105378,11078718,11088510,8.827
2026-06-02 21:00:00,11082507,11094362,11053840,11064130,20.34
2026-06-02 21:15:00,11063679,11078160,11044253,11054423,17.598
2026-06-02 21:30:00,11053199,11053199,11020000,11044848,32.006
2026-06-02 21:45:00,11041846,11046381,11008148,11012063,14.109
2026-06-02 22:00:00,11012433,11040586,10990972,10997261,23.815
2026-06-02 22:15:00,10998869,11029993,10993424,11015421,20.07
2026-06-02 22:30:00,11014841,11029000,10975583,10991690,26.558
2026-06-02 22:45:00,10994822,11007938,10970000,10977589,12.446
2026-06-02 23:00:00,10979228,10982522,10900000,10946970,34.693
2026-06-02 23:15:00,10940908,10942865,10794902,10835168,55.205
2026-06-02 23:30:00,10832115,10895555,10830010,10852608,28.462
2026-06-02 23:45:00,10853060,10897099,10853060,10856984,24.472
2026-06-03 00:00:00,10857058,10870215,10823234,10830479,23.182
2026-06-03 00:15:00,10829545,10829545,10751600,10766868,43.075
2026-06-03 00:30:00,10764881,10781120,10705000,10739423,44.99
2026-06-03 00:45:00,10743262,10774960,10712004,10741710,15.338
2026-06-03 01:00:00,10740621,10854480,10728481,10848560,25.545
2026-06-03 01:15:00,10847547,10878880,10823664,10836435,29.111
2026-06-03 01:30:00,10835147,10836556,10783610,10801149,12.229
2026-06-03 01:45:00,10802481,10833582,10761039,10763165,13.457
2026-06-03 02:00:00,10765999,10798724,10758563,10780554,10.915
2026-06-03 02:15:00,10776791,10830399,10773265,10818620,8.432
2026-06-03 02:30:00,10815726,10832372,10774960,10782306,9.725
2026-06-03 02:45:00,10780702,10785049,10764587,10782510,5.252
2026-06-03 03:00:00,10780356,10807338,10773280,10796685,8.783
2026-06-03 03:15:00,10801482,10802358,10747522,10750374,6.189
2026-06-03 03:30:00,10750865,10758950,10731345,10746499,7.412
2026-06-03 03:45:00,10746655,10752695,10715040,10749409,5.789
2026-06-03 04:00:00,10750478,10763483,10733208,10753317,6.044
2026-06-03 04:15:00,10753071,10754343,10688384,10693689,37.697
2026-06-03 04:30:00,10695993,10701995,10603507,10685706,37.391
2026-06-03 04:45:00,10688019,10775423,10680557,10750178,16.199
2026-06-03 05:00:00,10750453,10778093,10712733,10760243,11.882
2026-06-03 05:15:00,10761797,10764636,10687519,10693514,12.86
2026-06-03 05:30:00,10691376,10756940,10691376,10750096,11.145
2026-06-03 05:45:00,10749324,10811290,10748072,10794976,15.484
2026-06-03 06:00:00,10793837,10833200,10764403,10773551,24.076
2026-06-03 06:15:00,10773439,10849680,10772493,10846080,18.037
2026-06-03 06:30:00,10845950,10849550,10815097,10817667,12.817
2026-06-03 06:45:00,10822050,10825360,10782672,10792348,11.23
2026-06-03 07:00:00,10792473,10793502,10736926,10739398,14.407
2026-06-03 07:15:00,10738746,10774594,10695444,10747544,24.499
2026-06-03 07:30:00,10747425,10752466,10670192,10696357,37.768
2026-06-03 07:45:00,10693665,10694591,10584475,10608585,50.165
2026-06-03 08:00:00,10609220,10659049,10579471,10656413,38.078
2026-06-03 08:15:00,10656266,10670800,10576382,10617981,29.459
2026-06-03 08:30:00,10614800,10662638,10587703,10659934,29.394
2026-06-03 08:45:00,10660298,10686596,10652639,10668528,15.19
2026-06-03 09:00:00,10668357,10690822,10645261,10675770,20.751
2026-06-03 09:15:00,10678174,10724315,10667183,10668298,16.933
2026-06-03 09:30:00,10667263,10730661,10655776,10713947,21.19
2026-06-03 09:45:00,10713947,10727055,10692413,10695621,8.87
2026-06-03 10:00:00,10693370,10695927,10648361,10673077,8.172
2026-06-03 10:15:00,10675814,10704992,10675705,10703484,8.608
2026-06-03 10:30:00,10701386,10708316,10614393,10618835,16.141
2026-06-03 10:45:00,10622729,10702516,10619851,10685548,10.233
2026-06-03 11:00:00,10685311,10685311,10652636,10669735,10.832
2026-06-03 11:15:00,10666822,10686441,10640155,10645872,15.456
2026-06-03 11:30:00,10647205,10676458,10637977,10660771,5.334
2026-06-03 11:45:00,10657589,10671479,10630463,10641267,9.596
2026-06-03 12:00:00,10638825,10645851,10606454,10624098,17.372
2026-06-03 12:15:00,10625004,10641723,10558000,10567967,43.45
2026-06-03 12:30:00,10568641,10587531,10500000,10503780,57.125
2026-06-03 12:45:00,10501679,10535861,10454102,10515304,61.536
2026-06-03 13:00:00,10511901,10634392,10511872,10588862,30.992
2026-06-03 13:15:00,10587276,10633959,10585680,10630000,11.223
2026-06-03 13:30:00,10630000,10630261,10588813,10612570,9.163
2026-06-03 13:45:00,10609454,10617452,10580043,10609125,8.036
2026-06-03 14:00:00,10610654,10745131,10610654,10716094,59.548
2026-06-03 14:15:00,10721576,10739762,10696202,10710767,10.033
2026-06-03 14:30:00,10711408,10711408,10662468,10705714,14.705
2026-06-03 14:45:00,10707491,10765013,10705714,10754137,37.065
2026-06-03 15:00:00,10752875,10760120,10717427,10723504,14.009
2026-06-03 15:15:00,10724885,10758932,10724885,10743061,9.32
2026-06-03 15:30:00,10740488,10785318,10734790,10755371,9.944
2026-06-03 15:45:00,10755918,10759931,10694320,10700156,13.436
2026-06-03 16:00:00,10700605,10727232,10682000,10710473,9.925
2026-06-03 16:15:00,10709366,10754799,10705477,10735950,11.064
2026-06-03 16:30:00,10733835,10743840,10701602,10718359,12.737
2026-06-03 16:45:00,10718752,10735359,10713923,10720893,4.578
2026-06-03 17:00:00,10718386,10723690,10695892,10698542,7.69
2026-06-03 17:15:00,10699089,10711587,10688164,10690978,6.523
2026-06-03 17:30:00,10690701,10725867,10676161,10706776,21.976
2026-06-03 17:45:00,10709205,10718397,10685411,10692392,12.412
2026-06-03 18:00:00,10696920,10710667,10685489,10693830,13.754
2026-06-03 18:15:00,10688698,10691988,10659574,10671571,13.336
2026-06-03 18:30:00,10668008,10672213,10650787,10651070,6.313
2026-06-03 18:45:00,10653930,10749026,10639580,10701891,42.984
2026-06-03 19:00:00,10703233,10760497,10699926,10735928,12.883
2026-06-03 19:15:00,10734283,10740847,10722004,10740847,8.793
2026-06-03 19:30:00,10741663,10758704,10726341,10730085,8.381
2026-06-03 19:45:00,10731266,10744500,10721369,10738714,4.848
2026-06-03 20:00:00,10737682,10752608,10726905,10748217,8.711
2026-06-03 20:15:00,10748719,10750046,10739212,10745439,3.448
2026-06-03 20:30:00,10743445,10745167,10709366,10722113,5.666
2026-06-03 20:45:00,10718731,10720561,10703446,10704788,3.962
2026-06-03 21:00:00,10709407,10718798,10678222,10692450,10.546
2026-06-03 21:15:00,10689446,10711120,10665000,10708200,23.597
2026-06-03 21:30:00,10698327,10726304,10671099,10692087,11.482
2026-06-03 21:45:00,10688942,10720536,10686806,10710643,5.063
2026-06-03 22:00:00,10714342,10734968,10695971,10715600,21.179
2026-06-03 22:15:00,10714480,10737497,10674237,10675914,13.274
2026-06-03 22:30:00,10678289,10732658,10654783,10664674,23.126
2026-06-03 22:45:00,10664840,10710410,10642533,10688552,27.225
2026-06-03 23:00:00,10690967,10695662,10661280,10683615,14.369
2026-06-03 23:15:00,10687000,10690217,10645731,10668252,16.578
2026-06-03 23:30:00,10672995,10700354,10661018,10662679,14.08
2026-06-03 23:45:00,10663661,10694157,10661930,10682992,4.586
2026-06-04 00:00:00,10684648,10685919,10621242,10628380,16.915
2026-06-04 00:15:00,10629609,10648743,10583403,10640838,30.424
2026-06-04 00:30:00,10641049,10651131,10581040,10591158,15.21
2026-06-04 00:45:00,10591158,10604000,10555761,10555761,22.628
2026-06-04 01:00:00,10559658,10606000,10527694,10576395,29.017
2026-06-04 01:15:00,10575050,10584873,10475904,10487266,40.971
2026-06-04 01:30:00,10488127,10547111,10484500,10540000,21.265
2026-06-04 01:45:00,10536323,10560616,10522687,10558919,16.103
2026-06-04 02:00:00,10561622,10569775,10503004,10503004,18.935
2026-06-04 02:15:00,10503777,10546094,10503652,10542536,13.447
2026-06-04 02:30:00,10540224,10582269,10519040,10566085,18.28
2026-06-04 02:45:00,10567039,10567612,10517800,10543991,15.158
2026-06-04 03:00:00,10543583,10565192,10528317,10546324,12.18
2026-06-04 03:15:00,10545456,10545456,10510176,10533367,10.343
2026-06-04 03:30:00,10534168,10567000,10515394,10555251,9.384
2026-06-04 03:45:00,10558125,10574132,10553241,10558732,10.011
2026-06-04 04:00:00,10554564,10558237,10534284,10546638,10.643
2026-06-04 04:15:00,10547502,10558240,10485521,10496287,14.114
2026-06-04 04:30:00,10495033,10525110,10490804,10515282,8.939
2026-06-04 04:45:00,10511594,10525464,10433496,10469682,37.347
2026-06-04 05:00:00,10466366,10489758,10435945,10486204,23.936
2026-06-04 05:15:00,10484679,10489379,10440718,10482522,19.09
2026-06-04 05:30:00,10481077,10484042,10425350,10429440,21.241
2026-06-04 05:45:00,10428197,10433920,10356080,10395825,31.78
2026-06-04 06:00:00,10397768,10484000,10386278,10458261,23.54
2026-06-04 06:15:00,10455607,10487000,10455060,10474510,13.967
2026-06-04 06:30:00,10474100,10508019,10440000,10473134,19.666
2026-06-04 06:45:00,10470419,10523107,10468090,10508875,18.891
2026-06-04 07:00:00,10511021,10522605,10440000,10445697,25.285
2026-06-04 07:15:00,10442003,10442366,10392295,10417954,26.878
2026-06-04 07:30:00,10415209,10435260,10381021,10401729,18.573
2026-06-04 07:45:00,10400371,10407040,10350364,10367669,25.349
2026-06-04 08:00:00,10367669,10379199,10289837,10320322,39.126
2026-06-04 08:15:00,10320450,10329475,10281600,10307769,24.582
2026-06-04 08:30:00,10308417,10325840,10258640,10265998,27.524
2026-06-04 08:45:00,10266295,10277008,10234457,10245435,17.579
2026-06-04 09:00:00,10243488,10290000,10242499,10269469,17.372
2026-06-04 09:15:00,10269881,10284014,10123680,10125255,44.545
2026-06-04 09:30:00,10123119,10193613,10072861,10153032,68.404
2026-06-04 09:45:00,10156176,10157792,10062766,10115032,45.295
2026-06-04 10:00:00,10117105,10142136,10080000,10085301,33.273
2026-06-04 10:15:00,10082991,10088329,10000000,10014766,78.16
2026-06-04 10:30:00,10018663,10090483,10015719,10036384,36.897
2026-06-04 10:45:00,10034401,10042289,9920000,9929920,55.645
2026-06-04 11:00:00,9931983,9985173,9806447,9964685,99.143
2026-06-04 11:15:00,9968732,10087280,9932728,10064900,64.677
2026-06-04 11:30:00,10063438,10144444,10050396,10132342,48.836
2026-06-04 11:45:00,10125840,10164577,10084879,10092478,37.3
2026-06-04 12:00:00,10097885,10229166,10097885,10219493,55.36
2026-06-04 12:15:00,10219178,10254826,10211159,10217905,29.088
2026-06-04 12:30:00,10216080,10316279,10216080,10289763,52.257
2026-06-04 12:45:00,10291203,10306282,10270000,10286446,19.853
2026-06-04 13:00:00,10289691,10333987,10283875,10329680,25.906
2026-06-04 13:15:00,10328220,10354386,10310178,10324504,11.898
2026-06-04 13:30:00,10320771,10329738,10260549,10285325,38.292
2026-06-04 13:45:00,10284430,10293752,10270516,10283789,9.065
2026-06-04 14:00:00,10282532,10282532,10177420,10218714,30.433
2026-06-04 14:15:00,10214915,10231205,10167920,10202699,27.925
2026-06-04 14:30:00,10198494,10288320,10190360,10271628,26.833
2026-06-04 14:45:00,10268985,10271693,10211423,10218671,15.194
2026-06-04 15:00:00,10217483,10267631,10208509,10267631,10.221
2026-06-04 15:15:00,10268144,10303048,10257711,10266289,17.228
2026-06-04 15:30:00,10266803,10287530,10236424,10273312,10.166
2026-06-04 15:45:00,10273633,10273633,10217283,10228604,9.599
2026-06-04 16:00:00,10230641,10234870,10180800,10193193,20.888
2026-06-04 16:15:00,10193193,10197311,10146637,10176007,39.713
2026-06-04 16:30:00,10177456,10233677,10177220,10213434,19.644
2026-06-04 16:45:00,10215869,10220482,10165893,10167963,10.602
2026-06-04 17:00:00,10166734,10210644,10118419,10123826,27.668
2026-06-04 17:15:00,10124247,10158981,10104981,10143410,28.898
2026-06-04 17:30:00,10143410,10172406,10126006,10130567,17.915
2026-06-04 17:45:00,10131020,10184174,10131020,10163742,14.024
2026-06-04 18:00:00,10165986,10167594,10097015,10118742,17.065
2026-06-04 18:15:00,10117993,10118008,10030000,10042988,36.156
2026-06-04 18:30:00,10043339,10061159,10017377,10043406,26.47
2026-06-04 18:45:00,10048613,10104533,10048613,10102913,16.694
2026-06-04 19:00:00,10104861,10104861,10035315,10042657,22.958
2026-06-04 19:15:00,10042117,10062274,9981546,9984509,39.258
2026-06-04 19:30:00,9987853,10030829,9972321,10020100,22.85
2026-06-04 19:45:00,10020044,10027252,9951192,9972580,72.976
2026-06-04 20:00:00,9976916,10011946,9936859,9942310,32.481
2026-06-04 20:15:00,9941126,10002335,9938467,9996346,18.333
2026-06-04 20:30:00,9995873,10032927,9931492,9938375,47.189
2026-06-04 20:45:00,9942016,9986605,9942016,9985482,12.836
2026-06-04 21:00:00,9986723,10009667,9958831,9987939,18.54
2026-06-04 21:15:00,9988132,10127533,9985274,10102250,56.717
2026-06-04 21:30:00,10105210,10184160,10090913,10156237,38.782
2026-06-04 21:45:00,10155387,10223752,10147281,10189581,29.774
2026-06-04 22:00:00,10186900,10197559,10153561,10156884,25.27
2026-06-04 22:15:00,10157142,10165533,10073738,10099157,44.637
2026-06-04 22:30:00,10103000,10265396,10094718,10194137,88.992
2026-06-04 22:45:00,10195611,10264589,10171741,10264168,38.146
2026-06-04 23:00:00,10265009,10310557,10225211,10289421,39.224
2026-06-04 23:15:00,10289516,10296020,10235199,10251848,24.016
2026-06-04 23:30:00,10249558,10252475,10204560,10229336,17.874
2026-06-04 23:45:00,10230785,10241539,10195404,10221750,15.549
2026-06-05 00:00:00,10225698,10293474,10207758,10291248,28.327
2026-06-05 00:15:00,10289886,10296770,10198301,10233097,19.789
2026-06-05 00:30:00,10231500,10247584,10197059,10205050,15.304
2026-06-05 00:45:00,10203843,10230000,10181638,10221536,13.577
2026-06-05 01:00:00,10216531,10216531,10173271,10175371,10.588
2026-06-05 01:15:00,10177526,10209083,10169099,10173110,10.436
2026-06-05 01:30:00,10171111,10206314,10139892,10193750,16.389
2026-06-05 01:45:00,10192327,10215919,10149554,10158573,14.077
2026-06-05 02:00:00,10155903,10182730,10138244,10160027,18.892
2026-06-05 02:15:00,10161421,10161421,10087281,10099333,14.61
2026-06-05 02:30:00,10102532,10118326,10063075,10074564,12.818
2026-06-05 02:45:00,10076905,10171962,10059459,10154638,36.511
2026-06-05 03:00:00,10153454,10160949,10092618,10095948,17.61
2026-06-05 03:15:00,10095761,10214793,10088639,10210896,21.763
2026-06-05 03:30:00,10214881,10248560,10186404,10217739,24.536
2026-06-05 03:45:00,10220425,10245882,10198038,10200166,9.606
2026-06-05 04:00:00,10197818,10214314,10165120,10211755,12.306
2026-06-05 04:15:00,10214314,10255560,10206603,10247782,15.006
2026-06-05 04:30:00,10248497,10252169,10191016,10195986,7.914
2026-06-05 04:45:00,10193664,10193664,10157274,10173677,10.144
2026-06-05 05:00:00,10170596,10175015,10114463,10154473,27.022
2026-06-05 05:15:00,10156428,10159558,10108689,10124638,7.73
2026-06-05 05:30:00,10133435,10187451,10131951,10172822,5.39
2026-06-05 05:45:00,10170466,10183320,10146723,10183320,7.072
2026-06-05 06:00:00,10179169,10219483,10175076,10206080,18.009
2026-06-05 06:15:00,10207875,10209337,10146005,10156741,8.678
2026-06-05 06:30:00,10161558,10162050,10096639,10155365,17.759
2026-06-05 06:45:00,10157457,10163253,10117969,10122827,10.233
2026-06-05 07:00:00,10121183,10154147,10106386,10126935,34.3
2026-06-05 07:15:00,10120749,10147730,10120749,10132326,15.8
2026-06-05 07:30:00,10132107,10171716,10111294,10157276,23.786
2026-06-05 07:45:00,10158716,10198000,10147101,10192530,11.863
2026-06-05 08:00:00,10192519,10210488,10169193,10170339,14.156
2026-06-05 08:15:00,10167363,10173097,10133103,10147384,10.12
2026-06-05 08:30:00,10150503,10198227,10150503,10194207,7.258
2026-06-05 08:45:00,10195176,10219738,10185417,10210673,6.242
2026-06-05 09:00:00,10209478,10209478,10174407,10175455,10.463
2026-06-05 09:15:00,10178649,10217605,10165526,10216411,8.22
2026-06-05 09:30:00,10216117,10228830,10180306,10185260,9.74
2026-06-05 09:45:00,10183675,10201366,10135141,10143169,8.892
2026-06-05 10:00:00,10141106,10141170,10080000,10128912,29.471
2026-06-05 10:15:00,10129928,10143284,10092897,10128105,22.426
2026-06-05 10:30:00,10129496,10164052,10114376,10138257,9.034
2026-06-05 10:45:00,10140686,10143825,10109960,10136419,9.204
2026-06-05 11:00:00,10131846,10143017,10099303,10101022,12.572
2026-06-05 11:15:00,10101817,10114241,10028170,10029553,34.736
2026-06-05 11:30:00,10029566,10066879,10008407,10035550,15.148
2026-06-05 11:45:00,10032099,10052187,10010090,10015713,7.584
2026-06-05 12:00:00,10013668,10020869,9969262,9980877,24.557
2026-06-05 12:15:00,9977497,10047593,9977497,10014837,13.714
2026-06-05 12:30:00,10015957,10061590,10008821,10020186,11.966
2026-06-05 12:45:00,10020239,10055501,10020239,10030118,9.425
2026-06-05 13:00:00,10030710,10073126,9991220,10050435,14.378
2026-06-05 13:15:00,10055909,10115280,10015129,10113984,30.916
2026-06-05 13:30:00,10113109,10113109,10070773,10076042,9.718
2026-06-05 13:45:00,10077114,10174875,10049301,10167223,23.43
2026-06-05 14:00:00,10170074,10182750,10128739,10136009,10.967
2026-06-05 14:15:00,10137641,10163871,10119432,10152226,7.984
2026-06-05 14:30:00,10155197,10163269,10056676,10058277,21.688
2026-06-05 14:45:00,10058804,10068463,9964197,9979781,50.829
2026-06-05 15:00:00,9978453,10024163,9930231,9931131,65.295
2026-06-05 15:15:00,9934003,9962780,9791713,9872726,106.897
2026-06-05 15:30:00,9874087,9956533,9869320,9948223,53.204
2026-06-05 15:45:00,9949556,9960739,9893333,9921289,26.367
2026-06-05 16:00:00,9919430,9926751,9824872,9841432,39.1
2026-06-05 16:15:00,9843260,9980000,9843260,9957712,46.574
2026-06-05 16:30:00,9956124,10060000,9948972,10055953,37.304
2026-06-05 16:45:00,10059672,10099099,10035589,10093526,46.302
2026-06-05 17:00:00,10094410,10094933,10024386,10045408,34.934
2026-06-05 17:15:00,10044797,10055000,10005000,10042000,24.254
2026-06-05 17:30:00,10045717,10063000,9997324,10001800,18.492
2026-06-05 17:45:00,9996227,10012740,9952367,9986663,21.032
2026-06-05 18:00:00,9989852,10093278,9986000,10088283,28.996
2026-06-05 18:15:00,10092411,10116699,10057479,10089823,33.32
2026-06-05 18:30:00,10088391,10091591,10037150,10044000,16.416
2026-06-05 18:45:00,10044978,10071754,10043802,10054828,6.48
2026-06-05 19:00:00,10054537,10066236,10018094,10034038,11.65
2026-06-05 19:15:00,10032165,10032165,9993631,10011707,9.64
2026-06-05 19:30:00,10008360,10030919,9976795,10023425,10.716
2026-06-05 19:45:00,10026543,10026543,9988108,10001682,14.656
2026-06-05 20:00:00,10001005,10001465,9956255,9970809,13.548
2026-06-05 20:15:00,9968000,10016000,9952187,9989720,32.886
2026-06-05 20:30:00,9993360,9999360,9933350,9935207,16.448
2026-06-05 20:45:00,9929736,9952226,9905819,9905819,22.546
2026-06-05 21:00:00,9905562,9963839,9858489,9940938,51.468
2026-06-05 21:15:00,9944495,9988243,9942864,9952637,22.686
2026-06-05 21:30:00,9958088,9980000,9865239,9922689,53.554
2026-06-05 21:45:00,9924189,9941526,9903121,9930201,16.834
2026-06-05 22:00:00,9933443,9954596,9911425,9926560,39.416
2026-06-05 22:15:00,9925156,9981055,9910000,9953938,23.6
2026-06-05 22:30:00,9952692,9987564,9886569,9911046,45.064
2026-06-05 22:45:00,9913597,9916898,9730822,9736529,82.792
2026-06-05 23:00:00,9731950,9823177,9689885,9765480,83.4
2026-06-05 23:15:00,9765480,9800000,9668170,9688172,55.556
2026-06-05 23:30:00,9689049,9818500,9672471,9762647,59.016
2026-06-05 23:45:00,9761585,9808151,9728645,9767933,35.892
2026-06-06 00:00:00,9766871,9795000,9716717,9728847,36.544
2026-06-06 00:15:00,9728912,9806094,9711709,9753550,43.76
2026-06-06 00:30:00,9752563,9764825,9629702,9689776,55.918
2026-06-06 00:45:00,9693852,9733874,9665142,9703244,37.594
2026-06-06 01:00:00,9702509,9802125,9600000,9775654,117.714
2026-06-06 01:15:00,9774557,9876506,9744351,9779098,80.116
2026-06-06 01:30:00,9777099,9796055,9739568,9765003,30.566
2026-06-06 01:45:00,9760942,9863845,9760830,9850883,35.464
2026-06-06 02:00:00,9849513,9868136,9780874,9796214,30.462
2026-06-06 02:15:00,9797347,9801595,9735803,9743684,29.248
2026-06-06 02:30:00,9743672,9817143,9740792,9753842,17.812
2026-06-06 02:45:00,9757974,9770148,9738000,9763388,12.352
2026-06-06 03:00:00,9762203,9780709,9724446,9731365,19.316
2026-06-06 03:15:00,9729313,9737333,9643421,9652943,26.92
2026-06-06 03:30:00,9650435,9676831,9570832,9620451,40.924
2026-06-06 03:45:00,9619786,9634240,9500000,9537231,53.575
2026-06-06 04:00:00,9536845,9566839,9502750,9539182,24.559
2026-06-06 04:15:00,9537382,9615073,9500000,9611740,28.606
2026-06-06 04:30:00,9611740,9616508,9553641,9597839,16.958
2026-06-06 04:45:00,9596043,9708427,9596043,9683568,33.746
2026-06-06 05:00:00,9682211,9795066,9629719,9772755,41.84
2026-06-06 05:15:00,9774187,9812812,9755198,9788124,25.863
2026-06-06 05:30:00,9788011,9850000,9779982,9842882,20.986
2026-06-06 05:45:00,9845081,9925263,9834099,9902858,23.286
2026-06-06 06:00:00,9901402,9965000,9888311,9937249,34.851
2026-06-06 06:15:00,9938673,9960000,9886075,9892929,16.254
2026-06-06 06:30:00,9890094,9962178,9852640,9940795,21.655
2026-06-06 06:45:00,9939895,9946193,9902188,9906672,6.088
2026-06-06 07:00:00,9906260,9906260,9833274,9858967,32.526
2026-06-06 07:15:00,9857443,9901643,9844875,9874493,36.528
2026-06-06 07:30:00,9878118,9939051,9861989,9921556,31.122
2026-06-06 07:45:00,9917145,9957652,9886931,9896481,42.434
2026-06-06 08:00:00,9897737,9923200,9850000,9851021,44.696
2026-06-06 08:15:00,9850000,9851248,9770676,9790594,53.116
2026-06-06 08:30:00,9786213,9788187,9719000,9767185,28.216
2026-06-06 08:45:00,9767746,9808074,9749275,9780960,18.877
2026-06-06 09:00:00,9804815,9806622,9797975,9797975,0.506
2026-06-06 11:00:00,9803021,9817149,9776287,9782150,8.474
2026-06-06 11:15:00,9781945,9797565,9742164,9764705,11.228
2026-06-06 11:30:00,9766696,9804353,9763097,9788099,9.37
2026-06-06 11:45:00,9785144,9825489,9778071,9791498,7.632
2026-06-06 12:00:00,9786577,9790380,9763772,9776089,11.474
2026-06-06 12:15:00,9782892,9785000,9743045,9759706,20.58
2026-06-06 12:30:00,9757588,9759999,9716132,9746452,19.01
2026-06-06 12:45:00,9747271,9759355,9730743,9741499,9.854
2026-06-06 13:00:00,9739920,9771316,9644178,9646581,36.784
2026-06-06 13:15:00,9652823,9689078,9601201,9620380,53.191
2026-06-06 13:30:00,9621695,9632483,9550000,9598000,35.408
2026-06-06 13:45:00,9595882,9680000,9584168,9644745,30.158
2026-06-06 14:00:00,9648237,9673358,9568559,9612738,41.868
2026-06-06 14:15:00,9613471,9797163,9610063,9748355,47.1
2026-06-06 14:30:00,9744168,9778607,9720238,9756402,24.726
2026-06-06 14:45:00,9759833,9793932,9744788,9775612,14.698
2026-06-06 15:00:00,9777746,9822647,9775000,9808928,23.814
2026-06-06 15:15:00,9808011,9820000,9781009,9785234,11.726
2026-06-06 15:30:00,9785689,9805907,9746133,9746784,12.353
2026-06-06 15:45:00,9745000,9773137,9726080,9744808,15.372
2026-06-06 16:00:00,9744427,9801295,9734086,9794901,16.046
2026-06-06 16:15:00,9792390,9817181,9749601,9758570,19.774
2026-06-06 16:30:00,9758501,9790969,9758446,9784969,8.212
2026-06-06 16:45:00,9786029,9791071,9771048,9775658,4.188
2026-06-06 17:00:00,9776480,9800000,9755267,9799002,11.796
2026-06-06 17:15:00,9799446,9846169,9777439,9836041,18.227
2026-06-06 17:30:00,9835281,9850000,9820244,9830102,17.202
2026-06-06 17:45:00,9826000,9850630,9812879,9817365,13.159
2026-06-06 18:00:00,9815587,9826176,9794436,9808499,12.944
2026-06-06 18:15:00,9808492,9827463,9791910,9825805,7.571
2026-06-06 18:30:00,9821722,9823000,9785000,9792302,6.211
2026-06-06 18:45:00,9793221,9794904,9754080,9771490,13.894
2026-06-06 19:00:00,9771744,9773044,9709072,9719742,32.299
2026-06-06 19:15:00,9719743,9737000,9694537,9704400,17.994
2026-06-06 19:30:00,9704400,9720000,9651498,9686132,39.461
2026-06-06 19:45:00,9684000,9727495,9676144,9720819,24.95
2026-06-06 20:00:00,9720270,9752854,9714745,9732440,9.926
2026-06-06 20:15:00,9728751,9763682,9724570,9753855,8.97
2026-06-06 20:30:00,9753705,9767196,9743631,9760221,7.128
2026-06-06 20:45:00,9761792,9783632,9747105,9756588,10.156
2026-06-06 21:00:00,9758757,9800000,9757898,9790737,18.744
2026-06-06 21:15:00,9790127,9800000,9730556,9737422,11.91
2026-06-06 21:30:00,9735247,9758896,9722016,9752267,10.31
2026-06-06 21:45:00,9751472,9806806,9744245,9782443,16.854
2026-06-06 22:00:00,9785594,9794987,9771178,9781742,12.602
2026-06-06 22:15:00,9780759,9786756,9759512,9760228,10.372
2026-06-06 22:30:00,9760000,9765320,9731107,9764267,15.488
2026-06-06 22:45:00,9765986,9788691,9743439,9753402,10.268
2026-06-06 23:00:00,9752063,9780914,9746939,9764621,6.466
2026-06-06 23:15:00,9765545,9781827,9747660,9759833,7.166
2026-06-06 23:30:00,9761409,9781346,9755389,9775713,5.742
2026-06-06 23:45:00,9775177,9782202,9748847,9754249,9.36
2026-06-07 00:00:00,9753866,9767277,9710983,9722619,24.942
2026-06-07 00:15:00,9722650,9734747,9686468,9730250,24.082
2026-06-07 00:30:00,9730022,9776583,9719187,9767813,16.004
2026-06-07 00:45:00,9763842,9774129,9742212,9750336,10.282
2026-06-07 01:00:00,9748867,9779091,9734977,9748600,13.434
2026-06-07 01:15:00,9747278,9756641,9718985,9724009,20.984
2026-06-07 01:30:00,9721246,9749980,9700201,9744398,13.414
2026-06-07 01:45:00,9744952,9761544,9733805,9744814,8.082
2026-06-07 02:00:00,9747516,9755748,9721000,9738689,7.654
2026-06-07 02:15:00,9736570,9744874,9715548,9734048,13.124
2026-06-07 02:30:00,9736391,9752061,9717714,9740000,27.332
2026-06-07 02:45:00,9739496,9745551,9710000,9721557,20.79
2026-06-07 03:00:00,9719092,9725483,9686880,9701862,19.219
2026-06-07 03:15:00,9702895,9743511,9688848,9734731,9.126
2026-06-07 03:30:00,9732951,9734664,9709093,9720795,6.636
2026-06-07 03:45:00,9720897,9732785,9704055,9725592,8.472
2026-06-07 04:00:00,9723430,9743064,9713012,9735112,11.322
2026-06-07 04:15:00,9733085,9742378,9718434,9722843,9.194
2026-06-07 04:30:00,9723427,9728276,9710609,9725021,5.678
2026-06-07 04:45:00,9723943,9735082,9719096,9722254,9.794
2026-06-07 05:00:00,9720416,9727744,9710319,9721313,7.058
2026-06-07 05:15:00,9717162,9730630,9713460,9717472,6.206
2026-06-07 05:30:00,9721977,9745060,9716163,9744438,4.244
2026-06-07 05:45:00,9742989,9746395,9725191,9737328,7.516
2026-06-07 06:00:00,9741023,9773625,9737841,9763915,10.252
2026-06-07 06:15:00,9766820,9779992,9762363,9769019,4.666
2026-06-07 06:30:00,9776998,9789990,9756834,9761180,5.676
2026-06-07 06:45:00,9760209,9766656,9746339,9746339,5.248
2026-06-07 07:00:00,9746792,9758465,9721898,9728749,15.122
2026-06-07 07:15:00,9727433,9750268,9699092,9703664,12.634
2026-06-07 07:30:00,9704282,9725880,9703869,9722377,8.048
2026-06-07 07:45:00,9726423,9742124,9714000,9715574,7.394
2026-06-07 08:00:00,9716033,9746000,9712868,9739427,9.65
2026-06-07 08:15:00,9738844,9745285,9720481,9740385,6.512
2026-06-07 08:30:00,9740964,9772947,9734512,9764066,8.004
2026-06-07 08:45:00,9763364,9777878,9755617,9768034,7.12
2026-06-07 09:00:00,9769829,9778048,9753612,9757585,6.29
2026-06-07 09:15:00,9760729,9769128,9751199,9761947,5.84
2026-06-07 09:30:00,9764051,9785114,9753404,9753896,7.158
2026-06-07 09:45:00,9751746,9758825,9744631,9752780,4.714
2026-06-07 10:00:00,9750149,9847039,9749341,9830915,31.762
2026-06-07 10:15:00,9829299,9887606,9822648,9885745,20.026
2026-06-07 10:30:00,9883272,9886705,9847633,9855110,8.9
2026-06-07 10:45:00,9855560,9880000,9844219,9860641,14.122
2026-06-07 11:00:00,9860497,9871243,9850000,9852877,6.026
2026-06-07 11:15:00,9846542,9852636,9812634,9826245,15.706
2026-06-07 11:30:00,9824708,9836942,9815702,9836942,7.026
2026-06-07 11:45:00,9836697,9874681,9836697,9865343,21.95
2026-06-07 12:00:00,9863328,9866319,9849719,9866319,9.828
2026-06-07 12:15:00,9865240,9906731,9862824,9887012,28.516
2026-06-07 12:30:00,9885936,9892159,9871231,9888854,10.692
2026-06-07 12:45:00,9888192,9900178,9876703,9894632,12.226
2026-06-07 13:00:00,9896777,9896777,9866550,9870524,11.288
2026-06-07 13:15:00,9875601,9885613,9862335,9873642,4.42
2026-06-07 13:30:00,9871106,9914601,9870634,9900000,11.67
2026-06-07 13:45:00,9900000,9928190,9892402,9922737,12.136
2026-06-07 14:00:00,9920378,9934899,9906255,9921852,15.126
2026-06-07 14:15:00,9917000,9957813,9893078,9897686,42.636
2026-06-07 14:30:00,9894246,9917922,9876887,9916549,16.46
2026-06-07 14:45:00,9915171,9915432,9890000,9894774,7.342
2026-06-07 15:00:00,9895815,9895815,9873541,9883425,7.078
2026-06-07 15:15:00,9887750,9940315,9883000,9931943,24.673
2026-06-07 15:30:00,9934423,9977719,9930927,9966547,36.62
2026-06-07 15:45:00,9968304,9977826,9941243,9951627,14.452
2026-06-07 16:00:00,9949519,9975000,9932720,9956350,15.096
2026-06-07 16:15:00,9958999,9976530,9945120,9973174,14.262
2026-06-07 16:30:00,9972016,9983147,9966897,9973270,9.368
2026-06-07 16:45:00,9973594,10004591,9965206,10003455,23.42
2026-06-07 17:00:00,10001865,10010000,9978213,9999215,25.274
2026-06-07 17:15:00,9999240,10032469,9988265,10023632,19.754
2026-06-07 17:30:00,10023964,10048973,10005707,10031178,24.256
2026-06-07 17:45:00,10032905,10092789,10032905,10074906,60.506
2026-06-07 18:00:00,10076126,10084959,10055168,10072357,19.504
2026-06-07 18:15:00,10076424,10084916,10038533,10051092,15.306
2026-06-07 18:30:00,10052531,10052531,10018188,10025311,22.146
2026-06-07 18:45:00,10025568,10042302,10002422,10026521,17.038
2026-06-07 19:00:00,10027000,10029322,9994634,10005496,15.866
2026-06-07 19:15:00,10007532,10032617,10003838,10023627,12.318
2026-06-07 19:30:00,10022714,10032385,9989797,9995242,17.42
2026-06-07 19:45:00,9997915,10014712,9984930,9999224,10.596
2026-06-07 20:00:00,10000343,10023722,9997098,10015715,9.762
2026-06-07 20:15:00,10011102,10034000,10008954,10030596,9.816
2026-06-07 20:30:00,10026373,10050000,10015922,10050000,13.855
2026-06-07 20:45:00,10049688,10061351,10027177,10039735,29.146
2026-06-07 21:00:00,10040239,10044020,9945704,9950587,42.708
2026-06-07 21:15:00,9950599,9977000,9923996,9931137,45.717
2026-06-07 21:30:00,9930521,9932555,9868052,9881243,58.37
2026-06-07 21:45:00,9881662,9939247,9879821,9922664,25.35
2026-06-07 22:00:00,9921800,9925301,9882316,9904366,23.38
2026-06-07 22:15:00,9902367,9920644,9881506,9915999,16.831
2026-06-07 22:30:00,9917982,9927139,9888688,9901509,7.414
2026-06-07 22:45:00,9902823,9915399,9895654,9897181,7.942
2026-06-07 23:00:00,9896377,9918720,9896377,9912853,7.843
2026-06-07 23:15:00,9915572,9970547,9906846,9957056,22.671
2026-06-07 23:30:00,9961240,9995697,9929227,9941446,21.146
2026-06-07 23:45:00,9944302,9944302,9903595,9928243,13.128
2026-06-08 00:00:00,9926517,9926517,9891001,9920238,9.862
2026-06-08 00:15:00,9916734,9942085,9900499,9940389,11.267
2026-06-08 00:30:00,9939635,9972574,9939635,9960518,11.636
2026-06-08 00:45:00,9960518,9978515,9942003,9959168,6.948
2026-06-08 01:00:00,9959787,9974720,9938406,9965309,10.429
2026-06-08 01:15:00,9966410,9996843,9958741,9971486,8.462
2026-06-08 01:30:00,9967487,9988232,9967487,9968667,3.662
2026-06-08 01:45:00,9968444,9981785,9940125,9953574,11.135
2026-06-08 02:00:00,9954437,9994948,9952439,9982549,6.366
2026-06-08 02:15:00,9993675,9993675,9978722,9980967,5.866
2026-06-08 02:30:00,9980842,9992556,9976700,9983284,10.03
2026-06-08 02:45:00,9983057,9983057,9954264,9963692,7.758
2026-06-08 03:00:00,9964059,9988364,9963473,9984068,4.714
2026-06-08 03:15:00,9983809,9983809,9963764,9975659,3.168
2026-06-08 03:30:00,9975158,9985202,9967459,9973839,4.29
2026-06-08 03:45:00,9973101,9977578,9940271,9942726,7.484
2026-06-08 04:00:00,9944761,9945974,9873700,9891166,22.914
2026-06-08 04:15:00,9889955,9889955,9825093,9858875,16.84
2026-06-08 04:30:00,9858702,9861004,9814224,9817002,19.802
2026-06-08 04:45:00,9818968,9860983,9812223,9831246,23.142
2026-06-08 05:00:00,9831555,9894503,9815556,9871938,19.478
2026-06-08 05:15:00,9870775,9926195,9852882,9900923,14.71
2026-06-08 05:30:00,9902830,9916033,9894134,9907235,5.902
2026-06-08 05:45:00,9907562,9935296,9903561,9920858,7.512
2026-06-08 06:00:00,9921541,9939089,9888565,9929195,10.706
2026-06-08 06:15:00,9930511,9939239,9890702,9904161,9.476
2026-06-08 06:30:00,9904401,9915239,9888545,9893245,10.356
2026-06-08 06:45:00,9892865,9903176,9880764,9901667,6.58
2026-06-08 07:00:00,9902839,10240000,9898983,10200971,66.437
2026-06-08 07:15:00,10214304,10304060,10085180,10103939,84.916
2026-06-08 07:30:00,10105397,10166269,10068435,10132009,38.121
2026-06-08 07:45:00,10133077,10151794,10076648,10081625,30.858
2026-06-08 08:00:00,10082029,10118355,10070000,10105861,23.4
2026-06-08 08:15:00,10106684,10146008,10069747,10143974,15.346
2026-06-08 08:30:00,10144419,10153614,10119787,10153079,10.124
2026-06-08 08:45:00,10151296,10179216,10121523,10158214,21.721
2026-06-08 09:00:00,10158133,10161952,10128498,10141259,14.756
2026-06-08 09:15:00,10143816,10190309,10127001,10190309,22.326
2026-06-08 09:30:00,10185759,10246809,10167849,10219825,34.746
2026-06-08 09:45:00,10218484,10229652,10189354,10208712,23.167
2026-06-08 10:00:00,10207382,10214400,10114858,10118129,30.402
2026-06-08 10:15:00,10115854,10129699,10054800,10075430,24.429
2026-06-08 10:30:00,10074352,10126189,10059587,10124005,18.741
2026-06-08 10:45:00,10125097,10143530,10104711,10140388,13.239
2026-06-08 11:00:00,10140850,10144964,10104173,10125812,10.249
2026-06-08 11:15:00,10125091,10140591,10100006,10124915,9.662
2026-06-08 11:30:00,10125361,10135992,10091141,10114429,12.019
2026-06-08 11:45:00,10111749,10128243,10096634,10124879,8.082
2026-06-08 12:00:00,10125548,10177545,10102226,10148688,24.145
2026-06-08 12:15:00,10150776,10163440,10126801,10128962,9.101
2026-06-08 12:30:00,10128858,10140480,10113541,10124688,9.86
2026-06-08 12:45:00,10127191,10129371,10114275,10120674,2.776
2026-06-08 13:00:00,10122010,10129386,10072673,10098402,14.298
2026-06-08 13:15:00,10100000,10107022,10074159,10090544,7.662
2026-06-08 13:30:00,10091802,10096817,10042000,10051430,18.228
2026-06-08 13:45:00,10053738,10082402,10050000,10051102,11.966
2026-06-08 14:00:00,10051102,10074829,10026270,10032831,13.176
2026-06-08 14:15:00,10034772,10060399,10017771,10051753,18.502
2026-06-08 14:30:00,10054572,10054572,10003713,10015396,13.174
2026-06-08 14:45:00,10010964,10059398,10010521,10054973,14.84
2026-06-08 15:00:00,10055396,10093122,10052285,10086461,20.638
2026-06-08 15:15:00,10083057,10116161,10077012,10110654,12.596
2026-06-08 15:30:00,10107028,10112259,10080007,10096722,12.256
2026-06-08 15:45:00,10101735,10101735,10084520,10092338,4.544
2026-06-08 16:00:00,10092381,10120831,10061529,10104648,15.928
2026-06-08 16:15:00,10104811,10132030,10088918,10120358,11.796
2026-06-08 16:30:00,10121458,10133956,10104193,10109575,8.516
2026-06-08 16:45:00,10110180,10148880,10109352,10139809,11.182
2026-06-08 17:00:00,10140354,10142160,10105000,10120662,13.775
2026-06-08 17:15:00,10122340,10125809,10090760,10098877,9.008
2026-06-08 17:30:00,10106961,10122143,10096751,10116160,6.512
2026-06-08 17:45:00,10117929,10117929,10086054,10100427,13.008
2026-06-08 18:00:00,10101042,10134106,10098452,10133716,9.004
2026-06-08 18:15:00,10129709,10169069,10124594,10140435,18.7
2026-06-08 18:30:00,10138214,10140754,10102376,10130924,17.668
2026-06-08 18:45:00,10131197,10154330,10127604,10153283,11.069
2026-06-08 19:00:00,10152010,10163913,10130049,10134174,10.282
2026-06-08 19:15:00,10135974,10135974,10095806,10102883,11.792
2026-06-08 19:30:00,10104241,10143865,10101985,10111899,12.875
2026-06-08 19:45:00,10113109,10114596,10093763,10103184,7.378
2026-06-08 20:00:00,10102715,10147832,10086286,10145176,14.694
2026-06-08 20:15:00,10145176,10176021,10131836,10163548,24.854
2026-06-08 20:30:00,10169559,10210000,10156000,10171649,20.669
2026-06-08 20:45:00,10173361,10176993,10134835,10147233,20.57
2026-06-08 21:00:00,10148180,10178000,10026990,10029349,46.068
2026-06-08 21:15:00,10030019,10094125,10030019,10092972,22.225
2026-06-08 21:30:00,10092618,10180000,10089087,10173130,34.336
2026-06-08 21:45:00,10172428,10221651,10156686,10206942,24.181
2026-06-08 22:00:00,10206942,10229741,10184511,10198150,23.784
2026-06-08 22:15:00,10197344,10221418,10162591,10168148,20.766
2026-06-08 22:30:00,10165481,10195059,10129304,10148759,33.484
2026-06-08 22:45:00,10156436,10221039,10145984,10200510,27.991
2026-06-08 23:00:00,10200557,10227280,10173196,10220590,21.636
2026-06-08 23:15:00,10222613,10231902,10184458,10212251,46.62
2026-06-08 23:30:00,10212250,10240000,10211168,10233183,30.914
2026-06-08 23:45:00,10230940,10259827,10224510,10245633,32.892
2026-06-09 00:00:00,10247063,10279488,10227894,10272716,23.922
2026-06-09 00:15:00,10278183,10278225,10234282,10247605,23.558
2026-06-09 00:30:00,10247744,10247744,10208240,10224943,42.567
2026-06-09 00:45:00,10224956,10250000,10197337,10209421,16.038
2026-06-09 01:00:00,10208264,10234389,10193285,10210968,6.836
2026-06-09 01:15:00,10216218,10257906,10215145,10228293,14.872
2026-06-09 01:30:00,10225044,10229076,10179682,10189529,10.26
2026-06-09 01:45:00,10198659,10200327,10161507,10173455,18.563
2026-06-09 02:00:00,10176838,10181149,10137965,10143424,18.804
2026-06-09 02:15:00,10146128,10195680,10146128,10191500,10.718
2026-06-09 02:30:00,10193263,10193263,10132606,10152078,8.844
2026-06-09 02:45:00,10153317,10180234,10148648,10177168,8.282
2026-06-09 03:00:00,10176238,10193191,10170800,10182096,7.982
2026-06-09 03:15:00,10186575,10191768,10170160,10190185,7.781
2026-06-09 03:30:00,10190648,10197255,10157552,10172453,5.758
2026-06-09 03:45:00,10168813,10173641,10145059,10168671,6.026
2026-06-09 04:00:00,10167319,10180669,10155553,10163065,7.098
2026-06-09 04:15:00,10160146,10183199,10151153,10177151,9.658
2026-06-09 04:30:00,10177416,10187356,10161845,10170417,9.798
2026-06-09 04:45:00,10170995,10179364,10149618,10153520,6.158
2026-06-09 05:00:00,10154704,10164710,10126454,10135620,11.336
2026-06-09 05:15:00,10133443,10144239,10117172,10121786,8.43
2026-06-09 05:30:00,10122915,10158789,10121786,10158006,4.514
2026-06-09 05:45:00,10155255,10171880,10150105,10171273,6.638
2026-06-09 06:00:00,10173285,10220790,10169359,10201863,13.546
2026-06-09 06:15:00,10203903,10211409,10186758,10200621,10.102
2026-06-09 06:30:00,10202576,10225439,10187562,10221143,7.59
2026-06-09 06:45:00,10219877,10223909,10203081,10206694,8.694
2026-06-09 07:00:00,10204051,10204051,10140000,10143129,19.964
2026-06-09 07:15:00,10141206,10168111,10126933,10153681,6.247
2026-06-09 07:30:00,10153727,10156813,10135101,10144631,7.15
2026-06-09 07:45:00,10143889,10169995,10133007,10166025,5.715
2026-06-09 08:00:00,10164407,10188844,10159311,10186459,6.148
2026-06-09 08:15:00,10188844,10188844,10107429,10119714,14.181
2026-06-09 08:30:00,10119988,10129300,10101121,10120060,10.102
2026-06-09 08:45:00,10115289,10116417,10091991,10107169,9.063
2026-06-09 09:00:00,10109200,10119809,10088584,10092238,11.116
2026-06-09 09:15:00,10094805,10118679,10044798,10048799,29.203
2026-06-09 09:30:00,10049651,10057945,10020000,10046609,18.261
2026-06-09 09:45:00,10046079,10046079,10000738,10027818,29.182
2026-06-09 10:00:00,10026794,10053680,10026144,10046297,17.266
2026-06-09 10:15:00,10042859,10079668,10039329,10067171,12.412
2026-06-09 10:30:00,10066328,10080000,10043784,10053209,13.455
2026-06-09 10:45:00,10054149,10075196,10051921,10062300,7.453
2026-06-09 11:00:00,10061630,10079440,10056686,10058273,5.589
2026-06-09 11:15:00,10057076,10062441,10031773,10062440,12.569
2026-06-09 11:30:00,10061128,10069760,10022898,10041561,7.595
2026-06-09 11:45:00,10044618,10078629,10040365,10078438,8.734
2026-06-09 12:00:00,10078059,10089997,10066111,10082262,13.974
2026-06-09 12:15:00,10084301,10092500,10057887,10064811,6.838
2026-06-09 12:30:00,10065923,10073378,10047781,10066334,9.23
2026-06-09 12:45:00,10065491,10080723,10056358,10077455,7.366
2026-06-09 13:00:00,10076746,10094422,10056736,10082372,10.644
2026-06-09 13:15:00,10080270,10084125,10062981,10066451,7.2
2026-06-09 13:30:00,10065190,10152060,10058618,10127011,30.928
2026-06-09 13:45:00,10127472,10160250,10124060,10130583,17.948
2026-06-09 14:00:00,10130222,10140000,10109335,10127266,13.068
2026-06-09 14:15:00,10130373,10150705,10129698,10142345,7.376
2026-06-09 14:30:00,10142185,10171206,10138839,10146347,11.416
2026-06-09 14:45:00,10148141,10158264,10134248,10140421,5.792
2026-06-09 15:00:00,10141797,10152013,10130858,10142245,13.128
2026-06-09 15:15:00,10143874,10161830,10139425,10153588,6.944
2026-06-09 15:30:00,10153384,10157994,10135421,10141146,4.0
2026-06-09 15:45:00,10143109,10151255,10121628,10134141,6.029
2026-06-09 16:00:00,10135931,10159126,10134300,10135659,7.26
2026-06-09 16:15:00,10135073,10145560,10090000,10096852,23.499
2026-06-09 16:30:00,10096696,10124101,10096696,10119069,15.09
2026-06-09 16:45:00,10118805,10129999,10106998,10119889,8.428
2026-06-09 17:00:00,10121038,10122130,10055697,10078499,31.499
2026-06-09 17:15:00,10081199,10090000,10073059,10073388,7.044
2026-06-09 17:30:00,10070000,10098785,10063054,10091706,3.796
2026-06-09 17:45:00,10094107,10101976,10067868,10071834,15.06
2026-06-09 18:00:00,10071722,10077185,10046915,10068427,8.168
2026-06-09 18:15:00,10069884,10088485,10062126,10064394,7.76
2026-06-09 18:30:00,10062171,10064091,10029222,10038067,13.606
2026-06-09 18:45:00,10040000,10054584,10034870,10050417,5.249
2026-06-09 19:00:00,10052994,10062577,10031340,10060528,12.864
2026-06-09 19:15:00,10057843,10059337,10045500,10052433,3.312
2026-06-09 19:30:00,10051902,10055564,10035863,10046368,2.982
2026-06-09 19:45:00,10044150,10066548,10036013,10062133,9.154
2026-06-09 20:00:00,10059718,10064910,10016000,10017681,11.584
2026-06-09 20:15:00,10020164,10035042,10012191,10028479,6.378
2026-06-09 20:30:00,10025385,10040996,10016451,10034557,8.79
2026-06-09 20:45:00,10037718,10050626,10024132,10044999,11.425
2026-06-09 21:00:00,10044990,10073099,10043085,10063097,22.648
2026-06-09 21:15:00,10065132,10065132,10032112,10034000,12.82
2026-06-09 21:30:00,10033417,10036669,10010010,10015973,13.732
2026-06-09 21:45:00,10011549,10035720,9999021,10032330,16.032
2026-06-09 22:00:00,10031829,10050339,10017000,10020653,8.178
2026-06-09 22:15:00,10018771,10023133,9969967,9982327,26.145
2026-06-09 22:30:00,9982288,10010487,9950000,9994824,27.099
2026-06-09 22:45:00,9996766,10013959,9972268,9975334,16.274
2026-06-09 23:00:00,9973409,9992528,9923865,9932208,36.995
2026-06-09 23:15:00,9928950,9941973,9859848,9867911,36.206
2026-06-09 23:30:00,9867995,9882155,9826611,9833501,38.805
2026-06-09 23:45:00,9831972,9865090,9792067,9864075,48.622
2026-06-10 00:00:00,9864075,9890000,9829052,9880288,28.232
2026-06-10 00:15:00,9880920,9889999,9818824,9823839,21.135
2026-06-10 00:30:00,9827032,9845360,9811032,9830120,19.31
2026-06-10 00:45:00,9832290,9842897,9772810,9795991,34.245
2026-06-10 01:00:00,9796108,9807685,9760901,9778227,30.075
2026-06-10 01:15:00,9779343,9796113,9750001,9789243,26.924
2026-06-10 01:30:00,9785092,9833440,9745836,9822017,42.523
2026-06-10 01:45:00,9821561,9870704,9812761,9846907,31.117
2026-06-10 02:00:00,9847696,9889999,9846267,9876496,26.014
2026-06-10 02:15:00,9877172,9919447,9872809,9895549,23.348
2026-06-10 02:30:00,9895859,9910680,9885942,9885942,18.156
2026-06-10 02:45:00,9885942,9910752,9871359,9886278,9.004
2026-06-10 03:00:00,9890715,9910000,9876399,9895486,10.932
2026-06-10 03:15:00,9895691,9929342,9881376,9893863,13.523
2026-06-10 03:30:00,9891146,9908802,9870246,9870246,5.634
2026-06-10 03:45:00,9877758,9907326,9872607,9906407,6.423
2026-06-10 04:00:00,9900839,9921084,9893899,9898678,7.138
2026-06-10 04:15:00,9901069,9925836,9894838,9916414,5.486
2026-06-10 04:30:00,9919057,9946847,9902768,9920954,15.384
2026-06-10 04:45:00,9922559,9958132,9902758,9958132,14.994
2026-06-10 05:00:00,9960000,9975983,9935470,9975983,17.318
2026-06-10 05:15:00,9973831,9985000,9937848,9954694,9.141
2026-06-10 05:30:00,9951396,9973154,9936722,9964290,2.2
2026-06-10 05:45:00,9964140,9964140,9948018,9961151,6.446
2026-06-10 06:00:00,9961222,9964873,9942988,9959663,10.761
2026-06-10 06:15:00,9961777,9961777,9905455,9911138,8.887
2026-06-10 06:30:00,9910804,9922107,9903445,9904673,7.594
2026-06-10 06:45:00,9904401,9910308,9886007,9900418,3.672
2026-06-10 07:00:00,9898691,9913163,9884255,9911065,3.302
2026-06-10 07:15:00,9911135,9928103,9900957,9905627,4.502
2026-06-10 07:30:00,9906230,9932000,9900290,9914926,4.266
2026-06-10 07:45:00,9913610,9917245,9886783,9894153,5.117
2026-06-10 08:00:00,9892092,9910500,9884806,9899287,10.557
2026-06-10 08:15:00,9896000,9921647,9887336,9890009,8.315
2026-06-10 08:30:00,9891412,9896675,9868434,9881567,9.211
2026-06-10 08:45:00,9882311,9900580,9874230,9897586,4.18
2026-06-10 09:00:00,9897343,9922156,9889441,9911227,8.862
2026-06-10 09:15:00,9910676,9922618,9894768,9919028,3.432
2026-06-10 09:30:00,9914782,9922194,9848590,9860908,10.504
2026-06-10 09:45:00,9865182,9929251,9858707,9929251,11.34
2026-06-10 10:00:00,9925432,9933841,9887455,9906103,10.048
2026-06-10 10:15:00,9906806,9920432,9897674,9913020,6.762
2026-06-10 10:30:00,9913020,9921852,9872474,9881662,7.754
2026-06-10 10:45:00,9881656,9913256,9878410,9892985,4.148
2026-06-10 11:00:00,9894394,9910764,9866469,9866469,11.025
2026-06-10 11:15:00,9868770,9869490,9832472,9854464,19.696
2026-06-10 11:30:00,9858333,9865269,9826276,9833746,14.368
2026-06-10 11:45:00,9836224,9837331,9811728,9826218,5.952
2026-06-10 12:00:00,9823508,9854718,9821470,9842044,5.106
2026-06-10 12:15:00,9846498,9870925,9830293,9865644,3.714
2026-06-10 12:30:00,9865644,9865644,9846785,9860000,4.733
2026-06-10 12:45:00,9858291,9867855,9851696,9863011,4.442
2026-06-10 13:00:00,9866596,9873821,9849831,9859126,4.022
2026-06-10 13:15:00,9857831,9868279,9848794,9853297,2.242
2026-06-10 13:30:00,9851706,9851706,9810140,9817106,11.458
2026-06-10 13:45:00,9813620,9836579,9808545,9829135,4.372
2026-06-10 14:00:00,9829663,9833780,9804067,9810000,8.248
2026-06-10 14:15:00,9805027,9825070,9795088,9823156,6.664
2026-06-10 14:30:00,9825138,9834438,9810008,9825192,5.455
2026-06-10 14:45:00,9826922,9845700,9816816,9838161,5.98
2026-06-10 15:00:00,9839244,9849872,9829033,9845369,4.022
2026-06-10 15:15:00,9845773,9860000,9830000,9839115,7.662
2026-06-10 15:30:00,9838265,9854766,9806115,9850370,7.072
2026-06-10 15:45:00,9850891,9865220,9849388,9861356,6.61
2026-06-10 16:00:00,9857617,9877742,9853561,9876417,5.786
2026-06-10 16:15:00,9872694,9896994,9872694,9886006,13.858
2026-06-10 16:30:00,9884028,9908609,9873238,9903426,7.336
2026-06-10 16:45:00,9898465,9906156,9884309,9890443,6.486
2026-06-10 17:00:00,9890443,9895039,9866136,9879562,9.442
2026-06-10 17:15:00,9882283,9898663,9859081,9863704,4.868
2026-06-10 17:30:00,9865966,9879078,9820000,9820744,15.628
2026-06-10 17:45:00,9820286,9834193,9808000,9826086,11.484
2026-06-10 18:00:00,9826860,9837003,9789000,9793431,8.531
2026-06-10 18:15:00,9795019,9821305,9750000,9816529,26.366
2026-06-10 18:30:00,9816529,9850061,9811082,9827373,9.35
2026-06-10 18:45:00,9826628,9848004,9807126,9836514,4.964
2026-06-10 19:00:00,9834885,9839160,9810000,9823663,5.026
2026-06-10 19:15:00,9824553,9841111,9808400,9835962,4.006
2026-06-10 19:30:00,9833671,9855555,9826237,9836784,4.042
2026-06-10 19:45:00,9836763,9850681,9828331,9845309,6.155
2026-06-10 20:00:00,9845841,9852410,9763594,9810543,30.81
2026-06-10 20:15:00,9808712,9825245,9766568,9782722,15.263
2026-06-10 20:30:00,9780130,9793853,9772938,9789694,7.658
2026-06-10 20:45:00,9786044,9802093,9782602,9790410,8.275
2026-06-10 21:00:00,9787474,9818830,9779302,9812774,7.04
2026-06-10 21:15:00,9811420,9822966,9787719,9807855,8.729
2026-06-10 21:30:00,9805916,9925343,9805498,9889247,59.087
2026-06-10 21:45:00,9887924,9905547,9870392,9870392,9.586
2026-06-10 22:00:00,9871159,9879773,9859324,9862492,6.012
2026-06-10 22:15:00,9864871,9871367,9847592,9866178,7.218
2026-06-10 22:30:00,9865962,9997005,9859804,9996802,48.892
2026-06-10 22:45:00,9995234,10008960,9949170,9960966,31.8
2026-06-10 23:00:00,9960373,9980080,9938652,9939999,11.948
2026-06-10 23:15:00,9939807,9967545,9916445,9951493,17.432
2026-06-10 23:30:00,9948248,9959010,9911644,9935400,7.63
2026-06-10 23:45:00,9932655,9978537,9912757,9978537,14.31
2026-06-11 00:00:00,9976956,10011720,9923475,9937000,20.688
2026-06-11 00:15:00,9933838,9999171,9920000,9981769,16.74
2026-06-11 00:30:00,9981747,10007253,9972568,10004356,10.561
2026-06-11 00:45:00,10003317,10087280,9967828,10049973,44.457
2026-06-11 01:00:00,10048686,10049633,9999679,9999679,9.072
2026-06-11 01:15:00,10001461,10017629,9964295,9988249,9.566
2026-06-11 01:30:00,9991902,10010000,9971602,9984041,10.964
2026-06-11 01:45:00,9980348,9981202,9935111,9976503,9.598
2026-06-11 02:00:00,9980985,10000266,9946136,9958874,8.389
2026-06-11 02:15:00,9957483,9973430,9926670,9930564,8.735
2026-06-11 02:30:00,9929556,9932541,9893246,9911542,25.072
2026-06-11 02:45:00,9907783,9956918,9906426,9944029,11.97
2026-06-11 03:00:00,9941725,9972928,9931845,9941592,4.13
2026-06-11 03:15:00,9940575,9952567,9924132,9952567,4.779
2026-06-11 03:30:00,9950637,9950637,9907091,9910722,7.78
2026-06-11 03:45:00,9911984,9928923,9881680,9926551,9.97
2026-06-11 04:00:00,9927189,9939850,9904115,9909681,4.88
2026-06-11 04:15:00,9908685,9921429,9897331,9917714,4.224
2026-06-11 04:30:00,9919135,9960707,9915248,9950102,7.37
2026-06-11 04:45:00,9949512,9954566,9923849,9938055,6.063
2026-06-11 05:00:00,9937645,9940154,9894259,9919803,6.718
2026-06-11 05:15:00,9916869,9939016,9906603,9931298,4.382
2026-06-11 05:30:00,9932226,9934631,9917598,9919425,4.676
2026-06-11 05:45:00,9917510,9924354,9902540,9918286,5.526
2026-06-11 06:00:00,9913474,9913474,9870000,9874655,7.209
2026-06-11 06:15:00,9878676,9898776,9873518,9878001,5.124
2026-06-11 06:30:00,9877116,9900650,9875640,9896065,3.87
2026-06-11 06:45:00,9895536,9897970,9820106,9847653,26.51
2026-06-11 07:00:00,9848517,9848517,9820000,9831190,12.871
2026-06-11 07:15:00,9826978,9842704,9805751,9830699,22.175
2026-06-11 07:30:00,9831029,9884610,9830432,9879486,11.383
2026-06-11 07:45:00,9876957,9880366,9849861,9852329,6.51
2026-06-11 08:00:00,9850750,9851450,9818888,9825380,12.39
2026-06-11 08:15:00,9826243,9884498,9815418,9880319,13.255
2026-06-11 08:30:00,9881261,9885988,9865709,9879724,6.952
2026-06-11 08:45:00,9875880,9884761,9868413,9872666,4.0
2026-06-11 09:00:00,9875486,9902204,9874115,9901639,9.871
2026-06-11 09:15:00,9902333,9945676,9900284,9927157,23.905
2026-06-11 09:30:00,9929775,9934051,9913958,9915233,11.53
2026-06-11 09:45:00,9917292,9936153,9917292,9919273,3.218
2026-06-11 10:00:00,9919273,9963564,9918984,9953565,11.038
2026-06-11 10:15:00,9949797,9986250,9949797,9975733,12.067
2026-06-11 10:30:00,9977678,10005520,9963876,9986924,9.202
2026-06-11 10:45:00,9986863,9994877,9974897,9979902,6.792
2026-06-11 11:00:00,9981892,9992287,9963192,9972103,5.844
2026-06-11 11:15:00,9975000,9993721,9953068,9957511,9.382
2026-06-11 11:30:00,9958407,9962338,9936236,9957251,8.85
2026-06-11 11:45:00,9955372,9982252,9946707,9971233,6.342
2026-06-11 12:00:00,9968453,9977003,9949073,9955502,4.718
2026-06-11 12:15:00,9959026,9966278,9950000,9961000,4.122
2026-06-11 12:30:00,9959994,10030079,9959994,10001768,33.252
2026-06-11 12:45:00,10003626,10074056,10003626,10051428,36.8
2026-06-11 13:00:00,10052948,10059956,10031449,10050088,17.424
2026-06-11 13:15:00,10048053,10054370,10035324,10041806,5.211
2026-06-11 13:30:00,10041502,10050000,10028270,10042480,4.177
2026-06-11 13:45:00,10043253,10073110,10043253,10056979,6.409
2026-06-11 14:00:00,10054000,10054189,10031811,10040901,3.122
2026-06-11 14:15:00,10039620,10056572,10035160,10041737,2.894
2026-06-11 14:30:00,10045104,10055951,10036866,10055557,4.362
2026-06-11 14:45:00,10055175,10057562,10040771,10044037,5.65
2026-06-11 15:00:00,10043894,10073231,10033124,10069335,7.756
2026-06-11 15:15:00,10068000,10105000,10062000,10087247,21.28
2026-06-11 15:30:00,10089319,10108572,10084596,10097367,7.668
2026-06-11 15:45:00,10097401,10097401,10066108,10068897,8.822
2026-06-11 16:00:00,10067143,10070058,10039120,10047373,7.524
2026-06-11 16:15:00,10046829,10074237,10043424,10066629,9.55
2026-06-11 16:30:00,10068273,10077234,10041636,10050601,7.696
2026-06-11 16:45:00,10057276,10064268,10051281,10058943,3.463
2026-06-11 17:00:00,10056022,10083827,10056022,10072317,6.04
2026-06-11 17:15:00,10070921,10097155,10067288,10094867,6.338
2026-06-11 17:30:00,10096028,10101053,10081231,10081231,8.032
2026-06-11 17:45:00,10081685,10114854,10081231,10096542,10.708
2026-06-11 18:00:00,10094739,10096542,10074659,10082718,4.7
2026-06-11 18:15:00,10080790,10083612,10066957,10074072,3.022
2026-06-11 18:30:00,10078801,10100840,10073000,10092251,6.63
2026-06-11 18:45:00,10092735,10101985,10088872,10093345,2.284
2026-06-11 19:00:00,10090744,10100750,10078504,10093595,5.298
2026-06-11 19:15:00,10092083,10096798,10073736,10079862,6.0
2026-06-11 19:30:00,10078892,10098994,10078892,10090450,4.568
2026-06-11 19:45:00,10094063,10144959,10090697,10130000,27.865
2026-06-11 20:00:00,10130000,10142861,10112839,10135647,18.835
2026-06-11 20:15:00,10132206,10140690,10122555,10132000,11.756
2026-06-11 20:30:00,10132000,10147263,10116220,10122486,10.357
2026-06-11 20:45:00,10123194,10142792,10117982,10123844,15.398
2026-06-11 21:00:00,10123844,10138372,10101840,10129305,18.685
2026-06-11 21:15:00,10130480,10136889,10054508,10056444,32.566
2026-06-11 21:30:00,10054916,10100917,10024560,10096241,38.965
2026-06-11 21:45:00,10089023,10113077,10085480,10108213,12.134
2026-06-11 22:00:00,10105614,10105614,10082968,10091259,9.34
2026-06-11 22:15:00,10093353,10112200,10067120,10074441,7.825
2026-06-11 22:30:00,10070505,10097931,10051066,10097931,14.407
2026-06-11 22:45:00,10095958,10138327,10094767,10113869,26.427
2026-06-11 23:00:00,10113869,10118404,10062487,10073568,15.968
2026-06-11 23:15:00,10066160,10108108,10060000,10105214,8.921
2026-06-11 23:30:00,10106962,10116410,10079765,10082267,6.792
2026-06-11 23:45:00,10080149,10105001,10059714,10062160,12.336
2026-06-12 00:00:00,10061131,10079785,10030756,10056436,22.276
2026-06-12 00:15:00,10053630,10072784,10043923,10060440,5.4
2026-06-12 00:30:00,10058681,10084060,10046705,10052659,5.562
2026-06-12 00:45:00,10054642,10063442,10036636,10063442,7.888
2026-06-12 01:00:00,10064864,10078067,10050883,10074786,3.874
2026-06-12 01:15:00,10078536,10080053,10037366,10047232,6.356
2026-06-12 01:30:00,10046930,10073524,10034671,10051186,8.717
2026-06-12 01:45:00,10050736,10053811,10037626,10039852,3.976
2026-06-12 02:00:00,10038001,10045219,10005717,10024417,16.338
2026-06-12 02:15:00,10020400,10097994,10002800,10096559,26.068
2026-06-12 02:30:00,10096559,10164925,10095352,10128959,41.009
2026-06-12 02:45:00,10130070,10186604,10129419,10183912,25.215
2026-06-12 03:00:00,10181299,10208776,10133360,10157721,25.451
2026-06-12 03:15:00,10160051,10177612,10136253,10142239,12.903
2026-06-12 03:30:00,10143851,10170354,10140339,10165149,11.392
2026-06-12 03:45:00,10163230,10166022,10148558,10150609,5.292
2026-06-12 04:00:00,10150330,10171005,10132224,10155193,9.468
2026-06-12 04:15:00,10150855,10179369,10150855,10161078,5.024
2026-06-12 04:30:00,10161384,10205000,10156035,10166043,22.765
2026-06-12 04:45:00,10163130,10174574,10155723,10158040,9.708
2026-06-12 05:00:00,10157707,10165950,10139856,10147170,7.678
2026-06-12 05:15:00,10146250,10151717,10118033,10127075,9.178
2026-06-12 05:30:00,10125956,10138631,10117355,10117668,5.452
2026-06-12 05:45:00,10118015,10139909,10116000,10133179,4.682
2026-06-12 06:00:00,10132842,10165619,10132327,10162945,9.672
2026-06-12 06:15:00,10157689,10160708,10142263,10149786,4.058
2026-06-12 06:30:00,10150569,10160177,10146678,10158617,2.994
2026-06-12 06:45:00,10162481,10167488,10146458,10152489,6.54
2026-06-12 07:00:00,10154515,10180000,10153422,10176771,10.202
2026-06-12 07:15:00,10174827,10182597,10164462,10172193,6.26
2026-06-12 07:30:00,10173127,10179970,10158478,10160766,7.99
2026-06-12 07:45:00,10157817,10169790,10151625,10158529,1.518
2026-06-12 08:00:00,10156530,10156530,10129277,10142593,6.838
2026-06-12 08:15:00,10140416,10145382,10134500,10135790,6.466
2026-06-12 08:30:00,10138865,10190000,10137678,10179133,14.403
2026-06-12 08:45:00,10179169,10181810,10163263,10178839,9.116
2026-06-12 09:00:00,10180187,10208753,10169696,10194476,25.68
2026-06-12 09:15:00,10193705,10193705,10166301,10181249,10.688
2026-06-12 09:30:00,10181249,10199594,10172665,10187000,10.926
2026-06-12 09:45:00,10189835,10197899,10182857,10186441,2.874
2026-06-12 10:00:00,10185273,10185273,10155307,10159922,11.162
2026-06-12 10:15:00,10161170,10169543,10128526,10139973,11.674
2026-06-12 10:30:00,10138147,10154133,10130971,10143211,10.137
2026-06-12 10:45:00,10143148,10162073,10143148,10155723,4.922
2026-06-12 11:00:00,10157316,10210000,10156384,10190731,10.37
2026-06-12 11:15:00,10191515,10194000,10169019,10176321,8.509
2026-06-12 11:30:00,10178192,10190348,10169019,10188767,7.21
2026-06-12 11:45:00,10188767,10188767,10176886,10185700,4.31
2026-06-12 12:00:00,10187431,10192784,10171074,10175695,5.06
2026-06-12 12:15:00,10171630,10172899,10143674,10156730,4.166
2026-06-12 12:30:00,10156730,10171498,10155168,10163764,8.457
2026-06-12 12:45:00,10163764,10174900,10160328,10172818,3.51
2026-06-12 13:00:00,10172922,10176265,10157552,10164268,1.466
2026-06-12 13:15:00,10171481,10215000,10171481,10209452,23.26
2026-06-12 13:30:00,10210669,10224573,10191801,10202472,10.968
2026-06-12 13:45:00,10198745,10204272,10193388,10196500,10.352
2026-06-12 14:00:00,10198136,10200200,10153696,10163840,15.391
2026-06-12 14:15:00,10162703,10174944,10160858,10169871,8.382
2026-06-12 14:30:00,10167978,10171525,10146290,10155217,6.551
2026-06-12 14:45:00,10159420,10163098,10145000,10153861,4.19
2026-06-12 15:00:00,10153500,10161468,10137855,10143217,7.158
2026-06-12 15:15:00,10143980,10143980,10110406,10117682,13.334
2026-06-12 15:30:00,10113315,10115892,10066607,10084021,21.755
2026-06-12 15:45:00,10086798,10101684,10084032,10096293,7.112
2026-06-12 16:00:00,10096729,10118365,10096729,10098085,6.482
2026-06-12 16:15:00,10098085,10115446,10094091,10106160,4.286
2026-06-12 16:30:00,10106160,10119877,10099804,10111080,8.476
2026-06-12 16:45:00,10113926,10136655,10103947,10115132,8.322
2026-06-12 17:00:00,10118354,10153322,10118349,10142655,6.854
2026-06-12 17:15:00,10142149,10180503,10141004,10171494,13.704
2026-06-12 17:30:00,10175116,10175556,10146110,10149133,3.496
2026-06-12 17:45:00,10149646,10166076,10142906,10163045,1.96
2026-06-12 18:00:00,10161181,10180000,10156034,10172257,6.262
2026-06-12 18:15:00,10175320,10208993,10170647,10204620,12.736
2026-06-12 18:30:00,10203707,10230000,10202245,10218511,20.602
2026-06-12 18:45:00,10214512,10226911,10196591,10200271,12.074
2026-06-12 19:00:00,10200000,10210861,10189063,10202903,9.304
2026-06-12 19:15:00,10202903,10212814,10179898,10183180,16.406
2026-06-12 19:30:00,10182487,10203136,10181569,10186883,11.546
2026-06-12 19:45:00,10190249,10199521,10184979,10191476,9.292
2026-06-12 20:00:00,10191476,10222925,10189166,10215335,17.541
2026-06-12 20:15:00,10213544,10228639,10205179,10213490,10.677
2026-06-12 20:30:00,10213434,10214403,10193907,10211704,5.346
2026-06-12 20:45:00,10212276,10225384,10207393,10207393,14.58
2026-06-12 21:00:00,10206331,10209740,10184638,10187855,9.231
2026-06-12 21:15:00,10189916,10195911,10161509,10164707,6.673
2026-06-12 21:30:00,10161802,10181006,10154775,10167907,16.972
2026-06-12 21:45:00,10163637,10183318,10155778,10169522,7.724
2026-06-12 22:00:00,10168187,10174000,10152611,10170295,14.314
2026-06-12 22:15:00,10168133,10177273,10150928,10158000,13.186
2026-06-12 22:30:00,10158000,10164462,10097290,10119439,45.599
2026-06-12 22:45:00,10120195,10139902,10111659,10134320,11.7
2026-06-12 23:00:00,10136052,10185667,10129014,10164620,27.002
2026-06-12 23:15:00,10168383,10197200,10149072,10192732,13.87
2026-06-12 23:30:00,10190689,10215163,10161760,10172831,20.699
2026-06-12 23:45:00,10171654,10253000,10165202,10250000,38.626
2026-06-13 00:00:00,10250000,10308509,10230446,10305279,47.623
2026-06-13 00:15:00,10307067,10308660,10264902,10264902,24.392
2026-06-13 00:30:00,10265708,10265708,10213952,10234548,38.184
2026-06-13 00:45:00,10237416,10239883,10179273,10189909,20.073
2026-06-13 01:00:00,10188126,10256671,10178970,10238591,25.154
2026-06-13 01:15:00,10239349,10255000,10209437,10236355,13.754
2026-06-13 01:30:00,10235404,10256736,10218373,10231752,13.808
2026-06-13 01:45:00,10232608,10252475,10227624,10252475,6.796
2026-06-13 02:00:00,10251120,10276560,10227698,10236764,20.006
2026-06-13 02:15:00,10236932,10239558,10213711,10226551,6.612
2026-06-13 02:30:00,10227308,10241543,10215997,10224455,4.196
2026-06-13 02:45:00,10225489,10235153,10222087,10232762,4.572
2026-06-13 03:00:00,10234000,10245242,10206892,10230540,6.678
2026-06-13 03:15:00,10225101,10230449,10203948,10221394,5.884
2026-06-13 03:30:00,10221858,10248280,10211116,10233090,6.788
2026-06-13 03:45:00,10233076,10238663,10203948,10207379,7.544
2026-06-13 04:00:00,10205330,10219554,10200000,10208164,1.848
2026-06-13 04:15:00,10203682,10220968,10198026,10211279,3.782
2026-06-13 04:30:00,10210829,10225515,10198054,10201048,6.208
2026-06-13 04:45:00,10202812,10204631,10189232,10191829,2.702
2026-06-13 05:00:00,10190025,10207558,10183715,10196650,5.594
2026-06-13 05:15:00,10195207,10197621,10176060,10181757,7.764
2026-06-13 05:30:00,10181832,10188964,10177745,10179703,3.062
2026-06-13 05:45:00,10181266,10183616,10160946,10170000,8.828
2026-06-13 06:00:00,10172034,10197061,10165810,10187207,10.914
2026-06-13 06:15:00,10191990,10197210,10174042,10177241,2.976
2026-06-13 06:30:00,10176778,10185363,10174792,10179096,2.994
2026-06-13 06:45:00,10181012,10182319,10166068,10168541,9.946
2026-06-13 07:00:00,10170914,10185025,10170846,10177176,6.012
2026-06-13 07:15:00,10178669,10206980,10174818,10193701,8.758
2026-06-13 07:30:00,10194706,10196971,10172553,10177962,6.034
2026-06-13 07:45:00,10175567,10180728,10171425,10173564,4.628
2026-06-13 08:00:00,10173359,10175941,10162615,10168114,4.988
2026-06-13 08:15:00,10169955,10173692,10162038,10167818,2.896
2026-06-13 08:30:00,10166305,10182070,10162488,10173861,4.34
2026-06-13 08:45:00,10173221,10184701,10172669,10179106,2.638
2026-06-13 09:00:00,10182376,10183800,10177348,10177348,0.422
2026-06-13 11:00:00,10182568,10244640,10182568,10218074,11.834
2026-06-13 11:15:00,10220127,10223293,10204457,10211066,4.112
2026-06-13 11:30:00,10211065,10211871,10196648,10196648,2.73
2026-06-13 11:45:00,10200357,10201910,10186727,10198359,3.236
2026-06-13 12:00:00,10197024,10210785,10196708,10201819,3.478
2026-06-13 12:15:00,10201950,10205963,10166168,10178252,7.458
2026-06-13 12:30:00,10179250,10181691,10175386,10177870,0.868
2026-06-13 12:45:00,10180000,10186789,10175821,10181786,2.144
2026-06-13 13:00:00,10181004,10188974,10174295,10179066,3.652
2026-06-13 13:15:00,10179324,10189395,10175742,10181979,2.474
2026-06-13 13:30:00,10181741,10195927,10180059,10194541,1.134
2026-06-13 13:45:00,10192180,10200000,10177405,10177927,1.82
2026-06-13 14:00:00,10177968,10187802,10173006,10185461,3.144
2026-06-13 14:15:00,10183633,10193883,10182942,10188550,5.326
2026-06-13 14:30:00,10187434,10196513,10183355,10191657,6.193
2026-06-13 14:45:00,10190246,10195551,10179290,10192948,1.984
2026-06-13 15:00:00,10193047,10198494,10189448,10193969,1.766
2026-06-13 15:15:00,10195120,10209460,10189003,10208757,3.504
2026-06-13 15:30:00,10210293,10213777,10205463,10208151,4.072
2026-06-13 15:45:00,10210976,10218654,10208114,10216326,1.722
2026-06-13 16:00:00,10213972,10220000,10206739,10215316,2.87
2026-06-13 16:15:00,10213261,10227564,10206252,10223146,6.744
2026-06-13 16:30:00,10220595,10232628,10215936,10229107,6.988
2026-06-13 16:45:00,10229255,10238680,10220080,10229055,9.902
2026-06-13 17:00:00,10229150,10237658,10218553,10221331,6.305
2026-06-13 17:15:00,10221876,10228483,10218194,10225178,3.926
2026-06-13 17:30:00,10224239,10241406,10221887,10234999,5.202
2026-06-13 17:45:00,10234521,10235000,10220813,10222344,1.376
2026-06-13 18:00:00,10222836,10229134,10218874,10224015,2.552
2026-06-13 18:15:00,10225941,10234738,10221174,10225681,3.414
2026-06-13 18:30:00,10226494,10226931,10216723,10226000,3.859
2026-06-13 18:45:00,10225876,10226655,10211713,10215224,3.548
2026-06-13 19:00:00,10215917,10219999,10210193,10218000,4.15
2026-06-13 19:15:00,10218815,10226664,10212751,10219175,8.098
2026-06-13 19:30:00,10219165,10239163,10219165,10231060,8.368
2026-06-13 19:45:00,10234208,10242000,10222514,10231452,5.478
2026-06-13 20:00:00,10233178,10249680,10231445,10246876,5.697
2026-06-13 20:15:00,10244994,10253039,10243658,10252400,6.136
2026-06-13 20:30:00,10247679,10250592,10240000,10243096,2.712
2026-06-13 20:45:00,10243276,10252058,10241403,10251534,1.654
2026-06-13 21:00:00,10250748,10252731,10244715,10247890,1.488
2026-06-13 21:15:00,10247890,10256044,10247266,10251698,8.577
2026-06-13 21:30:00,10252620,10262453,10252169,10259228,8.134
2026-06-13 21:45:00,10260550,10290000,10260414,10277077,20.403
2026-06-13 22:00:00,10278488,10283000,10264988,10282292,5.246
2026-06-13 22:15:00,10281009,10293443,10275000,10292037,6.276
2026-06-13 22:30:00,10289752,10296101,10282211,10284000,12.166
2026-06-13 22:45:00,10284000,10288854,10265599,10271579,16.108
2026-06-13 23:00:00,10271578,10284143,10268237,10281674,2.754
2026-06-13 23:15:00,10279690,10285715,10272268,10278000,4.586
2026-06-13 23:30:00,10278000,10292244,10278000,10284882,5.662
2026-06-13 23:45:00,10285459,10294563,10285459,10291933,6.666
2026-06-14 00:00:00,10292542,10304751,10286000,10303731,14.3
2026-06-14 00:15:00,10303058,10308000,10294500,10301378,18.05
2026-06-14 00:30:00,10300975,10313520,10290831,10295000,18.92
2026-06-14 00:45:00,10295000,10309000,10289336,10303980,5.364
2026-06-14 01:00:00,10306543,10306919,10254906,10271488,17.978
2026-06-14 01:15:00,10270343,10271236,10253780,10254727,11.052
2026-06-14 01:30:00,10257301,10268653,10253332,10268158,2.59
2026-06-14 01:45:00,10267773,10285518,10244312,10263262,9.853
2026-06-14 02:00:00,10263135,10268450,10251232,10254448,2.092
2026-06-14 02:15:00,10253180,10276129,10250941,10276129,2.641
2026-06-14 02:30:00,10274288,10279370,10269747,10278348,1.778
2026-06-14 02:45:00,10276936,10279058,10249780,10254888,4.768
2026-06-14 03:00:00,10254772,10271936,10254772,10268155,1.68
2026-06-14 03:15:00,10269998,10291655,10262481,10290942,3.868
2026-06-14 03:30:00,10289637,10302394,10286372,10299000,4.154
2026-06-14 03:45:00,10300644,10301873,10269027,10283007,6.356
2026-06-14 04:00:00,10285086,10291940,10282954,10289289,1.508
2026-06-14 04:15:00,10290671,10293095,10282626,10290217,1.91
2026-06-14 04:30:00,10290051,10308175,10283267,10302366,13.575
2026-06-14 04:45:00,10304465,10310908,10301354,10308878,3.054
2026-06-14 05:00:00,10304483,10306242,10295437,10303979,1.79
2026-06-14 05:15:00,10303832,10306490,10294620,10297004,4.792
2026-06-14 05:30:00,10297490,10299872,10294569,10297007,1.672
2026-06-14 05:45:00,10300011,10306060,10297497,10306060,6.488
2026-06-14 06:00:00,10305894,10312933,10294127,10298683,7.542
2026-06-14 06:15:00,10299887,10304264,10298032,10302400,0.822
2026-06-14 06:30:00,10301193,10380000,10301193,10347519,22.11
2026-06-14 06:45:00,10344000,10349297,10327423,10333714,6.698
2026-06-14 07:00:00,10332396,10337199,10317272,10326297,7.285
2026-06-14 07:15:00,10328000,10347178,10320504,10342281,11.52
2026-06-14 07:30:00,10340622,10350265,10339000,10343723,6.708
2026-06-14 07:45:00,10342948,10343417,10332822,10333513,7.831
2026-06-14 08:00:00,10334386,10339696,10330610,10333244,14.029
2026-06-14 08:15:00,10334074,10356972,10332733,10336053,14.3
2026-06-14 08:30:00,10334980,10341452,10332476,10332906,5.905
2026-06-14 08:45:00,10334191,10335920,10322672,10334727,4.996
2026-06-14 09:00:00,10334506,10340000,10321893,10329853,6.466
2026-06-14 09:15:00,10330402,10346494,10324436,10333572,7.4
2026-06-14 09:30:00,10333014,10353280,10332639,10350504,5.854
2026-06-14 09:45:00,10350000,10353856,10343613,10348748,6.684
2026-06-14 10:00:00,10348977,10371200,10342000,10365156,13.875
2026-06-14 10:15:00,10365019,10375855,10360126,10363116,5.396
2026-06-14 10:30:00,10363115,10363115,10350271,10350526,14.042
2026-06-14 10:45:00,10350213,10362000,10350000,10351439,6.472
2026-06-14 11:00:00,10352947,10363209,10351020,10359663,4.294
2026-06-14 11:15:00,10358303,10361784,10344006,10347795,2.25
2026-06-14 11:30:00,10347841,10348829,10340000,10342203,5.666
2026-06-14 11:45:00,10343187,10344614,10337505,10340895,1.782
2026-06-14 12:00:00,10340954,10345693,10335672,10340185,5.487
2026-06-14 12:15:00,10339668,10346624,10337303,10344975,1.202
2026-06-14 12:30:00,10344339,10347036,10335000,10339992,5.1
2026-06-14 12:45:00,10338560,10347597,10334602,10347222,6.517
2026-06-14 13:00:00,10347824,10348618,10337146,10338772,1.25
2026-06-14 13:15:00,10337991,10342639,10334210,10334210,1.812
2026-06-14 13:30:00,10335585,10336115,10320000,10320453,4.846
2026-06-14 13:45:00,10320190,10321070,10310185,10311472,7.769
2026-06-14 14:00:00,10312550,10320000,10305233,10312053,9.624
2026-06-14 14:15:00,10312606,10316690,10302880,10305521,4.149
2026-06-14 14:30:00,10305521,10320241,10301760,10315021,4.807
2026-06-14 14:45:00,10315034,10316510,10309870,10311587,2.479
2026-06-14 15:00:00,10313003,10335919,10312608,10334434,9.264
2026-06-14 15:15:00,10334837,10334837,10309748,10321353,2.739
2026-06-14 15:30:00,10318521,10318630,10291191,10296485,11.415
2026-06-14 15:45:00,10296160,10304189,10295484,10301643,5.464
2026-06-14 16:00:00,10303554,10304560,10292240,10292240,1.813
2026-06-14 16:15:00,10294378,10317440,10294378,10313492,3.606
2026-06-14 16:30:00,10314531,10314531,10301885,10305666,2.712
2026-06-14 16:45:00,10307043,10329168,10307043,10324921,4.458
2026-06-14 17:00:00,10326086,10330131,10318999,10327264,4.301
2026-06-14 17:15:00,10327323,10339967,10327323,10333850,8.361
2026-06-14 17:30:00,10334178,10338720,10327984,10328000,5.806
2026-06-14 17:45:00,10328000,10332529,10325414,10326905,3.154
2026-06-14 18:00:00,10326853,10331252,10320800,10322480,2.737
2026-06-14 18:15:00,10323492,10324748,10307015,10310167,5.102
2026-06-14 18:30:00,10311611,10351040,10309820,10343689,12.562
2026-06-14 18:45:00,10345216,10352144,10339198,10349133,2.934
2026-06-14 19:00:00,10348813,10349567,10329777,10336603,6.528
2026-06-14 19:15:00,10336521,10355496,10332173,10347770,4.274
2026-06-14 19:30:00,10350499,10359718,10347309,10349122,2.38
2026-06-14 19:45:00,10351280,10351280,10335765,10338998,3.736
2026-06-14 20:00:00,10336339,10345544,10326584,10344031,5.359
2026-06-14 20:15:00,10344586,10350308,10335523,10345814,2.624
2026-06-14 20:30:00,10347692,10355578,10346186,10350975,5.86
2026-06-14 20:45:00,10350500,10356668,10339302,10340724,3.876
2026-06-14 21:00:00,10342862,10349360,10328540,10332688,11.982
2026-06-14 21:15:00,10330953,10337891,10328549,10330037,3.956
2026-06-14 21:30:00,10329888,10331811,10306496,10314763,7.532
2026-06-14 21:45:00,10312999,10315000,10299178,10307734,6.489
2026-06-14 22:00:00,10305654,10315466,10300633,10308050,3.668
2026-06-14 22:15:00,10312849,10315880,10294996,10296159,3.664
2026-06-14 22:30:00,10297108,10318000,10292034,10313715,5.777
2026-06-14 22:45:00,10312806,10318424,10299520,10305085,1.512
2026-06-14 23:00:00,10307711,10311122,10291680,10303461,11.95
2026-06-14 23:15:00,10302861,10304265,10275865,10279198,11.78
2026-06-14 23:30:00,10277142,10280000,10234755,10241506,30.078
2026-06-14 23:45:00,10245789,10253164,10231463,10251759,6.0
2026-06-15 00:00:00,10251759,10277428,10250784,10271281,16.963
2026-06-15 00:15:00,10270110,10277240,10254226,10265932,12.452
2026-06-15 00:30:00,10263026,10273369,10254526,10259043,9.536
2026-06-15 00:45:00,10259043,10268274,10251145,10257480,4.752
2026-06-15 01:00:00,10258026,10274124,10254859,10268391,5.958
2026-06-15 01:15:00,10268733,10285639,10266500,10275940,6.614
2026-06-15 01:30:00,10275748,10283968,10274328,10277615,2.126
2026-06-15 01:45:00,10280933,10282104,10242328,10244550,7.64
2026-06-15 02:00:00,10244550,10257078,10240167,10247516,5.879
2026-06-15 02:15:00,10246758,10251934,10236960,10240720,1.466
2026-06-15 02:30:00,10239398,10245809,10213987,10228109,7.505
2026-06-15 02:45:00,10226647,10235130,10201530,10213456,14.502
2026-06-15 03:00:00,10213725,10220000,10203872,10210008,8.436
2026-06-15 03:15:00,10210777,10218637,10202228,10208345,5.618
2026-06-15 03:30:00,10209219,10220000,10209219,10217130,3.492
2026-06-15 03:45:00,10218130,10222134,10215125,10220352,11.01
2026-06-15 04:00:00,10220712,10225894,10210000,10217712,3.022
2026-06-15 04:15:00,10217712,10229991,10216941,10220426,1.04
2026-06-15 04:30:00,10222438,10227474,10212290,10217057,4.366
2026-06-15 04:45:00,10213628,10221164,10211908,10221164,2.66
2026-06-15 05:00:00,10221840,10230000,10216292,10221129,2.848
2026-06-15 05:15:00,10221706,10242159,10221706,10239462,2.836
2026-06-15 05:30:00,10239462,10265496,10237829,10257296,8.653
2026-06-15 05:45:00,10256133,10264407,10247723,10249143,6.537
2026-06-15 06:00:00,10249885,10266438,10248331,10266438,3.807
2026-06-15 06:15:00,10265692,10414880,10265692,10372256,47.111
2026-06-15 06:30:00,10373000,10478160,10357152,10450160,47.978
2026-06-15 06:45:00,10450106,10510061,10446833,10457727,30.612
2026-06-15 07:00:00,10460115,10475359,10384248,10416000,46.192
2026-06-15 07:15:00,10415638,10436720,10391853,10429756,16.828
2026-06-15 07:30:00,10433241,10480000,10420124,10466212,24.032
2026-06-15 07:45:00,10465131,10475153,10450000,10460000,18.014
2026-06-15 08:00:00,10465471,10492634,10437430,10482691,15.932
2026-06-15 08:15:00,10485506,10513941,10473752,10504138,20.449
2026-06-15 08:30:00,10508000,10512297,10480699,10490263,17.586
2026-06-15 08:45:00,10488389,10524000,10486328,10519070,10.96
2026-06-15 09:00:00,10515695,10539760,10500000,10534834,21.169
2026-06-15 09:15:00,10537644,10537925,10502523,10518842,10.96
2026-06-15 09:30:00,10516180,10520356,10473912,10485704,13.47
2026-06-15 09:45:00,10482388,10508437,10476879,10505797,5.248
2026-06-15 10:00:00,10502344,10502344,10461308,10488180,6.294
2026-06-15 10:15:00,10488180,10489815,10464892,10474100,2.968
2026-06-15 10:30:00,10472369,10527465,10469848,10522455,13.004
2026-06-15 10:45:00,10519724,10522090,10483474,10492226,5.95
2026-06-15 11:00:00,10492349,10517348,10481487,10515024,8.008
2026-06-15 11:15:00,10516593,10535232,10509158,10512347,4.814
2026-06-15 11:30:00,10509902,10514902,10498770,10498770,3.89
2026-06-15 11:45:00,10497367,10498918,10474890,10481259,9.493
2026-06-15 12:00:00,10483057,10521669,10477234,10517655,20.912
2026-06-15 12:15:00,10518131,10521973,10508960,10516534,13.343
2026-06-15 12:30:00,10513920,10549045,10508664,10543566,15.649
2026-06-15 12:45:00,10543567,10561040,10532996,10549928,27.304
2026-06-15 13:00:00,10548386,10548995,10517630,10519544,11.399
2026-06-15 13:15:00,10518788,10526591,10514972,10521195,3.502
2026-06-15 13:30:00,10519000,10524654,10506595,10514331,7.246
2026-06-15 13:45:00,10513461,10514723,10502451,10507390,5.329
2026-06-15 14:00:00,10505695,10512000,10500000,10509511,3.276
2026-06-15 14:15:00,10511895,10538638,10510382,10531778,11.37
2026-06-15 14:30:00,10534412,10534866,10508594,10515771,3.888
2026-06-15 14:45:00,10516381,10539044,10514001,10535710,3.802
2026-06-15 15:00:00,10537231,10550000,10532048,10543752,7.926
2026-06-15 15:15:00,10542271,10556878,10539213,10553511,5.3
2026-06-15 15:30:00,10554864,10555260,10525200,10535349,8.995
2026-06-15 15:45:00,10533091,10545830,10530000,10537224,4.122
2026-06-15 16:00:00,10531970,10540000,10513111,10534446,12.767
2026-06-15 16:15:00,10534248,10560753,10534248,10553742,8.292
2026-06-15 16:30:00,10552640,10555274,10520000,10525431,9.819
2026-06-15 16:45:00,10525237,10530163,10504480,10512370,10.23
2026-06-15 17:00:00,10514559,10525857,10503920,10525857,5.871
2026-06-15 17:15:00,10523237,10526996,10503189,10511306,5.385
2026-06-15 17:30:00,10510238,10532790,10510238,10526046,1.753
2026-06-15 17:45:00,10527195,10533622,10508824,10513592,7.608
2026-06-15 18:00:00,10511851,10519641,10511706,10516439,2.934
2026-06-15 18:15:00,10516439,10532317,10512000,10512000,4.35
2026-06-15 18:30:00,10511505,10514107,10486000,10499548,11.565
2026-06-15 18:45:00,10496205,10505499,10489867,10503431,3.178
2026-06-15 19:00:00,10503431,10528832,10498384,10525659,9.778
2026-06-15 19:15:00,10525000,10527570,10516498,10521038,4.296
2026-06-15 19:30:00,10518939,10525833,10515680,10522542,2.2
2026-06-15 19:45:00,10522420,10558405,10518333,10550701,28.417
2026-06-15 20:00:00,10550701,10566576,10539031,10556197,18.532
2026-06-15 20:15:00,10557877,10626836,10551541,10604933,32.406
2026-06-15 20:30:00,10606396,10612947,10586945,10591888,14.181
2026-06-15 20:45:00,10592104,10610000,10588560,10605573,6.874
2026-06-15 21:00:00,10605145,10617924,10582525,10611952,15.37
2026-06-15 21:15:00,10616299,10619999,10595978,10611463,11.617
2026-06-15 21:30:00,10611264,10643604,10593992,10639512,24.881
2026-06-15 21:45:00,10637733,10666492,10630336,10656763,18.285
2026-06-15 22:00:00,10654664,10679199,10641650,10666271,28.39
2026-06-15 22:15:00,10664377,10717642,10663000,10702130,28.704
2026-06-15 22:30:00,10699063,10707926,10639999,10659967,36.448
2026-06-15 22:45:00,10656762,10670737,10631911,10635653,15.104
2026-06-15 23:00:00,10634050,10635958,10608268,10631589,18.778
2026-06-15 23:15:00,10635650,10651148,10625556,10648854,10.601
2026-06-15 23:30:00,10647070,10652120,10629209,10651694,7.562
2026-06-15 23:45:00,10650073,10671900,10648855,10662000,14.776
2026-06-16 00:00:00,10662000,10677408,10661880,10670249,11.784
2026-06-16 00:15:00,10669205,10685980,10663520,10676125,6.39
2026-06-16 00:30:00,10675000,10715555,10669811,10715508,22.958
2026-06-16 00:45:00,10716000,10775753,10714138,10774433,35.465
2026-06-16 01:00:00,10771754,10774404,10745000,10765168,10.633
2026-06-16 01:15:00,10765168,10768864,10738557,10753758,10.667
2026-06-16 01:30:00,10759838,10772554,10751110,10755397,8.172
2026-06-16 01:45:00,10755397,10763579,10742123,10755009,11.717
2026-06-16 02:00:00,10753000,10753000,10694320,10717784,36.981
2026-06-16 02:15:00,10716371,10729773,10699372,10706705,9.642
2026-06-16 02:30:00,10705870,10726096,10685508,10722494,13.214
2026-06-16 02:45:00,10720844,10729599,10712138,10712249,7.843
2026-06-16 03:00:00,10716480,10727359,10692259,10702233,11.51
2026-06-16 03:15:00,10704813,10720241,10704813,10711057,1.926
2026-06-16 03:30:00,10711057,10716642,10698115,10710930,4.114
2026-06-16 03:45:00,10710386,10727000,10703780,10704486,8.266
2026-06-16 04:00:00,10704333,10727185,10699017,10715418,7.232
2026-06-16 04:15:00,10715873,10721371,10635103,10664808,14.868
2026-06-16 04:30:00,10666982,10696432,10666034,10696432,6.712
2026-06-16 04:45:00,10696980,10700000,10661501,10679264,6.026
2026-06-16 05:00:00,10680248,10682783,10664414,10669810,7.314
2026-06-16 05:15:00,10670496,10676344,10663629,10673912,2.234
2026-06-16 05:30:00,10675541,10692651,10673546,10682559,9.123
2026-06-16 05:45:00,10679271,10679271,10662773,10667505,6.066
2026-06-16 06:00:00,10668554,10669780,10651346,10663641,4.468
2026-06-16 06:15:00,10665474,10673424,10646481,10648913,3.618
2026-06-16 06:30:00,10648787,10659560,10634435,10654237,4.928
2026-06-16 06:45:00,10652021,10656711,10637263,10638393,7.178
2026-06-16 07:00:00,10642649,10656054,10637426,10639557,1.744
2026-06-16 07:15:00,10639144,10646821,10593662,10605262,15.825
2026-06-16 07:30:00,10604083,10638278,10590741,10627540,11.364
2026-06-16 07:45:00,10626549,10629914,10608770,10610049,8.748
2026-06-16 08:00:00,10610530,10621100,10605635,10618944,5.534
2026-06-16 08:15:00,10616268,10621701,10596938,10608931,6.87
2026-06-16 08:30:00,10609211,10614887,10591468,10613377,6.912
2026-06-16 08:45:00,10613519,10628563,10607956,10622000,8.766
2026-06-16 09:00:00,10621000,10636320,10611448,10635452,5.2
2026-06-16 09:15:00,10633416,10637903,10611303,10614043,5.056
2026-06-16 09:30:00,10612417,10641957,10612417,10639085,5.546
2026-06-16 09:45:00,10636027,10640222,10610257,10612105,5.453
2026-06-16 10:00:00,10613924,10625879,10611883,10613793,5.911
2026-06-16 10:15:00,10614035,10628304,10611517,10628304,5.904
2026-06-16 10:30:00,10628527,10634365,10624950,10624950,1.993
2026-06-16 10:45:00,10624950,10634323,10617706,10622849,4.607
2026-06-16 11:00:00,10622752,10626957,10575041,10581044,15.936
2026-06-16 11:15:00,10583230,10595208,10523558,10532633,19.028
2026-06-16 11:30:00,10530591,10554724,10529680,10544630,6.896
2026-06-16 11:45:00,10548164,10550915,10513778,10526576,9.786
2026-06-16 12:00:00,10527203,10542265,10517127,10535232,7.773
2026-06-16 12:15:00,10535232,10575907,10510000,10570249,13.656
2026-06-16 12:30:00,10571972,10596671,10567937,10593461,21.086
2026-06-16 12:45:00,10599000,10600000,10585148,10598571,7.136
2026-06-16 13:00:00,10599806,10617862,10595822,10601882,8.645
2026-06-16 13:15:00,10600805,10604381,10574313,10574313,8.388
2026-06-16 13:30:00,10572000,10572000,10546777,10559953,8.422
2026-06-16 13:45:00,10559778,10563786,10545695,10549704,7.334
2026-06-16 14:00:00,10551531,10588419,10551531,10579973,7.266
2026-06-16 14:15:00,10581082,10594000,10571850,10586954,6.512
2026-06-16 14:30:00,10588892,10593846,10578084,10591000,6.986
2026-06-16 14:45:00,10593450,10600750,10586161,10589599,4.532
2026-06-16 15:00:00,10588123,10609356,10588123,10609354,4.656
2026-06-16 15:15:00,10608838,10634581,10604687,10629815,9.596
2026-06-16 15:30:00,10632234,10665995,10618083,10638573,17.077
2026-06-16 15:45:00,10641636,10659309,10633967,10644031,9.142
2026-06-16 16:00:00,10644031,10659296,10631765,10635538,7.902
2026-06-16 16:15:00,10631967,10656628,10627383,10633116,5.732
2026-06-16 16:30:00,10631465,10648371,10628435,10630744,5.826
2026-06-16 16:45:00,10631771,10641416,10627622,10635148,3.034
2026-06-16 17:00:00,10633982,10654294,10627832,10649156,4.512
2026-06-16 17:15:00,10650330,10668521,10638977,10665117,8.59
2026-06-16 17:30:00,10665329,10682510,10659029,10679652,13.964
2026-06-16 17:45:00,10679884,10736366,10671717,10717963,23.106
2026-06-16 18:00:00,10718838,10723948,10689280,10698340,17.41
2026-06-16 18:15:00,10697086,10697352,10661038,10673124,12.804
2026-06-16 18:30:00,10674496,10695162,10670800,10690000,7.584
2026-06-16 18:45:00,10693317,10695938,10655534,10659235,5.726
2026-06-16 19:00:00,10662352,10675258,10659558,10665007,3.03
2026-06-16 19:15:00,10666179,10702557,10666179,10686040,10.652
2026-06-16 19:30:00,10684707,10685211,10666688,10674597,5.116
2026-06-16 19:45:00,10675174,10678175,10655003,10656968,8.308
2026-06-16 20:00:00,10657750,10680770,10646609,10658988,9.544
2026-06-16 20:15:00,10657088,10667952,10638145,10651266,5.895
2026-06-16 20:30:00,10647812,10648055,10629360,10640211,5.217
2026-06-16 20:45:00,10637845,10653403,10633899,10652142,3.913
2026-06-16 21:00:00,10652365,10667500,10641350,10665811,6.37
2026-06-16 21:15:00,10666266,10693413,10666266,10669720,17.438
2026-06-16 21:30:00,10671172,10710337,10647642,10656347,12.664
2026-06-16 21:45:00,10650466,10658380,10634705,10645305,9.972
2026-06-16 22:00:00,10645196,10651188,10579691,10611190,26.327
2026-06-16 22:15:00,10611308,10625249,10583458,10584926,20.114
2026-06-16 22:30:00,10583458,10606353,10569458,10594904,21.48
2026-06-16 22:45:00,10597007,10610475,10577281,10587885,12.374
2026-06-16 23:00:00,10587885,10626773,10583366,10588996,12.541
2026-06-16 23:15:00,10589600,10596040,10502800,10512647,38.158
2026-06-16 23:30:00,10512644,10543764,10485000,10532625,29.98
2026-06-16 23:45:00,10533951,10548496,10520196,10525840,7.892
2026-06-17 00:00:00,10527762,10565000,10521546,10560695,10.046
2026-06-17 00:15:00,10560695,10569063,10540178,10554273,6.906
2026-06-17 00:30:00,10556519,10583250,10552986,10560249,6.258
2026-06-17 00:45:00,10560249,10579645,10532809,10563654,14.528
2026-06-17 01:00:00,10563654,10573238,10543104,10545270,4.32
2026-06-17 01:15:00,10545166,10550411,10536153,10540533,5.574
2026-06-17 01:30:00,10542375,10562472,10532889,10553109,4.596
2026-06-17 01:45:00,10553389,10555584,10535139,10542391,4.923
2026-06-17 02:00:00,10542391,10556555,10538980,10548184,4.252
2026-06-17 02:15:00,10549040,10559447,10537068,10542792,2.788
2026-06-17 02:30:00,10542377,10554585,10535635,10543172,3.03
2026-06-17 02:45:00,10543325,10585279,10541426,10581280,14.393
2026-06-17 03:00:00,10581540,10620713,10576452,10604888,15.689
2026-06-17 03:15:00,10604682,10605770,10562188,10568190,5.212
2026-06-17 03:30:00,10569285,10578745,10552650,10561740,5.518
2026-06-17 03:45:00,10559615,10573629,10554134,10557802,8.574
2026-06-17 04:00:00,10556131,10556131,10526502,10530850,12.38
2026-06-17 04:15:00,10530797,10538316,10513293,10535262,5.45
2026-06-17 04:30:00,10538426,10547237,10518875,10526800,5.708
2026-06-17 04:45:00,10528261,10541233,10515165,10531414,6.556
2026-06-17 05:00:00,10531414,10547350,10519185,10545683,2.896
2026-06-17 05:15:00,10545091,10559876,10534828,10538116,1.73
2026-06-17 05:30:00,10540497,10559997,10537660,10558060,2.642
2026-06-17 05:45:00,10557823,10565414,10555403,10562565,5.426
2026-06-17 06:00:00,10562500,10571219,10557168,10566986,4.138
2026-06-17 06:15:00,10567353,10568287,10535000,10537570,6.58
2026-06-17 06:30:00,10536259,10543940,10528520,10543940,8.436
2026-06-17 06:45:00,10543073,10554320,10537117,10549058,6.058
2026-06-17 07:00:00,10548584,10565787,10539291,10556931,3.176
2026-06-17 07:15:00,10556465,10564802,10536473,10545241,3.3
2026-06-17 07:30:00,10547221,10549999,10533860,10537321,2.13
2026-06-17 07:45:00,10538004,10548116,10531000,10544966,4.768
2026-06-17 08:00:00,10546356,10556639,10535038,10542481,4.892
2026-06-17 08:15:00,10543380,10543380,10522636,10535112,4.656
2026-06-17 08:30:00,10537523,10543862,10534000,10534538,1.16
2026-06-17 08:45:00,10531200,10533627,10519309,10526968,5.004
2026-06-17 09:00:00,10530000,10548011,10529201,10539281,4.204
2026-06-17 09:15:00,10541439,10547741,10531427,10534775,3.72
2026-06-17 09:30:00,10535949,10553450,10528202,10549451,4.354
2026-06-17 09:45:00,10550403,10555792,10528829,10530402,5.49
2026-06-17 10:00:00,10531258,10548083,10525222,10544346,5.108
2026-06-17 10:15:00,10543467,10543467,10493398,10512429,14.746
2026-06-17 10:30:00,10511699,10548000,10505518,10535063,12.142
2026-06-17 10:45:00,10538060,10571705,10538060,10569784,7.13
2026-06-17 11:00:00,10569058,10570183,10550358,10561575,3.732
2026-06-17 11:15:00,10561926,10599970,10557674,10594055,18.183
2026-06-17 11:30:00,10595030,10595171,10544952,10556290,5.706
2026-06-17 11:45:00,10556144,10564341,10549478,10562158,5.514
2026-06-17 12:00:00,10560000,10561061,10545514,10548880,5.106
2026-06-17 12:15:00,10544334,10546113,10529336,10542531,4.704
2026-06-17 12:30:00,10542531,10556892,10540077,10544925,2.518
2026-06-17 12:45:00,10544925,10553460,10539052,10553362,3.14
2026-06-17 13:00:00,10553073,10559539,10544315,10549818,1.832
2026-06-17 13:15:00,10548940,10560872,10540425,10558630,4.25
2026-06-17 13:30:00,10557536,10565459,10551634,10560694,4.626
2026-06-17 13:45:00,10560594,10581096,10556300,10556905,3.326
2026-06-17 14:00:00,10557926,10573944,10541648,10544889,4.008
2026-06-17 14:15:00,10544137,10553332,10533527,10552208,1.682
2026-06-17 14:30:00,10550925,10562803,10546757,10561057,3.833
2026-06-17 14:45:00,10559417,10564227,10541111,10553174,4.372
2026-06-17 15:00:00,10551591,10555170,10544384,10553492,4.532
2026-06-17 15:15:00,10552407,10560000,10521040,10522600,3.542
2026-06-17 15:30:00,10522096,10533028,10507216,10516670,12.55
2026-06-17 15:45:00,10518563,10524000,10510008,10513563,7.083
2026-06-17 16:00:00,10515863,10524027,10504441,10523234,16.429
2026-06-17 16:15:00,10522270,10525388,10490284,10499344,19.458
2026-06-17 16:30:00,10500502,10504656,10487877,10496541,13.748
2026-06-17 16:45:00,10492000,10502299,10441799,10489064,38.837
2026-06-17 17:00:00,10489162,10497984,10458000,10458000,11.28
2026-06-17 17:15:00,10458011,10469000,10446393,10458491,12.504
2026-06-17 17:30:00,10456265,10457644,10386186,10387052,30.329
2026-06-17 17:45:00,10386341,10407372,10380000,10394533,14.692
2026-06-17 18:00:00,10394533,10411142,10390528,10404263,16.338
2026-06-17 18:15:00,10404561,10423840,10395701,10415720,8.812
2026-06-17 18:30:00,10414150,10420000,10395362,10397280,16.938
2026-06-17 18:45:00,10400496,10407966,10381258,10393858,4.866
2026-06-17 19:00:00,10391126,10406962,10373440,10385824,13.875
2026-06-17 19:15:00,10381003,10401325,10381003,10393875,3.332
2026-06-17 19:30:00,10395643,10399174,10385000,10392606,2.367
2026-06-17 19:45:00,10392606,10393268,10371059,10375993,5.382
2026-06-17 20:00:00,10380981,10383481,10336480,10344542,15.758
2026-06-17 20:15:00,10345620,10366366,10333374,10360171,11.598
2026-06-17 20:30:00,10360839,10379736,10352068,10378904,4.93
2026-06-17 20:45:00,10380000,10393673,10378333,10381936,5.85
2026-06-17 21:00:00,10381104,10392535,10375000,10390259,5.654
2026-06-17 21:15:00,10390054,10390054,10356011,10362672,7.348
2026-06-17 21:30:00,10360537,10399380,10347025,10396851,11.234
2026-06-17 21:45:00,10396851,10433587,10396851,10419000,8.598
2026-06-17 22:00:00,10416348,10428764,10408329,10425088,7.657
2026-06-17 22:15:00,10425439,10427897,10391167,10401203,9.086
2026-06-17 22:30:00,10400349,10461021,10388884,10455482,24.162
2026-06-17 22:45:00,10453813,10469952,10442948,10450947,10.682
2026-06-17 23:00:00,10447643,10462370,10426198,10459815,23.881
2026-06-17 23:15:00,10461797,10479995,10429440,10444805,10.721
2026-06-17 23:30:00,10451188,10454476,10415026,10424466,7.692
2026-06-17 23:45:00,10424466,10456295,10377912,10430502,27.032
2026-06-18 00:00:00,10430502,10448135,10408000,10444137,11.603
2026-06-18 00:15:00,10444137,10471167,10438352,10455038,9.777
2026-06-18 00:30:00,10459545,10490000,10447360,10488181,12.774
2026-06-18 00:45:00,10489800,10539549,10482286,10527529,25.474
2026-06-18 01:00:00,10524537,10548116,10519271,10542826,9.546
2026-06-18 01:15:00,10542145,10636080,10539037,10603503,23.594
2026-06-18 01:30:00,10605453,10613216,10550000,10558094,14.719
2026-06-18 01:45:00,10558094,10565787,10540870,10541903,5.922
2026-06-18 02:00:00,10545319,10562538,10535242,10542791,6.166
2026-06-18 02:15:00,10544228,10569721,10539377,10563146,4.882
2026-06-18 02:30:00,10563809,10569208,10542891,10543208,6.998
2026-06-18 02:45:00,10545208,10598477,10539070,10581555,10.578
2026-06-18 03:00:00,10582257,10582304,10394634,10469344,63.598
2026-06-18 03:15:00,10469043,10504934,10465290,10488410,9.05
2026-06-18 03:30:00,10486786,10591023,10466746,10582331,34.153
2026-06-18 03:45:00,10582316,10584359,10479676,10508926,12.175
2026-06-18 04:00:00,10512936,10530603,10444562,10488843,15.125
2026-06-18 04:15:00,10490016,10490016,10340550,10358420,54.066
2026-06-18 04:30:00,10357664,10391199,10306706,10312300,32.425
2026-06-18 04:45:00,10313959,10331403,10292613,10329178,23.216
2026-06-18 05:00:00,10329217,10359262,10313533,10319175,14.704
2026-06-18 05:15:00,10319175,10355599,10310160,10337083,11.046
2026-06-18 05:30:00,10339357,10356948,10316750,10317247,5.562
2026-06-18 05:45:00,10316006,10348418,10309077,10344393,12.398
2026-06-18 06:00:00,10348051,10352407,10322098,10328597,17.446
2026-06-18 06:15:00,10328704,10338270,10320000,10320000,11.184
2026-06-18 06:30:00,10319454,10341520,10300356,10309169,11.906
2026-06-18 06:45:00,10304364,10315904,10297665,10313944,12.146
2026-06-18 07:00:00,10314042,10315499,10264347,10289658,33.679
2026-06-18 07:15:00,10289658,10336630,10285811,10332392,9.77
2026-06-18 07:30:00,10331862,10345137,10308278,10315458,9.836
2026-06-18 07:45:00,10315458,10341411,10315458,10322312,5.056
2026-06-18 08:00:00,10323068,10339822,10315000,10321777,3.696
2026-06-18 08:15:00,10321342,10355869,10321110,10352624,6.096
2026-06-18 08:30:00,10350351,10361424,10339721,10346447,10.245
2026-06-18 08:45:00,10346070,10359000,10336907,10355425,6.786
2026-06-18 09:00:00,10356151,10382400,10352404,10376925,7.654
2026-06-18 09:15:00,10380113,10394160,10364389,10373940,5.781
2026-06-18 09:30:00,10373940,10389952,10360288,10374232,4.521
2026-06-18 09:45:00,10373577,10379481,10354599,10355317,5.592
2026-06-18 10:00:00,10353606,10407889,10353002,10396352,9.056
2026-06-18 10:15:00,10396859,10397196,10377920,10384020,7.47
2026-06-18 10:30:00,10383937,10396189,10373280,10376635,4.79
2026-06-18 10:45:00,10374143,10374143,10354494,10364267,7.631
2026-06-18 11:00:00,10365942,10382787,10361596,10368296,8.139
2026-06-18 11:15:00,10365946,10396570,10354222,10385403,6.518
2026-06-18 11:30:00,10388252,10397831,10382245,10395149,8.662
2026-06-18 11:45:00,10396124,10397396,10379234,10382168,8.984
2026-06-18 12:00:00,10379835,10381599,10356803,10359975,4.554
2026-06-18 12:15:00,10358835,10359284,10321817,10321817,7.96
2026-06-18 12:30:00,10321623,10336147,10313874,10323725,8.527
2026-06-18 12:45:00,10323682,10335921,10313195,10318558,8.228
2026-06-18 13:00:00,10318050,10325511,10242006,10255531,37.421
2026-06-18 13:15:00,10259620,10289378,10245760,10269272,17.095
2026-06-18 13:30:00,10269266,10270048,10251664,10253543,9.548
2026-06-18 13:45:00,10253729,10266948,10240674,10249253,18.918
2026-06-18 14:00:00,10249253,10266398,10220000,10256807,22.766
2026-06-18 14:15:00,10258441,10272827,10255174,10257834,4.984
2026-06-18 14:30:00,10257834,10273725,10249729,10260939,5.37
2026-06-18 14:45:00,10260683,10276540,10253139,10276540,5.506
2026-06-18 15:00:00,10270103,10286451,10255357,10267347,14.419
2026-06-18 15:15:00,10268982,10276441,10252442,10271997,5.692
2026-06-18 15:30:00,10274346,10293685,10270992,10292911,6.276
2026-06-18 15:45:00,10293772,10298543,10286874,10286874,6.6
2026-06-18 16:00:00,10290681,10293002,10275917,10290844,7.276
2026-06-18 16:15:00,10290844,10326137,10287438,10322440,13.049
2026-06-18 16:30:00,10321904,10352624,10316366,10346174,7.692
2026-06-18 16:45:00,10347248,10359406,10342582,10356140,7.689
2026-06-18 17:00:00,10358152,10378000,10331565,10360237,12.88
2026-06-18 17:15:00,10362054,10373334,10356826,10368664,3.864
2026-06-18 17:30:00,10368447,10372450,10356501,10356501,4.43
2026-06-18 17:45:00,10357539,10360977,10337040,10343081,11.073
2026-06-18 18:00:00,10341961,10345253,10317961,10339913,11.76
2026-06-18 18:15:00,10340000,10352872,10316060,10316922,8.712
2026-06-18 18:30:00,10316758,10326905,10310720,10323288,7.093
2026-06-18 18:45:00,10323667,10328258,10310000,10312099,8.019
2026-06-18 19:00:00,10312664,10315848,10284400,10288502,9.879
2026-06-18 19:15:00,10285451,10293197,10266117,10278253,17.53
2026-06-18 19:30:00,10279542,10303185,10278345,10292595,17.295
2026-06-18 19:45:00,10291330,10333616,10291330,10309915,13.853
2026-06-18 20:00:00,10312801,10330363,10297039,10304915,5.611
2026-06-18 20:15:00,10302649,10312960,10280000,10305679,26.558
2026-06-18 20:30:00,10309000,10309930,10277248,10291391,7.154
2026-06-18 20:45:00,10293666,10302819,10277000,10289634,5.082
2026-06-18 21:00:00,10290255,10302739,10280000,10294713,7.102
2026-06-18 21:15:00,10293740,10324313,10290059,10321483,11.367
2026-06-18 21:30:00,10324027,10336234,10310595,10334844,8.515
2026-06-18 21:45:00,10333502,10356041,10332845,10352537,5.99
2026-06-18 22:00:00,10350182,10362446,10339316,10353821,4.994
2026-06-18 22:15:00,10353722,10361900,10343149,10346419,6.702
2026-06-18 22:30:00,10345000,10348628,10267234,10272653,19.213
2026-06-18 22:45:00,10272740,10313069,10255717,10285000,21.805
2026-06-18 23:00:00,10284107,10300486,10241912,10250513,15.29
2026-06-18 23:15:00,10250516,10321167,10235680,10259310,22.363
2026-06-18 23:30:00,10254000,10301489,10251705,10268020,8.192
2026-06-18 23:45:00,10268232,10284627,10221530,10258155,15.339
2026-06-19 00:00:00,10260710,10260710,10216753,10219102,16.824
2026-06-19 00:15:00,10217000,10223453,10162325,10171004,58.26
2026-06-19 00:30:00,10169161,10195920,10090090,10110650,65.407
2026-06-19 00:45:00,10110420,10123419,10029638,10053602,47.603
2026-06-19 01:00:00,10049460,10111417,10049460,10097558,21.344
2026-06-19 01:15:00,10098269,10121745,10080354,10094323,15.408
2026-06-19 01:30:00,10093129,10115735,10076036,10109204,9.259
2026-06-19 01:45:00,10110191,10125069,10100507,10110617,6.54
2026-06-19 02:00:00,10112473,10112473,10064743,10081788,12.459
2026-06-19 02:15:00,10079074,10102117,10042123,10092664,29.115
2026-06-19 02:30:00,10092557,10119063,10084908,10106316,12.539
2026-06-19 02:45:00,10104789,10116863,10082889,10098198,10.658
2026-06-19 03:00:00,10097064,10115580,10090484,10109842,7.678
2026-06-19 03:15:00,10108873,10162151,10094942,10137385,20.428
2026-06-19 03:30:00,10136541,10137190,10109824,10124279,16.558
2026-06-19 03:45:00,10126312,10149780,10109561,10125596,15.789
2026-06-19 04:00:00,10127933,10136038,10119976,10127094,3.442
2026-06-19 04:15:00,10122887,10153000,10122887,10145867,11.355
2026-06-19 04:30:00,10145796,10158184,10103998,10153238,20.793
2026-06-19 04:45:00,10152797,10159874,10140779,10147816,5.98
2026-06-19 05:00:00,10151334,10195904,10151334,10184784,11.427
2026-06-19 05:15:00,10182110,10200433,10172591,10175996,6.408
2026-06-19 05:30:00,10172734,10185603,10166758,10179139,9.613
2026-06-19 05:45:00,10180603,10180603,10166798,10170963,3.336
2026-06-19 06:00:00,10168449,10176084,10142997,10144035,8.701
2026-06-19 06:15:00,10142995,10163986,10133200,10150772,8.88
2026-06-19 06:30:00,10149894,10155009,10135634,10142002,3.915
2026-06-19 06:45:00,10141937,10159292,10138278,10148433,7.969
2026-06-19 07:00:00,10148629,10159949,10143148,10146198,3.966
2026-06-19 07:15:00,10146025,10146025,10118766,10130501,8.639
2026-06-19 07:30:00,10131797,10133333,10109680,10120125,12.279
2026-06-19 07:45:00,10118101,10137545,10109934,10130190,10.645
2026-06-19 08:00:00,10129046,10141688,10116264,10117451,5.136
2026-06-19 08:15:00,10113396,10133636,10110000,10131760,3.282
2026-06-19 08:30:00,10134227,10143472,10133400,10137279,3.248
2026-06-19 08:45:00,10136041,10155000,10129493,10144259,6.616
2026-06-19 09:00:00,10145426,10149080,10125385,10129962,7.424
2026-06-19 09:15:00,10128171,10148677,10124704,10142605,3.82
2026-06-19 09:30:00,10145814,10154808,10141093,10153077,6.298
2026-06-19 09:45:00,10152831,10155042,10136227,10145227,4.704
2026-06-19 10:00:00,10147873,10151934,10126331,10136655,5.426
2026-06-19 10:15:00,10139089,10159676,10127477,10130185,5.578
2026-06-19 10:30:00,10129819,10134008,10113257,10130629,6.552
2026-06-19 10:45:00,10131148,10149422,10130594,10145063,5.192
2026-06-19 11:00:00,10148467,10161623,10146520,10148415,3.989
2026-06-19 11:15:00,10148415,10154654,10137028,10139217,7.923
2026-06-19 11:30:00,10139217,10150887,10129405,10136494,5.368
2026-06-19 11:45:00,10136044,10150307,10128596,10149100,6.036
2026-06-19 12:00:00,10148968,10152213,10101280,10108154,14.02
2026-06-19 12:15:00,10108659,10128524,10052009,10126850,51.897
2026-06-19 12:30:00,10123513,10128223,10090000,10099353,12.371
2026-06-19 12:45:00,10101415,10122655,10090312,10119270,5.916
2026-06-19 13:00:00,10119353,10148320,10089531,10136629,16.893
2026-06-19 13:15:00,10135000,10143149,10112663,10115872,5.683
2026-06-19 13:30:00,10115435,10115435,10080171,10092928,15.86
2026-06-19 13:45:00,10098226,10107015,10064329,10074324,15.15
2026-06-19 14:00:00,10074324,10107334,10072981,10106784,8.485
2026-06-19 14:15:00,10106499,10108426,10095000,10101620,6.136
2026-06-19 14:30:00,10100534,10110064,10091643,10104640,9.156
2026-06-19 14:45:00,10106593,10121440,10105105,10120000,8.133
2026-06-19 15:00:00,10120626,10138256,10116013,10136356,5.35
2026-06-19 15:15:00,10136356,10140000,10123303,10137005,3.706
2026-06-19 15:30:00,10136786,10140868,10119470,10132085,3.744
2026-06-19 15:45:00,10132085,10145503,10122113,10141736,5.216
2026-06-19 16:00:00,10142342,10148938,10123865,10123865,5.704
2026-06-19 16:15:00,10122776,10134641,10114961,10117659,4.37
2026-06-19 16:30:00,10117659,10131178,10078000,10091019,19.824
2026-06-19 16:45:00,10089578,10108650,10080621,10099414,6.862
2026-06-19 17:00:00,10099413,10104691,10084417,10104205,5.548
2026-06-19 17:15:00,10101442,10109665,10091270,10101858,4.174
2026-06-19 17:30:00,10107679,10124462,10090410,10098549,6.162
2026-06-19 17:45:00,10102265,10104680,10087263,10094680,2.08
2026-06-19 18:00:00,10095607,10103000,10052260,10068019,15.914
2026-06-19 18:15:00,10069175,10078264,10050000,10056682,9.454
2026-06-19 18:30:00,10061636,10075790,10059462,10063629,14.72
2026-06-19 18:45:00,10061655,10067143,10052683,10059762,9.144
2026-06-19 19:00:00,10058974,10086863,10055668,10086368,7.196
2026-06-19 19:15:00,10084468,10084468,10063614,10077920,5.004
2026-06-19 19:30:00,10080276,10080276,10062964,10064818,4.53
2026-06-19 19:45:00,10063000,10089673,10062452,10078118,3.426
2026-06-19 20:00:00,10079991,10086905,10066776,10075893,5.644
2026-06-19 20:15:00,10075893,10106779,10069397,10097788,8.562
2026-06-19 20:30:00,10101956,10108000,10088225,10099515,9.508
2026-06-19 20:45:00,10099312,10106927,10090926,10096000,9.29
2026-06-19 21:00:00,10096000,10104674,10090749,10094300,3.84
2026-06-19 21:15:00,10094300,10094300,10071920,10087185,5.228
2026-06-19 21:30:00,10086548,10089240,10056508,10075589,22.276
2026-06-19 21:45:00,10075589,10130000,10050000,10119721,21.28
2026-06-19 22:00:00,10119807,10147996,10108560,10116907,13.31
2026-06-19 22:15:00,10115795,10120019,10097794,10118217,5.998
2026-06-19 22:30:00,10119562,10168000,10111825,10166374,18.042
2026-06-19 22:45:00,10166374,10210000,10163351,10186506,43.9
2026-06-19 23:00:00,10186225,10199166,10161072,10170715,14.021
2026-06-19 23:15:00,10170085,10200000,10152735,10197647,14.144
2026-06-19 23:30:00,10198122,10219843,10180000,10202544,11.135
2026-06-19 23:45:00,10203897,10208000,10178115,10178681,12.371
2026-06-20 00:00:00,10179419,10190491,10167000,10178790,9.724
2026-06-20 00:15:00,10184198,10185969,10158493,10165833,6.422
2026-06-20 00:30:00,10164449,10200585,10160686,10194516,22.366
2026-06-20 00:45:00,10194639,10198893,10186659,10187095,5.776
2026-06-20 01:00:00,10188674,10222199,10172215,10218859,8.217
2026-06-20 01:15:00,10217909,10224399,10201937,10212566,12.05
2026-06-20 01:30:00,10211117,10223957,10201645,10203386,6.084
2026-06-20 01:45:00,10203520,10203520,10144400,10156042,17.509
2026-06-20 02:00:00,10157757,10164100,10139042,10160311,8.328
2026-06-20 02:15:00,10160425,10179362,10140018,10148993,12.596
2026-06-20 02:30:00,10147855,10181146,10147855,10174684,4.144
2026-06-20 02:45:00,10177546,10199194,10167652,10192460,13.132
2026-06-20 03:00:00,10191536,10192808,10178348,10185001,5.034
2026-06-20 03:15:00,10184652,10187332,10178510,10179014,2.918
2026-06-20 03:30:00,10179014,10188074,10154689,10167802,5.84
2026-06-20 03:45:00,10168089,10178455,10159522,10173674,2.726
2026-06-20 04:00:00,10173674,10173674,10156230,10164491,7.882
2026-06-20 04:15:00,10167875,10167875,10146635,10159115,5.852
2026-06-20 04:30:00,10155256,10161483,10152866,10157119,0.768
2026-06-20 04:45:00,10157899,10181283,10151680,10159669,9.003
2026-06-20 05:00:00,10158784,10170000,10158784,10169494,3.684
2026-06-20 05:15:00,10169435,10170698,10149010,10170698,2.39
2026-06-20 05:30:00,10171395,10174409,10162534,10173916,2.648
2026-06-20 05:45:00,10173121,10202253,10172307,10197721,5.538
2026-06-20 06:00:00,10196413,10203665,10183863,10201254,6.076
2026-06-20 06:15:00,10201694,10202930,10183453,10184953,1.794
2026-06-20 06:30:00,10185341,10187909,10174740,10176887,2.524
2026-06-20 06:45:00,10175317,10181642,10167841,10168852,4.538
2026-06-20 07:00:00,10171043,10178609,10167799,10175612,3.732
2026-06-20 07:15:00,10177804,10208544,10177440,10201273,5.818
2026-06-20 07:30:00,10201211,10224591,10196442,10211198,9.574
2026-06-20 07:45:00,10210576,10219107,10207957,10208661,2.346
2026-06-20 08:00:00,10209408,10216353,10202296,10205129,3.114
2026-06-20 08:15:00,10205129,10214044,10203920,10208919,1.99
2026-06-20 08:30:00,10209879,10218444,10207541,10212387,2.456
2026-06-20 08:45:00,10213377,10288000,10204880,10246940,13.235
2026-06-20 09:00:00,10242655,10242655,10242655,10242655,0.002
2026-06-20 11:00:00,10243840,10247826,10234812,10238532,2.27
2026-06-20 11:15:00,10238305,10246320,10220000,10229159,17.096
2026-06-20 11:30:00,10229158,10242868,10221020,10229007,6.705
2026-06-20 11:45:00,10229755,10233685,10213006,10214773,6.828
2026-06-20 12:00:00,10215698,10223997,10212558,10217533,5.6
2026-06-20 12:15:00,10218680,10236199,10218680,10233222,6.916
2026-06-20 12:30:00,10230916,10244858,10229273,10237647,4.258
2026-06-20 12:45:00,10237150,10239784,10231229,10238006,1.484
2026-06-20 13:00:00,10238006,10238564,10227000,10229728,7.115
2026-06-20 13:15:00,10231088,10250000,10230251,10246461,7.544
2026-06-20 13:30:00,10249999,10256513,10241000,10252333,8.644
2026-06-20 13:45:00,10255944,10256516,10247000,10252356,7.261
2026-06-20 14:00:00,10253737,10302766,10246000,10289671,36.949
2026-06-20 14:15:00,10288477,10292088,10260000,10261581,11.441
2026-06-20 14:30:00,10261767,10278405,10261767,10267775,16.522
2026-06-20 14:45:00,10267940,10281416,10259000,10274089,8.618
2026-06-20 15:00:00,10274089,10283820,10270172,10276460,5.688
2026-06-20 15:15:00,10277341,10288619,10270000,10280085,3.378
2026-06-20 15:30:00,10278661,10290011,10276752,10288362,4.616
2026-06-20 15:45:00,10288517,10290879,10283296,10289514,2.344
2026-06-20 16:00:00,10287956,10289362,10259992,10272000,15.256
2026-06-20 16:15:00,10274503,10296498,10273590,10295959,9.53
2026-06-20 16:30:00,10296027,10296432,10282089,10282089,6.692
2026-06-20 16:45:00,10287712,10290870,10269512,10270180,4.538
2026-06-20 17:00:00,10271696,10272569,10232880,10251074,18.326
2026-06-20 17:15:00,10252860,10256004,10238749,10239527,5.162
2026-06-20 17:30:00,10239634,10243000,10231228,10235060,4.758
2026-06-20 17:45:00,10237041,10237311,10226787,10230476,5.456
2026-06-20 18:00:00,10231353,10252011,10231353,10249118,5.724
2026-06-20 18:15:00,10248614,10262593,10243454,10256990,5.454
2026-06-20 18:30:00,10256686,10280000,10253748,10279806,6.136
2026-06-20 18:45:00,10278426,10290000,10269323,10279524,9.002
2026-06-20 19:00:00,10278826,10288308,10275049,10279969,9.962
2026-06-20 19:15:00,10277208,10282080,10265850,10271356,4.344
2026-06-20 19:30:00,10273704,10275045,10260000,10262683,3.582
2026-06-20 19:45:00,10263230,10277120,10262928,10270000,13.984
2026-06-20 20:00:00,10270000,10272582,10254171,10266893,31.668
2026-06-20 20:15:00,10266893,10277718,10263530,10267600,10.354
2026-06-20 20:30:00,10267600,10277000,10265902,10272968,5.839
2026-06-20 20:45:00,10273442,10283946,10258080,10263024,7.444
2026-06-20 21:00:00,10263087,10281497,10262263,10273483,10.009
2026-06-20 21:15:00,10269842,10276874,10264800,10272323,3.813
2026-06-20 21:30:00,10272454,10274000,10251000,10257062,5.505
2026-06-20 21:45:00,10255907,10263273,10242381,10261267,8.276
2026-06-20 22:00:00,10263193,10263894,10251568,10251568,3.242
2026-06-20 22:15:00,10251153,10254000,10204810,10215000,33.952
2026-06-20 22:30:00,10217645,10233539,10214000,10227572,18.766
2026-06-20 22:45:00,10227572,10235102,10217000,10218667,14.542
2026-06-20 23:00:00,10217000,10221456,10183600,10189554,21.813
2026-06-20 23:15:00,10189414,10211083,10187203,10211083,6.559
2026-06-20 23:30:00,10210690,10235587,10204864,10233623,5.578
2026-06-20 23:45:00,10233623,10334514,10229947,10307487,52.779
2026-06-21 00:00:00,10312505,10321592,10285027,10312987,12.028
2026-06-21 00:15:00,10312455,10379993,10308095,10343378,32.118
2026-06-21 00:30:00,10346460,10348219,10323474,10331533,5.429
2026-06-21 00:45:00,10331041,10346403,10322879,10336848,6.062
2026-06-21 01:00:00,10338388,10341216,10307622,10312445,11.711
2026-06-21 01:15:00,10310374,10328262,10309801,10313512,3.48
2026-06-21 01:30:00,10311209,10323954,10297496,10313037,12.211
2026-06-21 01:45:00,10313888,10320442,10308235,10317177,2.676
2026-06-21 02:00:00,10317713,10317713,10295693,10306963,2.232
2026-06-21 02:15:00,10305155,10313682,10293902,10312432,3.602
2026-06-21 02:30:00,10313127,10320426,10275596,10291991,17.764
2026-06-21 02:45:00,10293235,10299471,10285000,10289482,3.322
2026-06-21 03:00:00,10289515,10303785,10283952,10288907,3.436
2026-06-21 03:15:00,10288388,10297890,10288159,10295019,1.76
2026-06-21 03:30:00,10294313,10297511,10280571,10287059,2.702
2026-06-21 03:45:00,10287059,10290502,10278977,10284076,1.768
2026-06-21 04:00:00,10283880,10300866,10281558,10297932,2.692
2026-06-21 04:15:00,10297868,10303503,10289012,10294326,3.254
2026-06-21 04:30:00,10291635,10309940,10287195,10304567,3.92
2026-06-21 04:45:00,10306437,10308559,10300807,10301633,0.782
2026-06-21 05:00:00,10304228,10311850,10299917,10308002,2.14
2026-06-21 05:15:00,10308959,10310344,10298398,10300620,2.88
2026-06-21 05:30:00,10300536,10302791,10290811,10294370,3.308
2026-06-21 05:45:00,10294565,10303517,10293113,10299772,1.928
2026-06-21 06:00:00,10301886,10321110,10301072,10309425,3.37
2026-06-21 06:15:00,10310000,10313463,10301287,10304556,6.275
2026-06-21 06:30:00,10303942,10322418,10299646,10317425,4.82
2026-06-21 06:45:00,10319299,10329112,10313787,10314798,5.12
2026-06-21 07:00:00,10314235,10342090,10312000,10335116,9.212
2026-06-21 07:15:00,10332286,10369399,10324450,10361141,12.732
2026-06-21 07:30:00,10361141,10371456,10350626,10358114,8.755
2026-06-21 07:45:00,10357916,10366499,10354579,10356495,3.852
2026-06-21 08:00:00,10356107,10363420,10354425,10356672,3.404
2026-06-21 08:15:00,10355382,10366022,10355382,10355951,0.768
2026-06-21 08:30:00,10358631,10368278,10354980,10368278,2.668
2026-06-21 08:45:00,10366541,10379600,10358378,10364497,13.14
2026-06-21 09:00:00,10364873,10366545,10355000,10359512,2.718
2026-06-21 09:15:00,10359512,10368398,10354246,10360576,2.636
2026-06-21 09:30:00,10358780,10370079,10357018,10363856,8.018
2026-06-21 09:45:00,10363069,10367845,10356424,10362995,3.47
2026-06-21 10:00:00,10362995,10369790,10356336,10358135,3.39
2026-06-21 10:15:00,10359802,10360555,10356119,10359294,1.78
2026-06-21 10:30:00,10358571,10363863,10350157,10359231,6.048
2026-06-21 10:45:00,10358773,10368000,10354673,10357403,4.572
2026-06-21 11:00:00,10356541,10358917,10352667,10358476,2.158
2026-06-21 11:15:00,10358262,10358262,10350606,10356433,0.706
2026-06-21 11:30:00,10354304,10360913,10352562,10354738,1.476
2026-06-21 11:45:00,10354738,10360000,10352693,10356616,1.484
2026-06-21 12:00:00,10354415,10363513,10352399,10362849,3.06
2026-06-21 12:15:00,10366000,10389595,10362000,10371848,11.735
2026-06-21 12:30:00,10371706,10390789,10362000,10386736,11.124
2026-06-21 12:45:00,10385696,10394160,10380811,10383163,4.494
2026-06-21 13:00:00,10386514,10386514,10373661,10376684,2.884
2026-06-21 13:15:00,10376684,10404000,10376684,10394897,7.942
2026-06-21 13:30:00,10394310,10406788,10390630,10390630,5.292
2026-06-21 13:45:00,10390000,10390159,10354707,10360866,8.358
2026-06-21 14:00:00,10359537,10362727,10352101,10354924,2.908
2026-06-21 14:15:00,10355368,10366238,10353094,10366238,3.139
2026-06-21 14:30:00,10366000,10373955,10362357,10362357,2.311
2026-06-21 14:45:00,10363134,10363134,10353000,10356405,4.586
2026-06-21 15:00:00,10356987,10357493,10348888,10349032,3.246
2026-06-21 15:15:00,10350561,10364114,10345201,10363823,5.016
2026-06-21 15:30:00,10361680,10369570,10358040,10366135,3.629
2026-06-21 15:45:00,10367372,10367538,10362800,10365040,2.27
2026-06-21 16:00:00,10365040,10365915,10356666,10359439,2.431
2026-06-21 16:15:00,10359125,10361305,10342080,10345893,4.105
2026-06-21 16:30:00,10344423,10355195,10342133,10354999,3.592
2026-06-21 16:45:00,10354848,10356673,10343065,10346079,2.748
2026-06-21 17:00:00,10346079,10351902,10325280,10335054,13.895
2026-06-21 17:15:00,10335845,10336480,10320000,10321124,6.506
2026-06-21 17:30:00,10321309,10324880,10300000,10310940,12.044
2026-06-21 17:45:00,10310728,10317774,10301000,10316433,1.916
2026-06-21 18:00:00,10316328,10318560,10307360,10312506,7.767
2026-06-21 18:15:00,10311973,10330000,10308593,10321162,4.046
2026-06-21 18:30:00,10324708,10354206,10324708,10336900,4.077
2026-06-21 18:45:00,10335367,10350000,10333614,10347965,5.462
2026-06-21 19:00:00,10346480,10360289,10345925,10360289,6.216
2026-06-21 19:15:00,10360289,10375966,10354379,10366244,3.405
2026-06-21 19:30:00,10362399,10376540,10362399,10368202,4.112
2026-06-21 19:45:00,10368202,10380000,10366873,10372631,6.19
2026-06-21 20:00:00,10374558,10393205,10371392,10383629,8.028
2026-06-21 20:15:00,10381064,10381064,10334392,10376009,14.631
2026-06-21 20:30:00,10376840,10382451,10351887,10362826,5.365
2026-06-21 20:45:00,10362677,10363352,10332334,10342000,8.429
2026-06-21 21:00:00,10343623,10357760,10319597,10325565,15.891
2026-06-21 21:15:00,10325280,10330793,10311653,10317539,10.095
2026-06-21 21:30:00,10314318,10330633,10304685,10321641,10.286
2026-06-21 21:45:00,10321280,10351520,10320000,10346537,9.698
2026-06-21 22:00:00,10344367,10345746,10330000,10333609,6.596
2026-06-21 22:15:00,10333609,10345364,10333262,10338600,2.472
2026-06-21 22:30:00,10340413,10340413,10313289,10320000,8.397
2026-06-21 22:45:00,10320000,10338106,10320000,10337814,7.78
2026-06-21 23:00:00,10337810,10339280,10323426,10325271,6.342
2026-06-21 23:15:00,10323591,10329130,10315227,10320176,4.932
2026-06-21 23:30:00,10320278,10330016,10313535,10322312,3.962
2026-06-21 23:45:00,10323610,10340748,10312114,10336515,11.609
2026-06-22 00:00:00,10337098,10362465,10332771,10346090,13.312
2026-06-22 00:15:00,10345694,10359921,10343531,10355719,2.622
2026-06-22 00:30:00,10355719,10369959,10344567,10360895,14.237
2026-06-22 00:45:00,10360895,10362525,10347054,10347938,2.11
2026-06-22 01:00:00,10347054,10354680,10327557,10335920,5.467
2026-06-22 01:15:00,10336552,10352989,10330200,10338774,2.972
2026-06-22 01:30:00,10339919,10342098,10315924,10329439,4.189
2026-06-22 01:45:00,10329429,10345844,10328001,10336368,3.548
2026-06-22 02:00:00,10334863,10346183,10329543,10343183,2.578
2026-06-22 02:15:00,10343143,10343234,10327245,10327245,1.338
2026-06-22 02:30:00,10329726,10333641,10323170,10330955,3.402
2026-06-22 02:45:00,10333595,10343288,10333469,10334354,5.63
2026-06-22 03:00:00,10334265,10338938,10302439,10316132,9.012
2026-06-22 03:15:00,10316131,10321631,10312612,10318915,1.554
2026-06-22 03:30:00,10317653,10351122,10317653,10339304,6.588
2026-06-22 03:45:00,10339304,10345704,10333200,10344898,4.11
2026-06-22 04:00:00,10344912,10359822,10337570,10347202,3.856
2026-06-22 04:15:00,10347192,10351097,10342115,10347638,1.686
2026-06-22 04:30:00,10349013,10352693,10337659,10345085,3.736
2026-06-22 04:45:00,10346407,10351619,10340253,10343844,2.562
2026-06-22 05:00:00,10342912,10354988,10331671,10338855,4.694
2026-06-22 05:15:00,10339278,10339278,10320226,10328215,3.77
2026-06-22 05:30:00,10329493,10333348,10304000,10305824,3.985
2026-06-22 05:45:00,10306909,10309604,10260320,10288073,28.477
2026-06-22 06:00:00,10288367,10293700,10236588,10253678,15.547
2026-06-22 06:15:00,10258406,10281600,10234312,10260225,14.977
2026-06-22 06:30:00,10261411,10309806,10260131,10294553,14.462
2026-06-22 06:45:00,10295309,10300000,10275980,10282447,6.92
2026-06-22 07:00:00,10280053,10295097,10248644,10261208,17.755
2026-06-22 07:15:00,10264250,10282871,10260855,10275457,7.217
2026-06-22 07:30:00,10273536,10273913,10253027,10269129,5.264
2026-06-22 07:45:00,10267129,10298539,10267129,10287448,5.034
2026-06-22 08:00:00,10286745,10286745,10259019,10271933,5.482
2026-06-22 08:15:00,10271959,10287326,10259783,10260131,4.643
2026-06-22 08:30:00,10260131,10264587,10210985,10218259,21.87
2026-06-22 08:45:00,10218439,10230640,10210986,10213503,13.18
2026-06-22 09:00:00,10216000,10260000,10216000,10244721,11.746
2026-06-22 09:15:00,10244721,10282222,10244721,10277045,10.346
2026-06-22 09:30:00,10276296,10339642,10269374,10307578,24.659
2026-06-22 09:45:00,10304560,10322153,10282925,10304726,10.577
2026-06-22 10:00:00,10309999,10328377,10296090,10304004,9.668
2026-06-22 10:15:00,10305266,10454587,10305266,10424202,58.005
2026-06-22 10:30:00,10423440,10437580,10382810,10410690,22.146
2026-06-22 10:45:00,10411697,10440000,10400000,10425144,20.262
2026-06-22 11:00:00,10426301,10436460,10407512,10423229,6.902
2026-06-22 11:15:00,10415777,10434819,10410663,10417835,5.679
2026-06-22 11:30:00,10415511,10423662,10398462,10405158,8.245
2026-06-22 11:45:00,10405816,10410063,10368947,10371381,8.362
2026-06-22 12:00:00,10370236,10370441,10315312,10339673,17.529
2026-06-22 12:15:00,10340992,10402215,10340656,10373370,16.454
2026-06-22 12:30:00,10377486,10400363,10357615,10361059,7.614
2026-06-22 12:45:00,10362980,10363919,10315770,10330880,13.902
2026-06-22 13:00:00,10331440,10337501,10312617,10329992,7.3
2026-06-22 13:15:00,10328610,10340736,10316880,10333035,8.799
2026-06-22 13:30:00,10333380,10349862,10330578,10330578,6.231
2026-06-22 13:45:00,10331143,10356936,10331143,10355991,3.102
2026-06-22 14:00:00,10352756,10385516,10351392,10380126,10.609
2026-06-22 14:15:00,10382291,10384278,10367238,10373782,6.224
2026-06-22 14:30:00,10372491,10389688,10363795,10375481,9.054
2026-06-22 14:45:00,10375514,10377618,10363003,10376704,3.292
2026-06-22 15:00:00,10378581,10387000,10360636,10372496,6.85
2026-06-22 15:15:00,10372829,10375368,10346512,10355519,6.085
2026-06-22 15:30:00,10355503,10362718,10336421,10339707,7.398
2026-06-22 15:45:00,10338467,10347999,10331458,10339661,9.106
2026-06-22 16:00:00,10338428,10381059,10333735,10370985,18.429
2026-06-22 16:15:00,10371402,10389000,10371402,10381332,6.69
2026-06-22 16:30:00,10386285,10404026,10377672,10377920,10.962
2026-06-22 16:45:00,10377920,10384098,10365191,10373289,6.965
2026-06-22 17:00:00,10378430,10396399,10356538,10392867,12.69
2026-06-22 17:15:00,10393383,10398154,10369061,10371708,8.617
2026-06-22 17:30:00,10371020,10387095,10347588,10385612,9.284
2026-06-22 17:45:00,10385612,10390535,10360730,10369704,4.172
2026-06-22 18:00:00,10369998,10383981,10365550,10371277,2.974
2026-06-22 18:15:00,10371277,10374269,10357401,10363449,2.568
2026-06-22 18:30:00,10360143,10373887,10352059,10364765,2.828
2026-06-22 18:45:00,10364765,10368581,10360157,10367315,1.268
2026-06-22 19:00:00,10365818,10388000,10363523,10375370,5.63
2026-06-22 19:15:00,10375370,10382206,10364255,10372437,5.312
2026-06-22 19:30:00,10369139,10374669,10350000,10355977,8.53
2026-06-22 19:45:00,10357208,10372536,10357208,10364402,2.562
2026-06-22 20:00:00,10364714,10403855,10359806,10390045,17.431
2026-06-22 20:15:00,10389222,10420000,10375000,10400605,19.797
2026-06-22 20:30:00,10401351,10464058,10397656,10437008,24.864
2026-06-22 20:45:00,10440000,10463374,10430815,10446192,13.576
2026-06-22 21:00:00,10445706,10499962,10434480,10468566,46.854
2026-06-22 21:15:00,10468025,10507186,10460000,10499231,23.378
2026-06-22 21:30:00,10498265,10536985,10480008,10514865,28.662
2026-06-22 21:45:00,10515359,10540000,10500000,10530000,27.522
2026-06-22 22:00:00,10530189,10537855,10511211,10526661,13.134
2026-06-22 22:15:00,10530000,10530000,10502643,10510084,19.209
2026-06-22 22:30:00,10507618,10587754,10506691,10578177,55.911
2026-06-22 22:45:00,10575642,10610000,10571364,10604573,30.04
2026-06-22 23:00:00,10607915,10614958,10532950,10548522,38.757
2026-06-22 23:15:00,10548230,10548230,10498525,10499497,23.211
2026-06-22 23:30:00,10499000,10520000,10476024,10477833,42.912
2026-06-22 23:45:00,10477759,10481759,10443115,10472661,31.892
2026-06-23 00:00:00,10477099,10500000,10457105,10485623,16.537
2026-06-23 00:15:00,10483926,10493772,10463871,10487994,12.15
2026-06-23 00:30:00,10488290,10501971,10485250,10493374,5.869
2026-06-23 00:45:00,10493056,10497373,10450527,10461471,12.822
2026-06-23 01:00:00,10467046,10468907,10440554,10451701,9.336
2026-06-23 01:15:00,10449494,10463600,10431680,10442831,11.561
2026-06-23 01:30:00,10441688,10444874,10412080,10424135,11.25
2026-06-23 01:45:00,10424185,10459476,10415959,10445120,12.644
2026-06-23 02:00:00,10446075,10451887,10428692,10441722,5.352
2026-06-23 02:15:00,10439177,10445294,10412875,10416417,12.006
2026-06-23 02:30:00,10412874,10414099,10394008,10397724,9.594
2026-06-23 02:45:00,10401582,10434475,10399130,10427097,7.43
2026-06-23 03:00:00,10426200,10448321,10424472,10434718,6.342
2026-06-23 03:15:00,10435139,10444178,10419423,10423442,3.644
2026-06-23 03:30:00,10422665,10427807,10404665,10406832,2.722
2026-06-23 03:45:00,10407701,10408084,10371776,10376421,8.899
2026-06-23 04:00:00,10377505,10398280,10377505,10397527,8.272
2026-06-23 04:15:00,10398813,10405438,10382633,10393951,7.768
2026-06-23 04:30:00,10393951,10412087,10390420,10403635,2.612
2026-06-23 04:45:00,10406250,10417660,10382896,10414667,5.787
2026-06-23 05:00:00,10412690,10447099,10411803,10420393,11.967
2026-06-23 05:15:00,10423217,10424400,10393544,10402395,7.961
2026-06-23 05:30:00,10402475,10418218,10402475,10415000,4.247
2026-06-23 05:45:00,10414638,10414840,10400000,10404830,4.868
2026-06-23 06:00:00,10404610,10414313,10387173,10398017,13.703
2026-06-23 06:15:00,10395830,10396796,10373006,10382842,2.966
2026-06-23 06:30:00,10382344,10386224,10354496,10361394,6.244
2026-06-23 06:45:00,10361542,10384220,10360953,10379630,4.306
2026-06-23 07:00:00,10383637,10398083,10377594,10389033,7.13
2026-06-23 07:15:00,10385692,10387662,10324408,10341964,15.369
2026-06-23 07:30:00,10340931,10363360,10305247,10311832,21.584
2026-06-23 07:45:00,10312551,10333737,10308187,10332138,6.763
2026-06-23 08:00:00,10327321,10337885,10319903,10327295,7.139
2026-06-23 08:15:00,10324973,10343020,10314477,10339793,8.224
2026-06-23 08:30:00,10339874,10341585,10326043,10331508,4.404
2026-06-23 08:45:00,10331508,10340429,10324303,10337300,6.5
2026-06-23 09:00:00,10337718,10338951,10318999,10326376,6.208
2026-06-23 09:15:00,10328504,10335147,10300000,10304533,8.044
2026-06-23 09:30:00,10308324,10351250,10308324,10348995,8.482
2026-06-23 09:45:00,10351242,10356502,10338698,10355274,9.71
2026-06-23 10:00:00,10357768,10376269,10353721,10368966,6.432
2026-06-23 10:15:00,10366260,10373649,10355505,10365233,5.536
2026-06-23 10:30:00,10363980,10375545,10332403,10341801,8.928
2026-06-23 10:45:00,10343055,10362562,10316612,10359495,10.601
2026-06-23 11:00:00,10359495,10364471,10340198,10351608,3.512
2026-06-23 11:15:00,10353724,10369147,10353724,10362533,3.981
2026-06-23 11:30:00,10358737,10371050,10358737,10364781,5.201
2026-06-23 11:45:00,10362995,10378395,10356660,10366664,4.582
2026-06-23 12:00:00,10366080,10366081,10324917,10336901,7.28
2026-06-23 12:15:00,10337509,10348724,10335403,10348277,3.886
2026-06-23 12:30:00,10348444,10348444,10327589,10333148,6.216
2026-06-23 12:45:00,10333040,10344039,10331084,10342629,2.843
2026-06-23 13:00:00,10343822,10349169,10336481,10339138,2.75
2026-06-23 13:15:00,10342235,10342236,10318294,10330000,4.46
2026-06-23 13:30:00,10328091,10328091,10301951,10305485,8.822
2026-06-23 13:45:00,10302166,10310745,10270476,10272687,12.896
2026-06-23 14:00:00,10275769,10291880,10270763,10276063,12.824
2026-06-23 14:15:00,10274579,10281739,10237375,10250413,15.27
2026-06-23 14:30:00,10250378,10259017,10239581,10248801,8.578
2026-06-23 14:45:00,10248912,10255279,10233689,10245200,10.314
2026-06-23 15:00:00,10243545,10245413,10197457,10211583,18.122
2026-06-23 15:15:00,10212751,10223631,10109140,10146707,43.315
2026-06-23 15:30:00,10147000,10184296,10132741,10176879,14.014
2026-06-23 15:45:00,10176521,10189760,10169077,10171280,5.398
2026-06-23 16:00:00,10171280,10180224,10152986,10177767,20.713
2026-06-23 16:15:00,10178000,10182973,10163800,10165172,10.41
2026-06-23 16:30:00,10163918,10170929,10142326,10151881,10.21
2026-06-23 16:45:00,10153081,10161617,10140000,10143049,6.187
2026-06-23 17:00:00,10143049,10151671,10096361,10099028,23.135
2026-06-23 17:15:00,10104913,10105934,9987481,10006469,69.495
2026-06-23 17:30:00,10006931,10075882,10006251,10065744,36.159
2026-06-23 17:45:00,10061013,10075000,10049802,10060672,17.176
2026-06-23 18:00:00,10062359,10076360,10055000,10067847,17.708
2026-06-23 18:15:00,10066266,10083856,10066180,10079693,9.048
2026-06-23 18:30:00,10080001,10080975,10053928,10058923,19.238
2026-06-23 18:45:00,10058922,10071040,10055271,10061905,5.758
2026-06-23 19:00:00,10061905,10095000,10061905,10076820,16.779
2026-06-23 19:15:00,10076820,10077760,10052737,10056851,7.012
2026-06-23 19:30:00,10058173,10060876,10035867,10042840,11.61
2026-06-23 19:45:00,10042786,10061170,10038955,10053595,8.004
2026-06-23 20:00:00,10056709,10071000,10054204,10067602,3.754
2026-06-23 20:15:00,10067602,10099720,10067602,10091063,24.553
2026-06-23 20:30:00,10091369,10108082,10090632,10102000,21.626
2026-06-23 20:45:00,10103298,10106991,10078806,10092370,15.914
2026-06-23 21:00:00,10092370,10099789,10070579,10074123,7.438
2026-06-23 21:15:00,10076510,10079990,10058891,10070000,5.252
2026-06-23 21:30:00,10069529,10080000,10048588,10054506,12.614
2026-06-23 21:45:00,10056169,10059954,10039221,10047000,10.548
2026-06-23 22:00:00,10047000,10052997,10015482,10036000,13.836
2026-06-23 22:15:00,10036000,10036000,10005270,10010129,7.45
2026-06-23 22:30:00,10011205,10075818,9989840,10065324,39.44
2026-06-23 22:45:00,10058721,10090250,10045102,10081500,17.507
2026-06-23 23:00:00,10083362,10120000,10074594,10119708,19.765
2026-06-23 23:15:00,10119617,10141524,10084675,10102917,35.312
2026-06-23 23:30:00,10102917,10134880,10080918,10093052,13.197
2026-06-23 23:45:00,10093052,10105315,10077191,10086183,10.336
2026-06-24 00:00:00,10084759,10093635,10056895,10067078,11.161
2026-06-24 00:15:00,10066680,10066680,10038689,10049671,7.29
2026-06-24 00:30:00,10054362,10084992,10051789,10055518,5.594
2026-06-24 00:45:00,10053049,10086378,10042689,10085000,5.464
2026-06-24 01:00:00,10088059,10140000,10079200,10132945,21.362
2026-06-24 01:15:00,10135594,10135594,10097495,10098944,4.044
2026-06-24 01:30:00,10099778,10113972,10099777,10106666,3.21
2026-06-24 01:45:00,10109724,10109724,10085478,10097562,3.668
2026-06-24 02:00:00,10094218,10095934,10070480,10078708,3.543
2026-06-24 02:15:00,10076154,10116900,10076154,10111713,4.37
2026-06-24 02:30:00,10111667,10118130,10088152,10090070,5.002
2026-06-24 02:45:00,10092120,10095404,10060000,10064476,4.58
2026-06-24 03:00:00,10067669,10078288,10051240,10066669,4.768
2026-06-24 03:15:00,10066724,10071066,10058383,10064124,3.312
2026-06-24 03:30:00,10061944,10061944,10031948,10034200,6.378
2026-06-24 03:45:00,10033183,10052056,10025788,10046326,2.778
2026-06-24 04:00:00,10046916,10075772,10044247,10064378,5.152
2026-06-24 04:15:00,10063909,10077237,10048219,10077237,7.69
2026-06-24 04:30:00,10078308,10083507,10055883,10056401,3.206
2026-06-24 04:45:00,10055534,10074350,10050089,10069720,6.15
2026-06-24 05:00:00,10069675,10095705,10069675,10080152,3.556
2026-06-24 05:15:00,10081549,10089841,10075872,10088986,3.528
2026-06-24 05:30:00,10082521,10089736,10079798,10086299,3.22
2026-06-24 05:45:00,10084956,10085995,10070692,10084175,2.578
2026-06-24 06:00:00,10084175,10105000,10082724,10088302,10.878
2026-06-24 06:15:00,10090999,10099202,10081089,10099202,5.268
2026-06-24 06:30:00,10097963,10108648,10094657,10107468,6.554
2026-06-24 06:45:00,10106182,10115000,10101744,10103725,7.618
2026-06-24 07:00:00,10105190,10134648,10103372,10129687,8.494
2026-06-24 07:15:00,10127000,10133976,10100000,10107702,13.526
2026-06-24 07:30:00,10108190,10111542,10095440,10096109,4.852
2026-06-24 07:45:00,10096212,10109601,10091554,10102700,3.522
2026-06-24 08:00:00,10103092,10105138,10087457,10093064,3.624
2026-06-24 08:15:00,10092881,10118831,10092881,10115933,5.544
2026-06-24 08:30:00,10117823,10120744,10104920,10109691,4.038
2026-06-24 08:45:00,10113402,10137228,10113402,10128654,4.566
2026-06-24 09:00:00,10128042,10157000,10127172,10151675,13.878
2026-06-24 09:15:00,10153246,10159131,10143000,10148314,5.78
2026-06-24 09:30:00,10148552,10179034,10141692,10170724,9.176
2026-06-24 09:45:00,10167783,10178601,10159246,10178520,5.672
2026-06-24 10:00:00,10179093,10180000,10148719,10168313,12.565
2026-06-24 10:15:00,10167833,10167833,10130874,10152652,14.488
2026-06-24 10:30:00,10157846,10186804,10155463,10160326,10.684
2026-06-24 10:45:00,10162386,10171869,10158643,10158643,12.208
2026-06-24 11:00:00,10160503,10170083,10139911,10149351,5.808
2026-06-24 11:15:00,10147220,10147220,10117499,10129987,6.364
2026-06-24 11:30:00,10129741,10135609,10107887,10124720,6.758
2026-06-24 11:45:00,10125012,10132398,10104000,10109933,12.174
2026-06-24 12:00:00,10111083,10118706,10097728,10104350,8.216
2026-06-24 12:15:00,10101731,10115666,10080830,10112444,8.699
2026-06-24 12:30:00,10112982,10142376,10112774,10136627,7.112
2026-06-24 12:45:00,10137159,10141443,10124885,10124885,4.724
2026-06-24 13:00:00,10125965,10130351,10107713,10113370,9.63
2026-06-24 13:15:00,10114547,10119478,10092615,10103717,6.202
2026-06-24 13:30:00,10106805,10129637,10102910,10118388,9.626
2026-06-24 13:45:00,10117380,10139616,10117189,10129112,8.187
2026-06-24 14:00:00,10128907,10146420,10124001,10134494,7.638
2026-06-24 14:15:00,10134706,10157000,10134706,10154030,6.76
2026-06-24 14:30:00,10156738,10185868,10152691,10162820,15.2
2026-06-24 14:45:00,10156971,10165647,10149530,10154529,3.744
2026-06-24 15:00:00,10155982,10158089,10137287,10148411,3.962
2026-06-24 15:15:00,10148526,10162348,10140773,10153466,3.652
2026-06-24 15:30:00,10153601,10157618,10142494,10142494,6.602
2026-06-24 15:45:00,10139878,10145083,10134701,10144389,3.274
2026-06-24 16:00:00,10143476,10153612,10128649,10151996,9.161
2026-06-24 16:15:00,10148403,10148578,10126177,10126600,4.07
2026-06-24 16:30:00,10125749,10134981,10110240,10123566,8.988
2026-06-24 16:45:00,10128271,10137295,10112470,10122050,11.802
2026-06-24 17:00:00,10127000,10130900,10115255,10119183,12.745
2026-06-24 17:15:00,10124053,10135504,10121278,10128491,3.836
2026-06-24 17:30:00,10128491,10147115,10123275,10147115,3.972
2026-06-24 17:45:00,10145295,10150000,10137906,10149596,6.404
2026-06-24 18:00:00,10146805,10150000,10131645,10145857,7.968
2026-06-24 18:15:00,10147390,10147390,10130476,10132724,4.05
2026-06-24 18:30:00,10131090,10135972,10122975,10129191,5.47
2026-06-24 18:45:00,10123959,10136819,10121067,10129841,3.646
2026-06-24 19:00:00,10129841,10131417,10110000,10117000,7.454
2026-06-24 19:15:00,10115598,10121429,10100426,10105455,9.675
2026-06-24 19:30:00,10108422,10117696,10102193,10115049,7.712
2026-06-24 19:45:00,10114273,10114273,10083937,10089281,9.468
2026-06-24 20:00:00,10087015,10092128,10062831,10075471,15.794
2026-06-24 20:15:00,10076911,10080635,10065429,10073024,5.686
2026-06-24 20:30:00,10075514,10130000,10074220,10128979,8.424
2026-06-24 20:45:00,10128280,10200000,10125597,10152301,36.739
2026-06-24 21:00:00,10152835,10163995,10140717,10146574,10.206
2026-06-24 21:15:00,10147137,10154178,10132017,10140932,6.701
2026-06-24 21:30:00,10142816,10157376,10134185,10147932,5.382
2026-06-24 21:45:00,10151064,10151975,10107258,10113171,13.891
2026-06-24 22:00:00,10115070,10115070,10013192,10021512,29.516
2026-06-24 22:15:00,10021666,10053335,9966639,9991111,46.765
2026-06-24 22:30:00,9988798,10042799,9919166,9932126,53.53
2026-06-24 22:45:00,9929864,9960075,9898541,9910548,48.099
2026-06-24 23:00:00,9910845,9929567,9874848,9891899,58.542
2026-06-24 23:15:00,9889537,9907629,9838953,9892000,39.849
2026-06-24 23:30:00,9892236,9919958,9865313,9880960,31.034
2026-06-24 23:45:00,9882278,9898000,9851261,9878029,18.063
2026-06-25 00:00:00,9876054,9881824,9835231,9845793,25.436
2026-06-25 00:15:00,9842718,9882880,9831727,9841249,21.466
2026-06-25 00:30:00,9838545,9841376,9785652,9790169,25.724
2026-06-25 00:45:00,9793660,9793660,9739520,9744011,47.005
2026-06-25 01:00:00,9741000,9791722,9732683,9785497,28.715
2026-06-25 01:15:00,9785784,9809454,9766328,9785418,38.361
2026-06-25 01:30:00,9787898,9790766,9722699,9740266,21.315
2026-06-25 01:45:00,9737107,9739663,9636872,9675086,55.798
2026-06-25 02:00:00,9676505,9710293,9656620,9677354,34.124
2026-06-25 02:15:00,9678439,9684575,9594226,9657206,46.235
2026-06-25 02:30:00,9654244,9661548,9586427,9595369,20.724
2026-06-25 02:45:00,9594422,9624952,9557228,9608133,31.791
2026-06-25 03:00:00,9607448,9645440,9593298,9639802,17.252
2026-06-25 03:15:00,9642183,9691548,9637912,9654276,25.142
2026-06-25 03:30:00,9652638,9659207,9616953,9629755,7.598
2026-06-25 03:45:00,9627325,9641815,9605279,9633917,7.194
2026-06-25 04:00:00,9635428,9656057,9622000,9651655,8.033
2026-06-25 04:15:00,9651655,9681840,9637688,9669838,6.057
2026-06-25 04:30:00,9675266,9690232,9660184,9664791,7.814
2026-06-25 04:45:00,9672879,9701787,9661944,9696749,11.033
2026-06-25 05:00:00,9694360,9835168,9677874,9815413,69.749
2026-06-25 05:15:00,9812036,9835168,9797104,9826719,19.013
2026-06-25 05:30:00,9828348,9848765,9810485,9841491,19.263
2026-06-25 05:45:00,9840727,9895266,9837818,9850375,30.036
2026-06-25 06:00:00,9850375,9860000,9802640,9813948,20.063
2026-06-25 06:15:00,9810986,9841000,9807994,9832617,7.488
2026-06-25 06:30:00,9831721,9877740,9825000,9869958,11.467
2026-06-25 06:45:00,9869958,9879580,9856999,9873804,11.604
2026-06-25 07:00:00,9873917,9899274,9856006,9856725,13.871
2026-06-25 07:15:00,9855472,9855472,9833391,9835050,5.73
2026-06-25 07:30:00,9836948,9846756,9825000,9842203,7.392
2026-06-25 07:45:00,9842203,9842654,9825378,9833456,2.268
2026-06-25 08:00:00,9834796,9851044,9830495,9836976,13.008
2026-06-25 08:15:00,9841567,9859653,9832561,9852256,9.312
2026-06-25 08:30:00,9852409,9864188,9848638,9860419,3.34
2026-06-25 08:45:00,9862436,9875140,9845145,9870285,3.806
2026-06-25 09:00:00,9868005,9881001,9856655,9868727,6.152
2026-06-25 09:15:00,9870782,9874388,9839787,9843339,4.996
2026-06-25 09:30:00,9843339,9852698,9826597,9829274,6.566
2026-06-25 09:45:00,9828608,9839000,9808616,9821715,10.588
2026-06-25 10:00:00,9823032,9834540,9810000,9816806,12.134
2026-06-25 10:15:00,9816932,9839760,9808089,9829413,3.528
2026-06-25 10:30:00,9826317,9836101,9822086,9822524,2.268
2026-06-25 10:45:00,9824876,9857441,9821999,9844799,4.684
2026-06-25 11:00:00,9843428,9848431,9809134,9817672,4.204
2026-06-25 11:15:00,9819375,9846119,9814371,9841787,3.112
2026-06-25 11:30:00,9841787,9843267,9813621,9815161,11.572
2026-06-25 11:45:00,9812981,9824807,9806065,9819951,9.898
2026-06-25 12:00:00,9819941,9833600,9810012,9816315,8.734
2026-06-25 12:15:00,9815288,9827163,9800000,9818743,9.95
2026-06-25 12:30:00,9817149,9828526,9810519,9813628,3.736
2026-06-25 12:45:00,9813628,9840402,9813628,9834891,5.77
2026-06-25 13:00:00,9838677,9840764,9825318,9825341,4.584
2026-06-25 13:15:00,9825341,9841227,9821614,9839429,2.676
2026-06-25 13:30:00,9838591,9851467,9823097,9851467,6.558
2026-06-25 13:45:00,9852893,9913893,9850916,9905000,36.104
2026-06-25 14:00:00,9905416,9969458,9896254,9953589,46.204
2026-06-25 14:15:00,9956028,9984522,9927531,9951968,31.491
2026-06-25 14:30:00,9951784,9955905,9935520,9937795,8.069
2026-06-25 14:45:00,9934542,9960119,9932160,9949976,8.169
2026-06-25 15:00:00,9951348,9977000,9948798,9970402,7.156
2026-06-25 15:15:00,9969003,9989638,9958573,9966110,8.63
2026-06-25 15:30:00,9966459,9980000,9961891,9978418,8.11
2026-06-25 15:45:00,9977868,9995000,9972136,9977043,10.013
2026-06-25 16:00:00,9976002,9992215,9962569,9980433,10.992
2026-06-25 16:15:00,9981575,10003820,9977886,9987600,28.528
2026-06-25 16:30:00,9989598,10012000,9989598,10006640,14.341
2026-06-25 16:45:00,10006968,10013000,9989033,10008525,8.172
2026-06-25 17:00:00,10008952,10008952,9980857,9986896,7.032
2026-06-25 17:15:00,9986891,9986891,9971543,9981653,5.988
2026-06-25 17:30:00,9984091,9984091,9968213,9977352,3.337
2026-06-25 17:45:00,9979795,9987717,9962886,9970404,5.819
2026-06-25 18:00:00,9967000,9985397,9966235,9978854,2.884
2026-06-25 18:15:00,9979678,9983575,9956489,9971511,8.224
2026-06-25 18:30:00,9970854,9984360,9967850,9979193,3.308
2026-06-25 18:45:00,9979905,9986003,9970889,9977650,9.744
2026-06-25 19:00:00,9978151,9980277,9963827,9968252,0.83
2026-06-25 19:15:00,9968187,9979853,9950949,9952598,7.09
2026-06-25 19:30:00,9951343,9955211,9920000,9921437,22.84
2026-06-25 19:45:00,9920513,9925000,9900364,9901252,13.616
2026-06-25 20:00:00,9901756,9923200,9867200,9920031,29.872
2026-06-25 20:15:00,9919456,9934123,9899992,9899992,12.52
2026-06-25 20:30:00,9899901,9923960,9899901,9914748,10.842
2026-06-25 20:45:00,9916077,9916077,9885245,9904740,11.851
2026-06-25 21:00:00,9905915,9920000,9884793,9890491,8.988
2026-06-25 21:15:00,9891423,9900448,9871963,9874315,9.115
2026-06-25 21:30:00,9873709,9974400,9873709,9916749,43.6
2026-06-25 21:45:00,9916749,9923196,9882144,9901759,10.969
2026-06-25 22:00:00,9898993,9915168,9885017,9907793,14.983
2026-06-25 22:15:00,9908465,9916137,9887293,9893762,9.127
2026-06-25 22:30:00,9892677,9911716,9707752,9711506,63.916
2026-06-25 22:45:00,9712829,9743426,9382006,9417398,203.961
2026-06-25 23:00:00,9418291,9650000,9415363,9571651,139.02
2026-06-25 23:15:00,9571475,9624135,9500000,9587290,88.341
2026-06-25 23:30:00,9586872,9770000,9559761,9609121,106.812
2026-06-25 23:45:00,9610169,9654640,9588642,9605864,44.836
2026-06-26 00:00:00,9605923,9605923,9540000,9542911,33.663
2026-06-26 00:15:00,9537000,9590912,9510605,9570771,41.045
2026-06-26 00:30:00,9571902,9614199,9543860,9564342,27.222
2026-06-26 00:45:00,9560726,9635308,9560726,9618645,26.121
2026-06-26 01:00:00,9622437,9699997,9605000,9652594,37.086
2026-06-26 01:15:00,9655481,9667762,9640260,9649993,10.282
2026-06-26 01:30:00,9650915,9650915,9567272,9573312,22.897
2026-06-26 01:45:00,9575502,9597083,9557000,9586450,16.368
2026-06-26 02:00:00,9585643,9610000,9557627,9599721,14.362
2026-06-26 02:15:00,9608394,9633166,9593006,9622457,19.655
2026-06-26 02:30:00,9624555,9653111,9616936,9622612,9.31
2026-06-26 02:45:00,9621943,9644825,9608408,9643711,8.898
2026-06-26 03:00:00,9644179,9661717,9597805,9597805,16.993
2026-06-26 03:15:00,9600833,9654064,9597871,9649090,12.784
2026-06-26 03:30:00,9647368,9647368,9599363,9606717,13.418
2026-06-26 03:45:00,9604000,9631387,9595370,9618577,9.731
2026-06-26 04:00:00,9619570,9621937,9576232,9583048,14.32
2026-06-26 04:15:00,9578915,9596691,9567617,9591157,11.099
2026-06-26 04:30:00,9591462,9603525,9583472,9585267,4.97
2026-06-26 04:45:00,9583878,9597741,9566266,9588647,8.418
2026-06-26 05:00:00,9590064,9654033,9589314,9627470,18.29
2026-06-26 05:15:00,9628459,9653959,9621863,9637507,5.78
2026-06-26 05:30:00,9637048,9641339,9600000,9616778,11.448
2026-06-26 05:45:00,9617659,9618321,9589411,9607300,11.018
2026-06-26 06:00:00,9609077,9635374,9605875,9631917,9.456
2026-06-26 06:15:00,9631878,9649783,9624006,9645805,7.56
2026-06-26 06:30:00,9646309,9696795,9645327,9686663,17.173
2026-06-26 06:45:00,9686663,9734070,9677960,9727431,19.045
2026-06-26 07:00:00,9726613,9726613,9672880,9675120,17.451
2026-06-26 07:15:00,9677044,9697510,9660241,9663154,11.696
2026-06-26 07:30:00,9661651,9675541,9655744,9662083,5.168
2026-06-26 07:45:00,9666159,9687116,9660743,9675529,8.511
2026-06-26 08:00:00,9672036,9693504,9665945,9691613,4.127
2026-06-26 08:15:00,9691918,9726632,9688641,9714781,10.932
2026-06-26 08:30:00,9712275,9727234,9690765,9692597,8.825
2026-06-26 08:45:00,9692635,9694577,9655198,9665769,11.975
2026-06-26 09:00:00,9666166,9682099,9661552,9677486,7.23
2026-06-26 09:15:00,9676679,9678991,9650717,9664100,5.74
2026-06-26 09:30:00,9662302,9678504,9652269,9666299,7.264
2026-06-26 09:45:00,9664777,9670873,9642284,9648382,10.048
2026-06-26 10:00:00,9648044,9667563,9609635,9629876,12.44
2026-06-26 10:15:00,9634720,9644059,9588321,9590352,11.992
2026-06-26 10:30:00,9591235,9599347,9576543,9593254,18.744
2026-06-26 10:45:00,9590010,9610655,9583309,9608109,12.426
2026-06-26 11:00:00,9609150,9612583,9482783,9488568,35.022
2026-06-26 11:15:00,9490102,9523518,9431126,9519448,51.175
2026-06-26 11:30:00,9520376,9538281,9488265,9508584,31.108
2026-06-26 11:45:00,9505830,9507000,9447383,9466037,27.26
2026-06-26 12:00:00,9468719,9530000,9427132,9518873,39.846
2026-06-26 12:15:00,9516690,9560000,9493680,9548128,25.638
2026-06-26 12:30:00,9547030,9615495,9535000,9605562,32.314
2026-06-26 12:45:00,9603860,9703250,9603442,9690784,50.967
2026-06-26 13:00:00,9689063,9700000,9660000,9671137,30.011
2026-06-26 13:15:00,9670768,9715000,9668095,9682118,47.412
2026-06-26 13:30:00,9681721,9692678,9666352,9681122,7.752
2026-06-26 13:45:00,9683407,9683891,9662066,9673885,2.294
2026-06-26 14:00:00,9676059,9681720,9660594,9681720,9.737
2026-06-26 14:15:00,9682759,9692993,9640567,9676641,13.701
2026-06-26 14:30:00,9679150,9691898,9659433,9663238,7.75
2026-06-26 14:45:00,9664106,9677043,9647433,9673617,6.228
2026-06-26 15:00:00,9670912,9670912,9635529,9641171,11.231
2026-06-26 15:15:00,9640530,9702687,9640530,9693733,10.338
2026-06-26 15:30:00,9695495,9757842,9674799,9751253,38.613
2026-06-26 15:45:00,9748327,9762865,9726721,9736762,12.323
2026-06-26 16:00:00,9737441,9771214,9730620,9767267,13.683
2026-06-26 16:15:00,9766772,9802821,9761370,9783615,12.8
2026-06-26 16:30:00,9783535,9809064,9776022,9782807,26.152
2026-06-26 16:45:00,9782278,9788394,9768737,9769000,13.166
2026-06-26 17:00:00,9769295,9775616,9715000,9722415,21.211
2026-06-26 17:15:00,9724904,9739228,9709148,9728885,10.943
2026-06-26 17:30:00,9727676,9738350,9706515,9716816,11.743
2026-06-26 17:45:00,9717908,9727000,9706515,9722440,10.486
2026-06-26 18:00:00,9724000,9724999,9690398,9708242,13.024
2026-06-26 18:15:00,9705871,9713342,9695705,9705101,5.694
2026-06-26 18:30:00,9703648,9705905,9673786,9682000,11.228
2026-06-26 18:45:00,9683233,9688071,9615273,9638933,27.662
2026-06-26 19:00:00,9638789,9657102,9626851,9646057,11.912
2026-06-26 19:15:00,9646000,9661933,9639126,9639126,7.236
2026-06-26 19:30:00,9642842,9653292,9600000,9617824,16.536
2026-06-26 19:45:00,9617133,9618117,9563102,9579172,24.636
2026-06-26 20:00:00,9579172,9621171,9567715,9603228,13.888
2026-06-26 20:15:00,9604404,9608028,9587270,9593751,11.258
2026-06-26 20:30:00,9597327,9618000,9594686,9604035,6.96
2026-06-26 20:45:00,9604467,9610109,9579185,9598070,21.708
2026-06-26 21:00:00,9601587,9617126,9587691,9606530,15.32
2026-06-26 21:15:00,9605302,9656392,9604121,9655463,21.132
2026-06-26 21:30:00,9656473,9699354,9526160,9561452,44.656
2026-06-26 21:45:00,9559586,9630066,9549822,9562222,43.192
2026-06-26 22:00:00,9565000,9577360,9525652,9549257,25.386
2026-06-26 22:15:00,9549495,9561297,9459712,9517108,50.037
2026-06-26 22:30:00,9517450,9630000,9509122,9613680,73.236
2026-06-26 22:45:00,9608341,9725940,9588095,9720025,48.5
2026-06-26 23:00:00,9718334,9736596,9656584,9685669,29.817
2026-06-26 23:15:00,9684872,9723871,9657997,9694022,21.301
2026-06-26 23:30:00,9697679,9698734,9615895,9622695,22.542
2026-06-26 23:45:00,9624073,9671890,9591599,9627352,26.658
2026-06-27 00:00:00,9626552,9710000,9625744,9665451,20.11
2026-06-27 00:15:00,9663020,9775000,9658965,9720085,25.584
2026-06-27 00:30:00,9722303,9771491,9704800,9757890,28.126
2026-06-27 00:45:00,9760573,9762542,9714436,9741479,31.438
2026-06-27 01:00:00,9743721,9780000,9714449,9719069,21.57
2026-06-27 01:15:00,9719069,9733971,9684223,9700005,19.561
2026-06-27 01:30:00,9700000,9756958,9700000,9705225,14.862
2026-06-27 01:45:00,9705225,9723480,9697113,9701182,9.964
2026-06-27 02:00:00,9700090,9742211,9696663,9732921,18.766
2026-06-27 02:15:00,9731490,9734877,9703233,9727290,8.718
2026-06-27 02:30:00,9725795,9731068,9686481,9708214,16.854
2026-06-27 02:45:00,9708727,9713239,9689704,9701811,7.276
2026-06-27 03:00:00,9697983,9721156,9696419,9710456,5.576
2026-06-27 03:15:00,9712686,9715703,9663181,9666079,11.438
2026-06-27 03:30:00,9667809,9672879,9649595,9656154,6.124
2026-06-27 03:45:00,9652416,9652416,9620666,9638027,8.06
2026-06-27 04:00:00,9640091,9708639,9628696,9693622,21.19
2026-06-27 04:15:00,9693382,9693382,9670000,9677852,5.632
2026-06-27 04:30:00,9681294,9705362,9673348,9676185,6.426
2026-06-27 04:45:00,9675682,9678896,9652161,9652161,6.71
2026-06-27 05:00:00,9650179,9691700,9642231,9648221,16.064
2026-06-27 05:15:00,9650111,9663258,9643409,9656650,4.73
2026-06-27 05:30:00,9656974,9656993,9627830,9637975,11.128
2026-06-27 05:45:00,9637467,9670487,9636166,9650823,16.186
2026-06-27 06:00:00,9650000,9659909,9647000,9659426,4.3
2026-06-27 06:15:00,9659512,9679589,9647927,9679534,5.448
2026-06-27 06:30:00,9677598,9711873,9677598,9702522,17.612
2026-06-27 06:45:00,9702381,9705221,9690033,9690033,15.114
2026-06-27 07:00:00,9689612,9697167,9662952,9688072,7.276
2026-06-27 07:15:00,9689790,9702426,9684853,9684853,6.218
2026-06-27 07:30:00,9684762,9701078,9682731,9697753,7.266
2026-06-27 07:45:00,9696884,9722881,9690890,9718173,10.326
2026-06-27 08:00:00,9717602,9728066,9709380,9722415,8.512
2026-06-27 08:15:00,9719287,9720406,9697416,9702457,11.01
2026-06-27 08:30:00,9700420,9722164,9690734,9720070,9.464
2026-06-27 08:45:00,9718824,9723000,9707881,9719234,9.256
2026-06-27 11:00:00,9721913,9722574,9706292,9722000,14.566
2026-06-27 11:15:00,9722000,9765000,9718544,9756928,14.784
2026-06-27 11:30:00,9752708,9757222,9734955,9752079,6.834
2026-06-27 11:45:00,9754016,9763870,9748764,9753181,9.918
2026-06-27 12:00:00,9751616,9769250,9725412,9730953,21.458
2026-06-27 12:15:00,9729680,9755002,9729411,9751566,10.608
2026-06-27 12:30:00,9752064,9769417,9745834,9751596,12.2
2026-06-27 12:45:00,9750299,9758260,9745564,9752072,7.074
2026-06-27 13:00:00,9754022,9775000,9753422,9769025,14.59
2026-06-27 13:15:00,9766310,9779000,9758868,9766239,15.19
2026-06-27 13:30:00,9765800,9774916,9761822,9765517,4.87
2026-06-27 13:45:00,9765019,9765530,9740738,9746112,14.154
2026-06-27 14:00:00,9746619,9756628,9736469,9755286,15.988
2026-06-27 14:15:00,9753980,9753980,9726854,9731853,6.792
2026-06-27 14:30:00,9732523,9742826,9726442,9741487,7.064
2026-06-27 14:45:00,9740155,9754204,9739336,9744962,13.312
2026-06-27 15:00:00,9745578,9745668,9721428,9730004,8.644
2026-06-27 15:15:00,9731147,9743563,9721997,9737024,7.764
2026-06-27 15:30:00,9737024,9776028,9737024,9770719,14.725
2026-06-27 15:45:00,9771542,9787401,9760275,9766306,15.288
2026-06-27 16:00:00,9767315,9770919,9753280,9758324,7.934
2026-06-27 16:15:00,9758453,9776588,9755960,9775594,7.244
2026-06-27 16:30:00,9774849,9781457,9768000,9774423,14.016
2026-06-27 16:45:00,9777501,9794966,9777316,9791000,11.128
2026-06-27 17:00:00,9789413,9789709,9777000,9780598,9.85
2026-06-27 17:15:00,9779591,9789129,9775000,9777923,9.729
2026-06-27 17:30:00,9776354,9779355,9761265,9761834,10.432
2026-06-27 17:45:00,9762710,9786900,9762710,9777297,6.562
2026-06-27 18:00:00,9776130,9785149,9759922,9764216,10.268
2026-06-27 18:15:00,9761205,9763635,9750000,9759445,5.844
2026-06-27 18:30:00,9762456,9772779,9762456,9766717,3.638
2026-06-27 18:45:00,9769000,9774005,9763438,9768485,2.314
2026-06-27 19:00:00,9770409,9779603,9767194,9777647,4.99
2026-06-27 19:15:00,9777647,9782848,9775000,9777204,4.708
2026-06-27 19:30:00,9777490,9778407,9768355,9771096,2.828
2026-06-27 19:45:00,9772000,9772000,9764771,9771377,2.532
2026-06-27 20:00:00,9770755,9775976,9762219,9765407,5.474
2026-06-27 20:15:00,9765549,9765549,9737550,9744103,8.98
2026-06-27 20:30:00,9744583,9752056,9722000,9745345,12.264
2026-06-27 20:45:00,9745970,9770046,9745970,9761531,7.152
2026-06-27 21:00:00,9759652,9761289,9743569,9750000,5.574
2026-06-27 21:15:00,9751306,9758885,9749319,9755717,7.296
2026-06-27 21:30:00,9754645,9764999,9749429,9756200,4.916
2026-06-27 21:45:00,9755149,9768621,9750000,9768621,11.178
2026-06-27 22:00:00,9767000,9775998,9762929,9770371,10.708
2026-06-27 22:15:00,9769642,9780000,9762658,9778208,5.236
2026-06-27 22:30:00,9778208,9804000,9770300,9795600,19.614
2026-06-27 22:45:00,9794673,9800378,9780400,9794942,8.39
2026-06-27 23:00:00,9794712,9816168,9780350,9811299,16.693
2026-06-27 23:15:00,9806576,9809038,9792958,9796000,17.398
2026-06-27 23:30:00,9795511,9803650,9783075,9801514,12.448
2026-06-27 23:45:00,9800394,9806310,9794247,9796867,3.118
2026-06-28 00:00:00,9796121,9842500,9788508,9835646,22.155
2026-06-28 00:15:00,9836134,9836134,9806160,9824319,18.047
2026-06-28 00:30:00,9826187,9845000,9817494,9822509,13.584
2026-06-28 00:45:00,9821177,9832577,9815000,9822755,4.054
2026-06-28 01:00:00,9827100,9830799,9811915,9813363,8.056
2026-06-28 01:15:00,9812893,9813843,9802496,9809553,3.432
2026-06-28 01:30:00,9808205,9818000,9798047,9818000,7.786
2026-06-28 01:45:00,9817986,9823162,9814000,9820848,11.18
2026-06-28 02:00:00,9821000,9822133,9760031,9783909,21.694
2026-06-28 02:15:00,9783440,9793684,9769658,9790552,7.476
2026-06-28 02:30:00,9790911,9799361,9775547,9790614,5.846
2026-06-28 02:45:00,9789036,9796018,9777023,9780089,4.83
2026-06-28 03:00:00,9777316,9785000,9766487,9778632,9.918
2026-06-28 03:15:00,9780412,9786344,9769399,9779603,3.872
2026-06-28 03:30:00,9776752,9787272,9776346,9785248,2.544
2026-06-28 03:45:00,9782292,9788039,9778375,9786801,2.874
2026-06-28 04:00:00,9785488,9795152,9784876,9791102,1.64
2026-06-28 04:15:00,9791103,9792875,9733330,9746604,19.658
2026-06-28 04:30:00,9747404,9747404,9707598,9728901,17.363
2026-06-28 04:45:00,9727851,9737280,9720000,9726757,4.728
2026-06-28 05:00:00,9728152,9749600,9728152,9744015,18.734
2026-06-28 05:15:00,9743391,9750000,9738567,9744842,4.979
2026-06-28 05:30:00,9745007,9746751,9741834,9742459,1.354
2026-06-28 05:45:00,9742459,9750160,9742458,9746800,3.731
2026-06-28 06:00:00,9750000,9764253,9749659,9760523,8.445
2026-06-28 06:15:00,9759200,9771221,9755580,9769657,6.76
2026-06-28 06:30:00,9770237,9778160,9735508,9738175,10.886
2026-06-28 06:45:00,9738175,9750000,9718923,9730857,18.456
2026-06-28 07:00:00,9729990,9729990,9705346,9719659,6.675
2026-06-28 07:15:00,9718001,9726400,9676240,9721434,24.584
2026-06-28 07:30:00,9718894,9740512,9716639,9730682,7.94
2026-06-28 07:45:00,9726878,9740600,9725592,9737046,7.743
2026-06-28 08:00:00,9737616,9750000,9701643,9705097,10.371
2026-06-28 08:15:00,9704257,9714028,9690000,9694007,13.336
2026-06-28 08:30:00,9696824,9711951,9689350,9706310,5.972
2026-06-28 08:45:00,9704369,9710335,9696937,9700808,8.4
2026-06-28 09:00:00,9699305,9719229,9697844,9718584,9.616
2026-06-28 09:15:00,9718584,9727651,9713130,9722754,6.284
2026-06-28 09:30:00,9722754,9727631,9709449,9724301,5.86
2026-06-28 09:45:00,9724940,9728352,9716717,9720148,6.734
2026-06-28 10:00:00,9718467,9722297,9693322,9710321,7.202
2026-06-28 10:15:00,9710610,9734297,9704893,9729188,6.012
2026-06-28 10:30:00,9729048,9741718,9727258,9738189,9.562
2026-06-28 10:45:00,9736438,9741000,9728988,9731839,6.238
2026-06-28 11:00:00,9733027,9743935,9733027,9741974,2.858
2026-06-28 11:15:00,9743011,9752220,9704422,9717360,9.464
2026-06-28 11:30:00,9718557,9722815,9714353,9719129,3.788
2026-06-28 11:45:00,9719568,9728949,9716583,9724236,2.876
2026-06-28 12:00:00,9726382,9744644,9725428,9740967,5.219
2026-06-28 12:15:00,9737725,9744795,9730293,9743410,4.358
2026-06-28 12:30:00,9743410,9745000,9729980,9731609,7.315
2026-06-28 12:45:00,9729980,9733990,9725066,9730919,3.652
2026-06-28 13:00:00,9731343,9738174,9722000,9732968,7.652
2026-06-28 13:15:00,9735518,9736072,9728251,9730091,5.19
2026-06-28 13:30:00,9730244,9730244,9710668,9725170,7.623
2026-06-28 13:45:00,9724026,9732800,9716400,9719596,6.846
2026-06-28 14:00:00,9720317,9721091,9692488,9698731,11.996
2026-06-28 14:15:00,9700411,9702157,9656651,9671594,16.854
2026-06-28 14:30:00,9671593,9692509,9663761,9682564,6.618
2026-06-28 14:45:00,9686909,9699306,9682795,9695095,4.609
2026-06-28 15:00:00,9696212,9703116,9670000,9670000,11.462
2026-06-28 15:15:00,9671649,9688294,9665000,9684092,8.568
2026-06-28 15:30:00,9683846,9693102,9683639,9690334,7.948
2026-06-28 15:45:00,9686792,9699784,9686469,9693891,4.18
2026-06-28 16:00:00,9691839,9726035,9691839,9714793,10.234
2026-06-28 16:15:00,9715400,9716936,9707861,9711832,2.086
2026-06-28 16:30:00,9710667,9733047,9710667,9725852,6.752
2026-06-28 16:45:00,9726636,9733868,9723170,9726461,5.316
2026-06-28 17:00:00,9726461,9735170,9712582,9718718,5.994
2026-06-28 17:15:00,9719255,9737280,9715440,9728864,9.453
2026-06-28 17:30:00,9727191,9780000,9727191,9761509,22.023
2026-06-28 17:45:00,9764477,9769138,9750000,9750534,4.82
2026-06-28 18:00:00,9751765,9766618,9738420,9748631,10.308
2026-06-28 18:15:00,9752334,9754312,9740641,9743937,3.782
2026-06-28 18:30:00,9741219,9756035,9739950,9752053,3.045
2026-06-28 18:45:00,9754343,9754343,9730000,9730568,5.408
2026-06-28 19:00:00,9731523,9738943,9718997,9732800,6.303
2026-06-28 19:15:00,9731852,9740097,9703218,9707691,5.1
2026-06-28 19:30:00,9711481,9715549,9701875,9710136,2.493
2026-06-28 19:45:00,9711113,9721585,9711113,9717082,6.544
2026-06-28 20:00:00,9717082,9735781,9711825,9713486,6.372
2026-06-28 20:15:00,9713815,9750000,9713085,9742131,7.542
2026-06-28 20:30:00,9742722,9744638,9733010,9739300,2.403
2026-06-28 20:45:00,9741863,9751800,9734120,9747487,3.15
2026-06-28 21:00:00,9748225,9756682,9739429,9739448,2.216
2026-06-28 21:15:00,9741216,9748554,9722615,9746770,9.738
2026-06-28 21:30:00,9746562,9764006,9723599,9730690,10.484
2026-06-28 21:45:00,9729786,9744196,9728409,9737985,5.924
2026-06-28 22:00:00,9737019,9737363,9689079,9716369,12.169
2026-06-28 22:15:00,9715200,9722300,9705778,9714051,4.832
2026-06-28 22:30:00,9712282,9725420,9700019,9714285,12.222
2026-06-28 22:45:00,9714532,9715911,9702825,9704860,3.806
2026-06-28 23:00:00,9704860,9723612,9697215,9723612,11.466
2026-06-28 23:15:00,9723601,9734700,9707686,9720693,11.818
2026-06-28 23:30:00,9717100,9726303,9705803,9712328,7.464
2026-06-28 23:45:00,9711465,9719733,9694991,9695865,8.702
2026-06-29 00:00:00,9696502,9707500,9674004,9706354,13.069
2026-06-29 00:15:00,9705484,9715368,9694787,9699743,3.564
2026-06-29 00:30:00,9699571,9710124,9679363,9690196,11.421
2026-06-29 00:45:00,9690185,9697888,9667244,9681043,10.474
2026-06-29 01:00:00,9680181,9693600,9670218,9672801,19.599
2026-06-29 01:15:00,9670000,9682490,9646977,9662217,9.591
2026-06-29 01:30:00,9660441,9666203,9635615,9640759,8.186
2026-06-29 01:45:00,9639550,9655516,9632600,9651155,4.882
2026-06-29 02:00:00,9650435,9675000,9626015,9642546,8.79
2026-06-29 02:15:00,9639683,9648941,9634642,9637573,3.38
2026-06-29 02:30:00,9635423,9643822,9601000,9623474,7.723
2026-06-29 02:45:00,9621015,9640000,9619121,9632116,5.175
2026-06-29 03:00:00,9632000,9652160,9629519,9644475,8.294
2026-06-29 03:15:00,9641066,9647849,9635956,9637546,4.105
2026-06-29 03:30:00,9635543,9648611,9633751,9636314,3.935
2026-06-29 03:45:00,9635492,9640031,9620559,9638017,8.335
2026-06-29 04:00:00,9636531,9636531,9613000,9621000,6.64
2026-06-29 04:15:00,9623050,9628080,9608677,9623621,8.753
2026-06-29 04:30:00,9627688,9647547,9602653,9606631,7.151
2026-06-29 04:45:00,9606406,9617419,9573886,9611864,12.449
2026-06-29 05:00:00,9613901,9645829,9611770,9641877,5.466
2026-06-29 05:15:00,9641230,9657419,9641184,9648585,7.704
2026-06-29 05:30:00,9651394,9651394,9637547,9641331,8.68
2026-06-29 05:45:00,9641481,9649911,9632246,9638297,6.766
2026-06-29 06:00:00,9637181,9648458,9635494,9645381,5.016
2026-06-29 06:15:00,9641604,9655127,9638904,9651785,12.508
2026-06-29 06:30:00,9651212,9663922,9640850,9642856,4.319
2026-06-29 06:45:00,9641387,9645440,9590987,9603409,18.549
2026-06-29 07:00:00,9610700,9680168,9610700,9637984,36.033
2026-06-29 07:15:00,9637303,9638288,9566480,9596699,23.511
2026-06-29 07:30:00,9602630,9612086,9550000,9561225,19.954
2026-06-29 07:45:00,9554303,9572890,9523027,9549980,17.344
2026-06-29 08:00:00,9544926,9598056,9533958,9581631,15.034
2026-06-29 08:15:00,9580842,9633680,9578922,9628452,11.712
2026-06-29 08:30:00,9625521,9674749,9624732,9655088,18.439
2026-06-29 08:45:00,9657756,9666254,9627157,9627157,10.162
2026-06-29 09:00:00,9630154,9648194,9579058,9624217,19.259
2026-06-29 09:15:00,9624925,9627134,9566305,9576147,15.098
2026-06-29 09:30:00,9571111,9596965,9535120,9595599,32.79
2026-06-29 09:45:00,9595004,9645962,9564132,9640000,18.989
2026-06-29 10:00:00,9642247,9644296,9602282,9607483,7.352
2026-06-29 10:15:00,9609494,9612163,9568724,9580242,12.418
2026-06-29 10:30:00,9580242,9624329,9565552,9617217,11.82
2026-06-29 10:45:00,9623659,9623659,9602025,9606666,9.556
2026-06-29 11:00:00,9604047,9615550,9515294,9539130,20.0
2026-06-29 11:15:00,9539221,9626069,9530000,9613687,26.208
2026-06-29 11:30:00,9613802,9658120,9607005,9652277,15.341
2026-06-29 11:45:00,9652759,9658523,9641000,9647202,11.417
2026-06-29 12:00:00,9651022,9715520,9651022,9687440,32.153
2026-06-29 12:15:00,9688994,9729419,9684257,9716736,9.119
2026-06-29 12:30:00,9718506,9723171,9669520,9677935,7.346
2026-06-29 12:45:00,9674454,9702968,9671201,9698310,11.124
2026-06-29 13:00:00,9698226,9698310,9672880,9681442,3.634
2026-06-29 13:15:00,9681204,9690827,9666551,9683942,4.826
2026-06-29 13:30:00,9686288,9686288,9651080,9666661,8.437
2026-06-29 13:45:00,9668371,9676830,9657789,9666482,6.967
2026-06-29 14:00:00,9665694,9669712,9592979,9616807,20.902
2026-06-29 14:15:00,9616167,9649023,9616167,9644252,10.776
2026-06-29 14:30:00,9644311,9681672,9633569,9679423,5.286
2026-06-29 14:45:00,9677338,9710000,9675796,9710000,8.064
2026-06-29 15:00:00,9710000,9725000,9703681,9718652,14.695
2026-06-29 15:15:00,9718210,9747371,9710702,9722182,21.836
2026-06-29 15:30:00,9721846,9729129,9705730,9707374,4.788
2026-06-29 15:45:00,9707240,9719139,9700005,9706982,4.852
2026-06-29 16:00:00,9705898,9707916,9681642,9706593,9.939
2026-06-29 16:15:00,9706775,9722880,9698096,9712022,6.06
2026-06-29 16:30:00,9711637,9717298,9699865,9701082,4.55
2026-06-29 16:45:00,9702458,9717751,9697508,9697508,6.384
2026-06-29 17:00:00,9697508,9709962,9679567,9689053,8.682
2026-06-29 17:15:00,9691999,9704200,9665040,9668397,9.048
2026-06-29 17:30:00,9666670,9680066,9653926,9674985,6.795
2026-06-29 17:45:00,9675384,9687092,9670647,9670708,7.29
2026-06-29 18:00:00,9670297,9694720,9665517,9691456,7.737
2026-06-29 18:15:00,9692923,9718799,9666000,9688132,16.615
2026-06-29 18:30:00,9690259,9702478,9683086,9697977,5.748
2026-06-29 18:45:00,9695374,9715370,9692326,9711456,6.32
2026-06-29 19:00:00,9712479,9750000,9711867,9739115,20.792
2026-06-29 19:15:00,9739115,9752000,9732683,9734969,5.694
2026-06-29 19:30:00,9734056,9734056,9711074,9721699,7.041
2026-06-29 19:45:00,9722998,9727754,9710759,9713675,5.944
2026-06-29 20:00:00,9714837,9715714,9689120,9691799,8.768
2026-06-29 20:15:00,9691057,9702059,9678107,9700000,11.27
2026-06-29 20:30:00,9700106,9734366,9670000,9677849,16.727
2026-06-29 20:45:00,9680589,9695975,9667238,9693434,12.266
2026-06-29 21:00:00,9693253,9824000,9632296,9807841,104.882
2026-06-29 21:15:00,9807291,9823261,9765434,9771736,49.525
2026-06-29 21:30:00,9773860,9777077,9676000,9694292,23.959
2026-06-29 21:45:00,9697442,9716560,9668400,9695056,18.879
2026-06-29 22:00:00,9698209,9757103,9696299,9739577,26.057
2026-06-29 22:15:00,9741745,9754854,9697106,9706982,17.634
2026-06-29 22:30:00,9700729,9756341,9615000,9617166,77.538
2026-06-29 22:45:00,9618514,9640005,9595171,9640005,56.207
2026-06-29 23:00:00,9637567,9637567,9552480,9555198,52.311
2026-06-29 23:15:00,9555198,9632560,9540131,9622533,52.001
2026-06-29 23:30:00,9624939,9653201,9592395,9595939,22.494
2026-06-29 23:45:00,9591090,9638248,9582377,9613695,15.443
2026-06-30 00:00:00,9616134,9616134,9558051,9585396,22.869
2026-06-30 00:15:00,9582714,9621000,9564204,9619283,15.5
2026-06-30 00:30:00,9620683,9680415,9620683,9671955,47.1
2026-06-30 00:45:00,9667139,9690214,9661585,9668706,21.004
2026-06-30 01:00:00,9669347,9686499,9649838,9651600,17.613
2026-06-30 01:15:00,9651481,9660618,9630134,9633504,3.888
2026-06-30 01:30:00,9635758,9683607,9635758,9678742,7.607
2026-06-30 01:45:00,9682783,9701440,9673311,9684108,10.985
2026-06-30 02:00:00,9684108,9778256,9682127,9773912,26.031
2026-06-30 02:15:00,9774681,9803588,9764162,9788962,37.336
2026-06-30 02:30:00,9787120,9809106,9764160,9800330,23.018
2026-06-30 02:45:00,9802331,9805704,9764916,9764916,7.613
2026-06-30 03:00:00,9766528,9783972,9754323,9780000,10.625
2026-06-30 03:15:00,9783960,9784709,9738960,9743346,11.516
2026-06-30 03:30:00,9743830,9756250,9735133,9747842,15.256
2026-06-30 03:45:00,9748028,9750725,9734480,9750524,7.596
2026-06-30 04:00:00,9753548,9754419,9729972,9738488,7.274
2026-06-30 04:15:00,9738789,9783364,9735771,9777764,4.57
2026-06-30 04:30:00,9777764,9780960,9753074,9778567,4.404
2026-06-30 04:45:00,9781675,9792957,9770512,9777000,10.123
2026-06-30 05:00:00,9776842,9793660,9770731,9776588,3.732
2026-06-30 05:15:00,9772824,9784334,9761477,9771025,4.178
2026-06-30 05:30:00,9769266,9783111,9769266,9772677,6.561
2026-06-30 05:45:00,9772149,9772827,9750298,9750298,5.331
2026-06-30 06:00:00,9753571,9777600,9745450,9770079,8.442
2026-06-30 06:15:00,9771508,9771508,9752269,9760304,1.876
2026-06-30 06:30:00,9761866,9782754,9761866,9775644,3.808
2026-06-30 06:45:00,9778705,9797193,9778705,9780387,3.808
2026-06-30 07:00:00,9780785,9785065,9765582,9778918,5.004
2026-06-30 07:15:00,9778663,9790177,9775489,9778241,1.732
2026-06-30 07:30:00,9776888,9781050,9761821,9769259,6.878
2026-06-30 07:45:00,9771258,9776412,9761684,9763695,3.294
2026-06-30 08:00:00,9762363,9768591,9758086,9761788,2.13
2026-06-30 08:15:00,9762188,9764761,9735336,9745480,9.676
2026-06-30 08:30:00,9741871,9753964,9739989,9746809,2.994
2026-06-30 08:45:00,9745022,9753651,9741206,9748844,3.218
2026-06-30 09:00:00,9749087,9751367,9731858,9741833,10.011
2026-06-30 09:15:00,9740151,9745759,9693122,9697469,7.56
2026-06-30 09:30:00,9691978,9693838,9658606,9674560,32.906
2026-06-30 09:45:00,9676399,9712638,9670023,9694191,14.55
2026-06-30 10:00:00,9696012,9704370,9683735,9698777,6.713
2026-06-30 10:15:00,9699063,9726795,9692493,9722639,8.731
2026-06-30 10:30:00,9722120,9724966,9683794,9693124,7.814
2026-06-30 10:45:00,9692932,9713476,9692932,9713238,6.052
2026-06-30 11:00:00,9713999,9713999,9678232,9684355,8.143
2026-06-30 11:15:00,9684003,9718194,9679051,9715070,6.562
2026-06-30 11:30:00,9715174,9724400,9705849,9720703,5.192
2026-06-30 11:45:00,9721557,9727396,9709251,9709251,6.825
2026-06-30 12:00:00,9709251,9716342,9692084,9701669,5.61
2026-06-30 12:15:00,9705076,9725000,9690000,9693862,7.36
2026-06-30 12:30:00,9692406,9692406,9671870,9675589,10.146
2026-06-30 12:45:00,9675518,9675518,9648240,9657581,22.742
2026-06-30 13:00:00,9655049,9660560,9616696,9644192,12.114
2026-06-30 13:15:00,9645351,9649032,9623954,9646823,5.131
2026-06-30 13:30:00,9647314,9668643,9646354,9656640,4.873
2026-06-30 13:45:00,9657348,9657348,9627060,9636569,4.674
2026-06-30 14:00:00,9639001,9643272,9616328,9624537,9.569
2026-06-30 14:15:00,9626732,9637429,9616627,9621230,2.84
2026-06-30 14:30:00,9619284,9650000,9616680,9648157,11.956
2026-06-30 14:45:00,9650343,9668344,9646363,9665054,7.032
2026-06-30 15:00:00,9668949,9670594,9649361,9659093,7.53
2026-06-30 15:15:00,9659040,9676915,9646535,9673468,8.246
2026-06-30 15:30:00,9675037,9675619,9650168,9651982,4.966
2026-06-30 15:45:00,9651413,9658577,9646793,9655749,4.384
2026-06-30 16:00:00,9656591,9662332,9630000,9639040,4.534
2026-06-30 16:15:00,9637577,9650274,9625104,9632154,9.955
2026-06-30 16:30:00,9630796,9649329,9630159,9640828,7.724
2026-06-30 16:45:00,9640901,9649341,9635544,9647800,2.474
2026-06-30 17:00:00,9646902,9650216,9633397,9635441,3.422
2026-06-30 17:15:00,9635471,9637675,9624677,9633154,5.93
2026-06-30 17:30:00,9633617,9640917,9602607,9616472,19.041
2026-06-30 17:45:00,9617638,9633680,9602040,9618563,12.472
2026-06-30 18:00:00,9618563,9633821,9608969,9621677,4.984
2026-06-30 18:15:00,9622029,9627276,9609847,9617296,3.823
2026-06-30 18:30:00,9615040,9630000,9609815,9625576,6.608
2026-06-30 18:45:00,9626241,9635565,9622362,9626991,3.054
2026-06-30 19:00:00,9628758,9634409,9616872,9627656,2.3
2026-06-30 19:15:00,9628293,9640400,9624652,9630147,8.687
2026-06-30 19:30:00,9630819,9632185,9615370,9627520,3.703
2026-06-30 19:45:00,9628073,9633347,9618265,9623707,2.789
2026-06-30 20:00:00,9621714,9639280,9620070,9633958,2.764
2026-06-30 20:15:00,9635609,9635609,9603440,9608727,10.708
2026-06-30 20:30:00,9607148,9618234,9588385,9608918,9.577
2026-06-30 20:45:00,9608918,9625840,9596837,9604493,6.95
2026-06-30 21:00:00,9602078,9603987,9571241,9573533,16.993
2026-06-30 21:15:00,9572982,9585799,9530000,9552784,28.015
2026-06-30 21:30:00,9549769,9555005,9527666,9545015,26.693
2026-06-30 21:45:00,9545634,9552480,9471120,9475708,38.754
2026-06-30 22:00:00,9477320,9515876,9461003,9481379,43.792
2026-06-30 22:15:00,9482217,9505911,9476504,9489291,17.42
2026-06-30 22:30:00,9489937,9532320,9445710,9499524,72.168
2026-06-30 22:45:00,9500927,9544467,9486441,9532526,40.463
2026-06-30 23:00:00,9531380,9623622,9521774,9569222,58.645
2026-06-30 23:15:00,9568839,9593359,9552192,9570966,20.871
2026-06-30 23:30:00,9571115,9582899,9500001,9553001,20.902
2026-06-30 23:45:00,9556428,9556428,9479120,9492229,22.88
2026-07-01 00:00:00,9489250,9510789,9442743,9485950,22.253
2026-07-01 00:15:00,9486448,9494799,9445699,9478440,19.941
2026-07-01 00:30:00,9476793,9506559,9461784,9493521,16.413
2026-07-01 00:45:00,9494158,9550000,9475069,9482177,18.763
2026-07-01 01:00:00,9482991,9525600,9475550,9489316,14.921
2026-07-01 01:15:00,9486077,9499702,9465263,9471952,10.407
2026-07-01 01:30:00,9474555,9500000,9461725,9473291,8.178
2026-07-01 01:45:00,9473561,9514787,9473561,9497908,5.776
2026-07-01 02:00:00,9501481,9520253,9484044,9487586,4.408
2026-07-01 02:15:00,9487518,9500554,9480084,9486734,4.68
2026-07-01 02:30:00,9485052,9494925,9475137,9481617,4.696
2026-07-01 02:45:00,9480756,9490772,9471305,9488046,3.158
2026-07-01 03:00:00,9488157,9502764,9476767,9496331,6.158
2026-07-01 03:15:00,9497618,9531607,9487758,9504466,11.626
2026-07-01 03:30:00,9505651,9507876,9481411,9491163,4.436
2026-07-01 03:45:00,9493502,9528243,9492877,9527314,6.454
2026-07-01 04:00:00,9525064,9533587,9511199,9519966,6.1
2026-07-01 04:15:00,9523385,9526133,9509580,9526133,4.88
2026-07-01 04:30:00,9527211,9549613,9520070,9537505,8.044
2026-07-01 04:45:00,9539887,9552893,9531391,9545484,6.034
2026-07-01 05:00:00,9547367,9556990,9534546,9554881,5.922
2026-07-01 05:15:00,9556481,9556481,9526565,9533940,3.044
2026-07-01 05:30:00,9533446,9535735,9521169,9523972,3.292
2026-07-01 05:45:00,9520447,9543011,9520437,9536044,3.982
2026-07-01 06:00:00,9531222,9539932,9502917,9513244,6.731
2026-07-01 06:15:00,9510754,9520746,9498720,9512138,4.376
2026-07-01 06:30:00,9510302,9522404,9507293,9507293,6.034
2026-07-01 06:45:00,9508025,9519650,9498876,9517856,6.402
2026-07-01 07:00:00,9518742,9539511,9518742,9538655,4.216
2026-07-01 07:15:00,9537315,9551819,9524430,9526755,4.778
2026-07-01 07:30:00,9525859,9527864,9505746,9517194,8.106
2026-07-01 07:45:00,9516222,9522564,9509258,9518142,2.812
2026-07-01 08:00:00,9517834,9522447,9507230,9516269,2.486
2026-07-01 08:15:00,9516555,9522675,9508273,9516783,4.088
2026-07-01 08:30:00,9515791,9520325,9509511,9516690,2.312
2026-07-01 08:45:00,9517616,9530000,9512686,9522264,4.214
2026-07-01 09:00:00,9524174,9550240,9520880,9528078,11.078
2026-07-01 09:15:00,9526510,9532551,9473737,9488754,15.189
2026-07-01 09:30:00,9484822,9515420,9484273,9503640,7.268
2026-07-01 09:45:00,9506196,9526785,9501145,9516510,5.858
2026-07-01 10:00:00,9518725,9520059,9391200,9452560,56.772
2026-07-01 10:15:00,9450966,9488856,9424386,9476770,40.907
2026-07-01 10:30:00,9481367,9576561,9477503,9562019,42.919
2026-07-01 10:45:00,9561441,9582858,9531852,9541840,8.716
2026-07-01 11:00:00,9544669,9563908,9526729,9546880,14.071
2026-07-01 11:15:00,9548588,9588028,9543987,9575201,9.471
2026-07-01 11:30:00,9575723,9608000,9574088,9606785,14.174
2026-07-01 11:45:00,9604863,9614907,9583460,9601584,13.498
2026-07-01 12:00:00,9599169,9604845,9583280,9585326,9.532
2026-07-01 12:15:00,9585348,9588635,9567040,9576586,11.16
2026-07-01 12:30:00,9578920,9615000,9564510,9583599,13.684
2026-07-01 12:45:00,9580403,9644879,9580222,9621985,26.675
2026-07-01 13:00:00,9618869,9619058,9598295,9608331,14.057
2026-07-01 13:15:00,9608213,9639033,9604353,9634949,6.801
2026-07-01 13:30:00,9633728,9646821,9617823,9644889,12.38
2026-07-01 13:45:00,9644407,9660116,9637541,9643300,6.844
2026-07-01 14:00:00,9641520,9647842,9624161,9631384,5.305
2026-07-01 14:15:00,9630942,9644318,9612521,9615697,17.33
2026-07-01 14:30:00,9614006,9620218,9605541,9613441,3.818
2026-07-01 14:45:00,9616016,9616687,9605504,9608000,1.899
2026-07-01 15:00:00,9608000,9608000,9572350,9576352,8.811
2026-07-01 15:15:00,9575162,9589440,9538718,9552387,47.012
2026-07-01 15:30:00,9551228,9562610,9512702,9540000,19.169
2026-07-01 15:45:00,9540000,9553383,9524772,9546000,7.845
2026-07-01 16:00:00,9550673,9554326,9523360,9537319,9.627
2026-07-01 16:15:00,9538000,9566480,9530000,9549958,15.236
2026-07-01 16:30:00,9550686,9550686,9532147,9539778,5.277
2026-07-01 16:45:00,9539433,9557856,9536276,9556960,15.14
2026-07-01 17:00:00,9557394,9559337,9538153,9545847,18.852
2026-07-01 17:15:00,9544738,9546880,9522822,9525600,27.748
2026-07-01 17:30:00,9525400,9544174,9504880,9544174,12.735
2026-07-01 17:45:00,9543843,9589566,9533811,9588012,20.463
2026-07-01 18:00:00,9586074,9602312,9572501,9580000,24.36
2026-07-01 18:15:00,9580283,9590516,9568190,9571005,9.3
2026-07-01 18:30:00,9569540,9581483,9563064,9572155,3.662
2026-07-01 18:45:00,9570974,9588254,9565610,9582068,7.205
2026-07-01 19:00:00,9583922,9583922,9549003,9550019,4.71
2026-07-01 19:15:00,9550567,9556919,9536425,9547385,11.216
2026-07-01 19:30:00,9545378,9548479,9525392,9527093,4.26
2026-07-01 19:45:00,9527556,9541302,9527556,9535788,3.642
2026-07-01 20:00:00,9535428,9548937,9523103,9543067,4.494
2026-07-01 20:15:00,9543088,9550490,9535215,9540419,2.684
2026-07-01 20:30:00,9539300,9549242,9528180,9536716,4.02
2026-07-01 20:45:00,9536279,9541647,9514484,9527576,12.748
2026-07-01 21:00:00,9529354,9538413,9490125,9498483,19.821
2026-07-01 21:15:00,9500000,9523870,9500000,9517234,6.386
2026-07-01 21:30:00,9516535,9522235,9491000,9495430,14.191
2026-07-01 21:45:00,9494527,9515000,9482415,9510828,15.466
2026-07-01 22:00:00,9514206,9550000,9511858,9539035,22.704
2026-07-01 22:15:00,9538788,9568127,9531718,9556935,31.329
2026-07-01 22:30:00,9556935,9588127,9520312,9573939,56.861
2026-07-01 22:45:00,9575647,9653588,9561530,9651092,52.386
2026-07-01 23:00:00,9650495,9730000,9614831,9726460,52.6
2026-07-01 23:15:00,9725716,9744982,9696961,9701130,43.205
2026-07-01 23:30:00,9699563,9702874,9655049,9667432,23.1
2026-07-01 23:45:00,9665900,9697522,9638822,9660652,27.381
2026-07-02 00:00:00,9659202,9732651,9656173,9721594,30.037
2026-07-02 00:15:00,9721775,9824677,9712310,9785902,53.063
2026-07-02 00:30:00,9787261,9796005,9761173,9776157,29.377
2026-07-02 00:45:00,9775270,9781466,9752651,9762383,19.292
2026-07-02 01:00:00,9760711,9774569,9751250,9760625,3.919
2026-07-02 01:15:00,9758174,9780354,9728099,9758130,11.363
2026-07-02 01:30:00,9761143,9767498,9743000,9754439,6.252
2026-07-02 01:45:00,9754439,9754439,9715970,9723623,13.356
2026-07-02 02:00:00,9724084,9729182,9702481,9725673,14.289
2026-07-02 02:15:00,9727954,9777498,9727954,9766762,15.459
2026-07-02 02:30:00,9767445,9783699,9758300,9768129,6.386
2026-07-02 02:45:00,9770000,9782087,9765134,9778077,3.35
2026-07-02 03:00:00,9776607,9781215,9748658,9757303,8.008
2026-07-02 03:15:00,9756133,9778908,9752150,9771591,2.964
2026-07-02 03:30:00,9771492,9785971,9760015,9781244,4.688
2026-07-02 03:45:00,9781255,9793016,9755469,9769522,10.182
2026-07-02 04:00:00,9767881,9790132,9767681,9787710,4.968
2026-07-02 04:15:00,9790500,9807840,9761777,9770153,14.511
2026-07-02 04:30:00,9769755,9788561,9768515,9776013,4.838
2026-07-02 04:45:00,9777168,9777524,9738960,9749515,8.714
2026-07-02 05:00:00,9752340,9755188,9729887,9743363,6.556
2026-07-02 05:15:00,9742889,9748478,9724933,9741755,4.594
2026-07-02 05:30:00,9743066,9759776,9738769,9755775,4.082
2026-07-02 05:45:00,9756186,9780337,9753950,9769204,4.028
2026-07-02 06:00:00,9766938,9822598,9765392,9815600,16.408
2026-07-02 06:15:00,9819763,9843680,9798838,9832651,24.045
2026-07-02 06:30:00,9832651,9883440,9832650,9876793,17.657
2026-07-02 06:45:00,9876281,9879759,9870560,9876481,5.038
2026-07-02 07:00:00,9877048,9877999,9870000,9873960,3.495
2026-07-02 07:15:00,9872000,9964000,9833345,9838392,69.249
2026-07-02 07:30:00,9833392,9856286,9820000,9823859,9.954
2026-07-02 07:45:00,9825824,9827748,9800196,9822545,6.895
2026-07-02 08:00:00,9821881,9821994,9783049,9786728,8.994
2026-07-02 08:15:00,9786570,9807020,9782065,9782574,5.752
2026-07-02 08:30:00,9785365,9792409,9753979,9774476,10.001
2026-07-02 08:45:00,9775617,9775617,9741760,9751228,16.578
2026-07-02 09:00:00,9751229,9752364,9727827,9736396,7.194
2026-07-02 09:15:00,9736485,9742979,9706663,9712693,10.699
2026-07-02 09:30:00,9716072,9716072,9681000,9689957,16.161
2026-07-02 09:45:00,9690000,9724588,9690000,9708000,6.838
2026-07-02 10:00:00,9709368,9737602,9699489,9735299,12.016
2026-07-02 10:15:00,9736104,9752470,9721095,9747920,7.464
2026-07-02 10:30:00,9752583,9799340,9752583,9779000,18.312
2026-07-02 10:45:00,9777239,9798427,9754968,9771758,9.611
2026-07-02 11:00:00,9775787,9776552,9746953,9766409,3.676
2026-07-02 11:15:00,9767655,9788415,9766313,9779837,3.888
2026-07-02 11:30:00,9778077,9814056,9774608,9811168,9.194
2026-07-02 11:45:00,9813000,9826219,9796378,9812584,9.641
2026-07-02 12:00:00,9814633,9821975,9808408,9820754,1.946
2026-07-02 12:15:00,9821351,9858934,9792835,9831052,15.423
2026-07-02 12:30:00,9833100,9873373,9820253,9870511,9.056
2026-07-02 12:45:00,9870465,9918254,9860427,9908687,21.945
2026-07-02 13:00:00,9906819,9907239,9872906,9885937,16.36
2026-07-02 13:15:00,9887640,9892194,9865464,9873651,7.81
2026-07-02 13:30:00,9873651,9873651,9855000,9860187,9.28
2026-07-02 13:45:00,9861505,9883440,9857009,9865567,7.381
2026-07-02 14:00:00,9865833,9879247,9842053,9877862,10.65
2026-07-02 14:15:00,9878463,9878463,9854691,9855719,5.102
2026-07-02 14:30:00,9854365,9879000,9827205,9830801,10.91
2026-07-02 14:45:00,9830343,9838556,9809966,9812597,8.626
2026-07-02 15:00:00,9811406,9813490,9791079,9791717,10.506
2026-07-02 15:15:00,9791496,9814556,9791288,9802149,5.524
2026-07-02 15:30:00,9802208,9831360,9802208,9810681,8.599
2026-07-02 15:45:00,9810674,9812558,9719586,9740026,37.772
2026-07-02 16:00:00,9740464,9750275,9725196,9725200,13.251
2026-07-02 16:15:00,9725200,9733000,9710400,9714498,7.564
2026-07-02 16:30:00,9714132,9723931,9696439,9696439,14.888
2026-07-02 16:45:00,9702128,9715574,9694823,9700000,11.297
2026-07-02 17:00:00,9697322,9728880,9694854,9716560,24.734
2026-07-02 17:15:00,9718610,9732771,9718610,9727733,9.754
2026-07-02 17:30:00,9724894,9746647,9721650,9736259,12.813
2026-07-02 17:45:00,9737291,9756237,9730980,9737539,12.986
2026-07-02 18:00:00,9736488,9749946,9719172,9743159,6.44
2026-07-02 18:15:00,9744415,9766671,9736021,9760554,6.085
2026-07-02 18:30:00,9759754,9849103,9759432,9838442,45.265
2026-07-02 18:45:00,9835841,9890000,9795520,9850335,44.918
2026-07-02 19:00:00,9849343,9862704,9832526,9859809,25.686
2026-07-02 19:15:00,9860120,9873236,9842486,9871369,15.478
2026-07-02 19:30:00,9872039,9889438,9865526,9865788,14.49
2026-07-02 19:45:00,9868090,9885402,9856734,9873596,8.318
2026-07-02 20:00:00,9875000,9890000,9866358,9878362,10.813
2026-07-02 20:15:00,9877721,9892159,9872801,9879268,5.882
2026-07-02 20:30:00,9879139,9890299,9875379,9885572,3.502
2026-07-02 20:45:00,9884205,9898000,9857323,9894082,14.482
2026-07-02 21:00:00,9893003,9903139,9885691,9901369,17.838
2026-07-02 21:15:00,9901592,9913534,9871120,9897261,22.267
2026-07-02 21:30:00,9897927,9926000,9828328,9853643,56.571
2026-07-02 21:45:00,9855720,9907198,9855059,9900213,20.691
2026-07-02 22:00:00,9900340,9928516,9891136,9921095,24.384
2026-07-02 22:15:00,9923719,9976400,9923719,9930200,62.245
2026-07-02 22:30:00,9933731,9980336,9904541,9964878,69.447
2026-07-02 22:45:00,9963377,9975000,9931600,9953842,27.17
2026-07-02 23:00:00,9953498,9992804,9944090,9977000,43.85
2026-07-02 23:15:00,9977000,9995000,9903040,9921180,44.129
2026-07-02 23:30:00,9915188,9939240,9877671,9887695,22.716
2026-07-02 23:45:00,9887480,9937074,9887480,9929168,23.486
2026-07-03 00:00:00,9923758,9936336,9876307,9902471,11.275
2026-07-03 00:15:00,9904725,9940000,9886944,9918541,15.213
2026-07-03 00:30:00,9922684,9935306,9892360,9916498,31.902
2026-07-03 00:45:00,9918983,9923681,9894114,9905143,8.958
2026-07-03 01:00:00,9907000,9932632,9890642,9923151,6.106
2026-07-03 01:15:00,9916419,9926000,9838640,9847379,34.029
2026-07-03 01:30:00,9850621,9889527,9850621,9886583,14.076
2026-07-03 01:45:00,9887275,9941211,9887275,9923137,17.973
2026-07-03 02:00:00,9922785,9949260,9915194,9943007,16.783
2026-07-03 02:15:00,9942781,9967728,9940081,9959521,27.174
2026-07-03 02:30:00,9959040,9959040,9921039,9947387,13.71
2026-07-03 02:45:00,9948919,9949735,9922763,9924340,8.842
2026-07-03 03:00:00,9926184,9956848,9925874,9951382,5.61
2026-07-03 03:15:00,9948954,9958493,9937760,9957996,4.962
2026-07-03 03:30:00,9957939,9959990,9941970,9943428,3.238
2026-07-03 03:45:00,9941988,9958268,9926821,9937876,8.781
2026-07-03 04:00:00,9935108,9937478,9916352,9926070,6.746
2026-07-03 04:15:00,9925906,9925906,9903800,9918006,3.728
2026-07-03 04:30:00,9921793,9924298,9909016,9918119,2.28
2026-07-03 04:45:00,9916636,9934906,9891139,9899086,10.066
2026-07-03 05:00:00,9896763,9909375,9885301,9892663,2.554
2026-07-03 05:15:00,9892428,9902864,9880387,9883734,4.109
2026-07-03 05:30:00,9882237,9887030,9872896,9877044,4.158
2026-07-03 05:45:00,9878335,9915853,9878335,9912000,11.947
2026-07-03 06:00:00,9912000,9922979,9903032,9904646,8.536
2026-07-03 06:15:00,9904679,9908083,9902000,9906820,2.684
2026-07-03 06:30:00,9905917,9910499,9903000,9903931,2.588
2026-07-03 06:45:00,9903299,9918603,9902887,9913244,4.3
2026-07-03 07:00:00,9912386,9912386,9902450,9905035,9.476
2026-07-03 07:15:00,9904608,9912189,9904608,9907887,1.6
2026-07-03 07:30:00,9908168,9919276,9905843,9914741,3.14
2026-07-03 07:45:00,9913801,9919728,9896736,9903548,6.329
2026-07-03 08:00:00,9901546,9901546,9878400,9884965,7.043
2026-07-03 08:15:00,9884850,9914060,9882631,9910136,1.93
2026-07-03 08:30:00,9909337,9925374,9900891,9908134,6.652
2026-07-03 08:45:00,9909193,9932794,9909193,9925605,4.191
2026-07-03 09:00:00,9926155,9928092,9900000,9906781,10.398
2026-07-03 09:15:00,9906940,9911918,9886639,9886639,5.542
2026-07-03 09:30:00,9887544,9898560,9878262,9892947,16.102
2026-07-03 09:45:00,9888290,9902727,9870412,9870840,5.823
2026-07-03 10:00:00,9871898,9936505,9871898,9920608,8.271
2026-07-03 10:15:00,9917953,9923203,9894493,9906355,8.471
2026-07-03 10:30:00,9905905,9943920,9902321,9925386,8.917
2026-07-03 10:45:00,9927595,9933317,9918057,9919304,5.534
2026-07-03 11:00:00,9920176,9928572,9903911,9906438,12.206
2026-07-03 11:15:00,9906438,9915311,9887675,9887972,5.804
2026-07-03 11:30:00,9887478,9900000,9870292,9878632,6.294
2026-07-03 11:45:00,9879157,9898715,9870883,9896320,3.353
2026-07-03 12:00:00,9891017,9896835,9877369,9877801,2.829
2026-07-03 12:15:00,9881173,9918347,9881173,9911622,5.778
2026-07-03 12:30:00,9910018,9914000,9884772,9891853,4.545
2026-07-03 12:45:00,9889666,9896920,9878350,9893373,4.422
2026-07-03 13:00:00,9894041,9899628,9881480,9894608,3.954
2026-07-03 13:15:00,9893441,9896787,9881140,9895282,2.166
2026-07-03 13:30:00,9894103,9908000,9892008,9905292,4.392
2026-07-03 13:45:00,9907240,9907524,9885019,9894589,7.932
2026-07-03 14:00:00,9892945,9908547,9892945,9903392,2.838
2026-07-03 14:15:00,9903371,9926754,9898532,9921477,10.64
2026-07-03 14:30:00,9920000,9946280,9917644,9934469,19.395
2026-07-03 14:45:00,9932952,9943000,9924510,9935579,6.91
2026-07-03 15:00:00,9935326,9957460,9932546,9935109,12.376
2026-07-03 15:15:00,9936703,9945746,9927352,9930704,7.052
2026-07-03 15:30:00,9930107,9939433,9896690,9904611,21.219
2026-07-03 15:45:00,9906571,9929126,9903778,9922347,5.172
2026-07-03 16:00:00,9922976,9931245,9911165,9913360,5.592
2026-07-03 16:15:00,9914633,9926000,9914633,9922464,5.37
2026-07-03 16:30:00,9924276,9942000,9923122,9940250,13.636
2026-07-03 16:45:00,9940250,9945262,9923068,9923068,7.246
2026-07-03 17:00:00,9923068,9940497,9920401,9926504,2.514
2026-07-03 17:15:00,9926639,9941215,9923822,9933213,2.774
2026-07-03 17:30:00,9932329,9951152,9923900,9946108,11.652
2026-07-03 17:45:00,9945060,9946064,9903829,9908907,6.554
2026-07-03 18:00:00,9910317,9928244,9898490,9927911,5.866
2026-07-03 18:15:00,9928226,9933419,9917153,9926863,3.989
2026-07-03 18:30:00,9922335,9926115,9905468,9921335,4.946
2026-07-03 18:45:00,9920719,9941004,9920719,9934683,4.915
2026-07-03 19:00:00,9934367,9944517,9929457,9937983,5.187
2026-07-03 19:15:00,9937923,9943878,9928240,9939420,3.401
2026-07-03 19:30:00,9939677,9987102,9938320,9979533,31.508
2026-07-03 19:45:00,9983827,9983827,9961013,9966047,20.87
2026-07-03 20:00:00,9966680,9990000,9955000,9984353,26.224
2026-07-03 20:15:00,9982795,9993908,9971103,9978834,11.962
2026-07-03 20:30:00,9978834,9986072,9961783,9964000,5.698
2026-07-03 20:45:00,9965229,9995000,9965161,9986946,12.784
2026-07-03 21:00:00,9985439,10010000,9978996,10008390,28.148
2026-07-03 21:15:00,10007258,10009000,9972367,9978864,15.034
2026-07-03 21:30:00,9978539,9983956,9963545,9975850,9.866
2026-07-03 21:45:00,9978842,9987416,9978211,9985672,3.744
2026-07-03 22:00:00,9986454,10005000,9980428,10002448,9.266
2026-07-03 22:15:00,10002500,10009000,9991332,10006864,19.544
2026-07-03 22:30:00,10002990,10022715,9990828,10015908,15.568
2026-07-03 22:45:00,10018052,10039193,10000469,10013508,21.528
2026-07-03 23:00:00,10010625,10014272,9948298,9960000,15.856
2026-07-03 23:15:00,9960000,9980980,9954592,9979438,11.548
2026-07-03 23:30:00,9979466,10005263,9967996,10002000,6.928
2026-07-03 23:45:00,9999167,10035000,9997485,10019141,9.49
2026-07-04 00:00:00,10019730,10058999,10018496,10025130,23.312
2026-07-04 00:15:00,10023779,10030635,9993973,9997981,11.428
2026-07-04 00:30:00,9999016,10012231,9968045,9974285,12.104
2026-07-04 00:45:00,9975433,9993525,9970098,9989134,5.334
2026-07-04 01:00:00,9990000,9997570,9983672,9986728,7.166
2026-07-04 01:15:00,9989284,10014790,9987361,10010565,6.59
2026-07-04 01:30:00,10012559,10019607,9999561,10011469,2.664
2026-07-04 01:45:00,10007041,10019351,10002179,10014988,2.97
2026-07-04 02:00:00,10013420,10046740,10007860,10032793,23.82
2026-07-04 02:15:00,10032968,10042480,10018142,10027671,7.86
2026-07-04 02:30:00,10026412,10046000,10024294,10036932,9.728
2026-07-04 02:45:00,10042034,10042127,10024531,10029079,4.63
2026-07-04 03:00:00,10030921,10031394,10017447,10023210,0.704
2026-07-04 03:15:00,10021760,10031864,10018829,10022313,1.504
2026-07-04 03:30:00,10026230,10036715,10026105,10032698,9.648
2026-07-04 03:45:00,10032114,10040346,10028931,10030000,4.84
2026-07-04 04:00:00,10032999,10037989,10017387,10028542,7.974
2026-07-04 04:15:00,10028075,10044877,10026475,10032414,3.702
2026-07-04 04:30:00,10031984,10051270,10023717,10039391,9.142
2026-07-04 04:45:00,10036713,10043416,10031557,10035056,4.048
2026-07-04 05:00:00,10035260,10075719,10029952,10064189,20.432
2026-07-04 05:15:00,10065798,10107723,10061433,10092352,18.486
2026-07-04 05:30:00,10097059,10136066,10089300,10108488,21.033
2026-07-04 05:45:00,10106404,10132801,10104795,10120527,7.415
2026-07-04 06:00:00,10122974,10149316,10110800,10116940,12.527
2026-07-04 06:15:00,10116500,10124404,10094704,10099803,10.31
2026-07-04 06:30:00,10093143,10097068,10077083,10095625,7.888
2026-07-04 06:45:00,10095749,10130506,10093417,10113852,4.37
2026-07-04 07:00:00,10112204,10119418,10090000,10096201,3.134
2026-07-04 07:15:00,10095689,10110831,10095213,10097659,3.231
2026-07-04 07:30:00,10099506,10099506,10083964,10094663,4.88
2026-07-04 07:45:00,10094354,10104233,10087255,10087677,2.116
2026-07-04 08:00:00,10087987,10093581,10080392,10086615,2.588
2026-07-04 08:15:00,10083082,10103964,10083082,10094707,5.176
2026-07-04 08:30:00,10098212,10106727,10098212,10103675,0.904
2026-07-04 08:45:00,10103970,10103970,10082800,10090080,2.962
2026-07-04 09:00:00,10090080,10090080,10090080,10090080,0.002
2026-07-04 11:00:00,10086612,10094240,10083202,10085470,3.622
2026-07-04 11:15:00,10087987,10088319,10077299,10082000,6.102
2026-07-04 11:30:00,10080322,10082000,10073114,10079999,5.118
2026-07-04 11:45:00,10079999,10100000,10076000,10088911,9.486
2026-07-04 12:00:00,10089862,10096734,10083000,10092144,8.888
2026-07-04 12:15:00,10092926,10098154,10088948,10088948,0.796
2026-07-04 12:30:00,10091638,10118834,10085008,10110497,10.372
2026-07-04 12:45:00,10114508,10114508,10099468,10099468,4.224
2026-07-04 13:00:00,10099569,10110000,10095000,10102839,4.464
2026-07-04 13:15:00,10102839,10114898,10095000,10106213,4.996
2026-07-04 13:30:00,10108440,10130400,10105936,10108140,11.727
2026-07-04 13:45:00,10112387,10118444,10102480,10109577,7.89
2026-07-04 14:00:00,10107812,10109810,10092000,10092000,12.81
2026-07-04 14:15:00,10093524,10094178,10073099,10081826,14.31
2026-07-04 14:30:00,10083779,10090000,10080325,10089233,1.456
2026-07-04 14:45:00,10086560,10093400,10068288,10072375,8.86
2026-07-04 15:00:00,10073409,10088702,10068384,10068533,4.105
2026-07-04 15:15:00,10069377,10071000,10052707,10068672,6.338
2026-07-04 15:30:00,10071029,10086779,10068589,10073997,4.748
2026-07-04 15:45:00,10074031,10083217,10072290,10080222,2.652
2026-07-04 16:00:00,10079669,10089378,10071749,10086205,5.738
2026-07-04 16:15:00,10086230,10102782,10082331,10087370,2.944
2026-07-04 16:30:00,10088951,10091728,10075128,10079564,3.054
2026-07-04 16:45:00,10078043,10094915,10077559,10092414,2.708
2026-07-04 17:00:00,10092476,10093311,10080483,10087000,1.438
2026-07-04 17:15:00,10086427,10094272,10082499,10087516,1.428
2026-07-04 17:30:00,10086161,10105273,10086161,10092222,6.317
2026-07-04 17:45:00,10094565,10105000,10086161,10086161,3.753
2026-07-04 18:00:00,10089130,10091925,10070195,10079668,7.978
2026-07-04 18:15:00,10078762,10079244,10070873,10074761,7.844
2026-07-04 18:30:00,10076922,10078892,10067058,10071844,3.552
2026-07-04 18:45:00,10073707,10079529,10073707,10076111,1.694
2026-07-04 19:00:00,10075423,10076666,10067979,10073739,1.284
2026-07-04 19:15:00,10070000,10082004,10069976,10076231,1.838
2026-07-04 19:30:00,10076361,10077429,10069557,10075337,0.384
2026-07-04 19:45:00,10075337,10084452,10070649,10078880,3.201
2026-07-04 20:00:00,10076980,10082720,10071714,10079657,2.814
2026-07-04 20:15:00,10080171,10085125,10071694,10076069,2.366
2026-07-04 20:30:00,10075267,10087797,10075267,10077806,4.652
2026-07-04 20:45:00,10077806,10082860,10074804,10078882,4.94
2026-07-04 21:00:00,10078882,10094000,10078882,10090550,4.61
2026-07-04 21:15:00,10090758,10096166,10084760,10090809,12.278
2026-07-04 21:30:00,10091780,10103350,10090508,10094324,4.076
2026-07-04 21:45:00,10093316,10109060,10090683,10101330,3.116
2026-07-04 22:00:00,10101957,10102893,10091345,10093000,3.536
2026-07-04 22:15:00,10093864,10121054,10093864,10102609,14.822
2026-07-04 22:30:00,10102240,10102240,10085283,10093278,5.66
2026-07-04 22:45:00,10090471,10093050,10083864,10092712,1.73
2026-07-04 23:00:00,10092382,10106837,10092382,10102081,4.66
2026-07-04 23:15:00,10103024,10115097,10097921,10104069,16.249
2026-07-04 23:30:00,10105622,10109000,10096871,10106996,3.928
2026-07-04 23:45:00,10106340,10112830,10102000,10109645,8.846
2026-07-05 00:00:00,10108590,10170000,10107518,10128000,27.275
2026-07-05 00:15:00,10128110,10149138,10120000,10147683,20.49
2026-07-05 00:30:00,10146915,10161200,10136804,10149063,23.464
2026-07-05 00:45:00,10148357,10163346,10142470,10154773,5.28
2026-07-05 01:00:00,10154551,10163440,10128883,10132412,11.087
2026-07-05 01:15:00,10132412,10148046,10130573,10143444,5.233
2026-07-05 01:30:00,10144608,10156213,10144608,10151483,1.36
2026-07-05 01:45:00,10150613,10158457,10144687,10151000,2.376
2026-07-05 02:00:00,10150332,10154198,10132295,10139470,4.28
2026-07-05 02:15:00,10144092,10163076,10142435,10160908,2.35
2026-07-05 02:30:00,10162710,10194899,10162360,10191518,16.888
2026-07-05 02:45:00,10194899,10230158,10189938,10212114,34.885
2026-07-05 03:00:00,10210555,10218096,10194174,10215119,6.4
2026-07-05 03:15:00,10215119,10218286,10188324,10193195,1.358
2026-07-05 03:30:00,10191572,10191572,10178914,10186675,2.708
2026-07-05 03:45:00,10185070,10194809,10178782,10191054,2.314
2026-07-05 04:00:00,10191623,10204977,10181801,10193569,8.228
2026-07-05 04:15:00,10193576,10224124,10193482,10223550,3.144
2026-07-05 04:30:00,10220244,10237381,10208455,10223429,11.178
2026-07-05 04:45:00,10221130,10228400,10209528,10212616,12.987
2026-07-05 05:00:00,10212722,10225673,10209475,10218487,3.004
2026-07-05 05:15:00,10218163,10219071,10186960,10188909,11.993
2026-07-05 05:30:00,10189944,10215470,10188909,10210500,3.536
2026-07-05 05:45:00,10210935,10215670,10196248,10197000,19.068
2026-07-05 06:00:00,10197000,10219238,10193766,10218000,15.972
2026-07-05 06:15:00,10215773,10228761,10212860,10228000,9.472
2026-07-05 06:30:00,10227318,10229862,10205642,10205642,10.752
2026-07-05 06:45:00,10209744,10214554,10202978,10209503,4.324
2026-07-05 07:00:00,10208348,10211260,10196530,10200017,4.364
2026-07-05 07:15:00,10202057,10210252,10193929,10197872,11.107
2026-07-05 07:30:00,10197925,10203680,10192527,10198313,2.148
2026-07-05 07:45:00,10195292,10201748,10190105,10195570,4.254
2026-07-05 08:00:00,10194517,10199388,10160377,10162705,12.75
2026-07-05 08:15:00,10162705,10177010,10150000,10177010,17.332
2026-07-05 08:30:00,10176517,10195465,10176517,10192700,3.822
2026-07-05 08:45:00,10194793,10200000,10185000,10187403,7.128
2026-07-05 09:00:00,10187421,10187421,10166000,10171275,6.246
2026-07-05 09:15:00,10169868,10173312,10160000,10169828,4.328
2026-07-05 09:30:00,10168969,10180333,10160000,10174139,3.054
2026-07-05 09:45:00,10174572,10177824,10145366,10156177,5.869
2026-07-05 10:00:00,10157680,10167497,10146714,10160791,7.806
2026-07-05 10:15:00,10160880,10160880,10136056,10153843,6.52
2026-07-05 10:30:00,10150714,10150714,10127651,10137358,8.244
2026-07-05 10:45:00,10140674,10146087,10132784,10142626,2.39
2026-07-05 11:00:00,10142192,10147106,10120000,10120000,6.095
2026-07-05 11:15:00,10120000,10127508,10104344,10124001,7.058
2026-07-05 11:30:00,10121881,10129052,10103933,10103933,3.428
2026-07-05 11:45:00,10104891,10113040,10096651,10112090,8.674
2026-07-05 12:00:00,10112767,10127480,10112767,10125000,3.13
2026-07-05 12:15:00,10125000,10126919,10106110,10106341,2.212
2026-07-05 12:30:00,10109864,10125219,10107000,10118427,3.07
2026-07-05 12:45:00,10119871,10128015,10116822,10124869,1.976
2026-07-05 13:00:00,10124382,10134000,10115681,10126948,4.501
2026-07-05 13:15:00,10129065,10144796,10126822,10141674,2.551
2026-07-05 13:30:00,10143069,10157030,10142912,10156433,7.087
2026-07-05 13:45:00,10155266,10156215,10133185,10135840,2.857
2026-07-05 14:00:00,10135840,10135840,10121584,10124105,4.376
2026-07-05 14:15:00,10123470,10129105,10121891,10124944,3.089
2026-07-05 14:30:00,10124933,10134880,10107886,10110262,7.132
2026-07-05 14:45:00,10112031,10126066,10108726,10119861,2.118
2026-07-05 15:00:00,10120446,10121181,10109787,10117520,2.756
2026-07-05 15:15:00,10119200,10132069,10116698,10132069,0.976
2026-07-05 15:30:00,10129907,10133218,10121074,10122437,0.716
2026-07-05 15:45:00,10122437,10130680,10120572,10126093,3.49
2026-07-05 16:00:00,10125536,10128160,10122577,10123124,2.399
2026-07-05 16:15:00,10119653,10133373,10116201,10121734,7.65
2026-07-05 16:30:00,10123188,10149238,10123188,10144587,8.982
2026-07-05 16:45:00,10143472,10164707,10142762,10160576,11.182
2026-07-05 17:00:00,10159325,10175492,10153007,10161242,16.722
2026-07-05 17:15:00,10163070,10167508,10144000,10148386,4.338
2026-07-05 17:30:00,10149675,10161640,10144547,10148403,6.572
2026-07-05 17:45:00,10152168,10158000,10144000,10145062,5.87
2026-07-05 18:00:00,10146091,10147425,10138000,10138269,9.422
2026-07-05 18:15:00,10138269,10140745,10110800,10114925,12.305
2026-07-05 18:30:00,10114925,10124703,10070000,10083523,23.018
2026-07-05 18:45:00,10083268,10102603,10080838,10100722,12.984
2026-07-05 19:00:00,10099534,10117402,10084503,10111556,5.926
2026-07-05 19:15:00,10107649,10114769,10100081,10111438,2.99
2026-07-05 19:30:00,10111452,10118639,10104770,10107692,4.132
2026-07-05 19:45:00,10108497,10120654,10106924,10119088,3.176
2026-07-05 20:00:00,10120436,10128489,10106641,10109620,2.912
2026-07-05 20:15:00,10108692,10109302,10095552,10097545,7.698
2026-07-05 20:30:00,10096607,10114324,10094189,10111858,2.974
2026-07-05 20:45:00,10110161,10116000,10100000,10102223,2.91
2026-07-05 21:00:00,10101793,10101793,10086720,10097873,3.893
2026-07-05 21:15:00,10097282,10118934,10097282,10118000,3.724
2026-07-05 21:30:00,10118000,10122724,10102960,10112460,4.208
2026-07-05 21:45:00,10112365,10116225,10110312,10116225,0.758
2026-07-05 22:00:00,10114138,10128254,10108571,10114000,5.148
2026-07-05 22:15:00,10114000,10119625,10100721,10109782,2.456
2026-07-05 22:30:00,10108237,10119305,10106674,10117651,5.777
2026-07-05 22:45:00,10118909,10129205,10118909,10125793,5.408
2026-07-05 23:00:00,10127395,10130000,10112837,10119572,4.736
2026-07-05 23:15:00,10119136,10119283,10106228,10112687,2.888
2026-07-05 23:30:00,10113755,10125136,10102852,10120360,2.998
2026-07-05 23:45:00,10119097,10130000,10112313,10128416,2.376
2026-07-06 00:00:00,10127593,10150560,10125326,10130531,17.993
2026-07-06 00:15:00,10127200,10131923,10115244,10120917,6.75
2026-07-06 00:30:00,10120028,10143840,10107993,10110985,8.243
2026-07-06 00:45:00,10110323,10120835,10105521,10117881,6.304
2026-07-06 01:00:00,10118002,10123761,10109767,10109767,3.914
2026-07-06 01:15:00,10111861,10114499,10095928,10099445,9.796
2026-07-06 01:30:00,10098121,10104718,10093707,10096949,4.939
2026-07-06 01:45:00,10099470,10104007,10094206,10099697,5.492
2026-07-06 02:00:00,10100281,10114071,10099795,10110000,6.157
2026-07-06 02:15:00,10110979,10126617,10106362,10106924,4.882
2026-07-06 02:30:00,10106650,10110408,10093023,10093023,3.502
2026-07-06 02:45:00,10093023,10103989,10092643,10098748,1.388
2026-07-06 03:00:00,10097894,10107759,10096056,10101992,2.514
2026-07-06 03:15:00,10104046,10113647,10104046,10105407,2.5
2026-07-06 03:30:00,10107608,10118822,10106373,10118022,6.183
2026-07-06 03:45:00,10118613,10136330,10113648,10126042,15.225
2026-07-06 04:00:00,10123680,10133360,10116961,10129162,2.944
2026-07-06 04:15:00,10128647,10134320,10111364,10116961,2.05
2026-07-06 04:30:00,10120490,10128885,10118342,10124107,0.678
2026-07-06 04:45:00,10122904,10129559,10118836,10120177,1.112
2026-07-06 05:00:00,10121000,10129057,10119188,10127342,1.644
2026-07-06 05:15:00,10129490,10129490,10108758,10112500,4.263
2026-07-06 05:30:00,10113011,10114710,10107745,10114161,10.032
2026-07-06 05:45:00,10116385,10119683,10113931,10113931,3.572
2026-07-06 06:00:00,10113658,10122119,10095000,10116129,10.321
2026-07-06 06:15:00,10114258,10148706,10113180,10144339,11.382
2026-07-06 06:30:00,10145769,10162000,10138493,10160873,14.41
2026-07-06 06:45:00,10159566,10190450,10147000,10167360,23.0
2026-07-06 07:00:00,10170357,10199458,10158406,10195000,21.291
2026-07-06 07:15:00,10194348,10277220,10190962,10273717,45.26
2026-07-06 07:30:00,10274779,10304506,10244000,10246675,41.992
2026-07-06 07:45:00,10251068,10280000,10245850,10277561,18.435
2026-07-06 08:00:00,10277172,10321651,10273478,10319528,15.739
2026-07-06 08:15:00,10319811,10323858,10268720,10271363,22.951
2026-07-06 08:30:00,10271941,10284400,10262982,10275588,6.752
2026-07-06 08:45:00,10275762,10275762,10255880,10264091,9.176
2026-07-06 09:00:00,10265771,10281600,10250000,10266097,25.313
2026-07-06 09:15:00,10266676,10280520,10235523,10236240,25.323
2026-07-06 09:30:00,10234359,10273000,10222869,10263583,9.538
2026-07-06 09:45:00,10264430,10292317,10264430,10287439,21.034
2026-07-06 10:00:00,10287411,10307803,10280848,10301502,20.792
2026-07-06 10:15:00,10303974,10310252,10277797,10299466,8.463
2026-07-06 10:30:00,10297613,10327000,10293998,10297605,21.649
2026-07-06 10:45:00,10293086,10295002,10272001,10277535,4.622
2026-07-06 11:00:00,10279163,10292339,10254600,10260649,19.531
2026-07-06 11:15:00,10260478,10290000,10258423,10271526,8.588
2026-07-06 11:30:00,10270892,10290597,10243520,10250071,13.974
2026-07-06 11:45:00,10250071,10262496,10244766,10260000,4.13
2026-07-06 12:00:00,10255836,10264707,10251098,10251444,4.378
2026-07-06 12:15:00,10254350,10255395,10215228,10226656,17.245
2026-07-06 12:30:00,10223920,10238891,10207919,10219820,10.238
2026-07-06 12:45:00,10217962,10235000,10215197,10235000,6.916
2026-07-06 13:00:00,10233932,10246709,10225633,10244640,8.246
2026-07-06 13:15:00,10240379,10244361,10215784,10224770,4.465
2026-07-06 13:30:00,10222764,10255280,10218709,10243271,7.274
2026-07-06 13:45:00,10240157,10250125,10232745,10237404,3.808
2026-07-06 14:00:00,10235169,10235606,10223382,10227534,5.286
2026-07-06 14:15:00,10228492,10234451,10195491,10199334,16.729
2026-07-06 14:30:00,10199840,10220000,10188927,10210298,10.337
2026-07-06 14:45:00,10210808,10225746,10208240,10220575,6.426
2026-07-06 15:00:00,10220356,10225598,10212065,10225164,10.239
2026-07-06 15:15:00,10226686,10232603,10208043,10218192,11.406
2026-07-06 15:30:00,10213233,10219424,10202149,10218314,4.762
2026-07-06 15:45:00,10220560,10221008,10208145,10211445,2.552
2026-07-06 16:00:00,10211122,10214844,10197312,10206386,15.028
2026-07-06 16:15:00,10209465,10223360,10204320,10210299,7.73
2026-07-06 16:30:00,10210202,10227094,10196488,10226127,12.515
2026-07-06 16:45:00,10224480,10228752,10219689,10221296,3.363
2026-07-06 17:00:00,10222086,10251015,10215248,10223303,11.255
2026-07-06 17:15:00,10224562,10228435,10209748,10224820,4.708
2026-07-06 17:30:00,10224558,10224558,10185007,10197542,19.295
2026-07-06 17:45:00,10199233,10206089,10194960,10200000,7.866
2026-07-06 18:00:00,10200001,10201864,10190860,10194603,6.111
2026-07-06 18:15:00,10195920,10197488,10174748,10176278,8.646
2026-07-06 18:30:00,10178592,10178921,10153360,10165007,12.597
2026-07-06 18:45:00,10165908,10170290,10154480,10165444,12.228
2026-07-06 19:00:00,10165004,10195851,10164002,10188921,18.694
2026-07-06 19:15:00,10190119,10198000,10187781,10196474,19.094
2026-07-06 19:30:00,10197747,10221648,10194830,10202394,30.287
2026-07-06 19:45:00,10201138,10202991,10183304,10188234,10.864
2026-07-06 20:00:00,10188313,10198385,10181440,10185755,5.299
2026-07-06 20:15:00,10185609,10202481,10178456,10197205,7.988
2026-07-06 20:30:00,10195577,10216231,10194800,10210027,9.59
2026-07-06 20:45:00,10207411,10216833,10130400,10136839,24.086
2026-07-06 21:00:00,10132818,10135981,10031764,10054689,82.018
2026-07-06 21:15:00,10054412,10078355,10042097,10069677,20.395
2026-07-06 21:30:00,10068986,10090926,10021200,10029582,25.702
2026-07-06 21:45:00,10028024,10042858,10003669,10021825,15.518
2026-07-06 22:00:00,10021825,10032400,9992263,10001813,34.688
2026-07-06 22:15:00,10003313,10012091,9961737,9964982,45.003
2026-07-06 22:30:00,9962603,10000894,9943920,10000293,54.206
2026-07-06 22:45:00,10001102,10064880,9999694,10022255,60.548
2026-07-06 23:00:00,10021156,10055042,10017398,10046133,14.897
2026-07-06 23:15:00,10049018,10125123,10010603,10069767,65.293
2026-07-06 23:30:00,10067007,10093305,10050000,10069721,28.848
2026-07-06 23:45:00,10069522,10072621,10042551,10069831,8.809
2026-07-07 00:00:00,10071061,10151261,10069720,10137192,26.422
2026-07-07 00:15:00,10135903,10148853,10110000,10132111,18.881
2026-07-07 00:30:00,10131913,10217200,10103093,10203061,44.704
2026-07-07 00:45:00,10200862,10306000,10181921,10300719,63.999
2026-07-07 01:00:00,10303052,10355020,10277762,10336480,73.81
2026-07-07 01:15:00,10336000,10345244,10278249,10289028,32.312
2026-07-07 01:30:00,10289883,10345470,10289883,10337520,22.442
2026-07-07 01:45:00,10337520,10343075,10323607,10332306,9.33
2026-07-07 02:00:00,10332331,10366666,10324372,10351326,29.63
2026-07-07 02:15:00,10354067,10369442,10346997,10357794,19.306
2026-07-07 02:30:00,10357651,10366042,10315390,10324871,17.311
2026-07-07 02:45:00,10317172,10330156,10298901,10301864,8.468
2026-07-07 03:00:00,10302642,10332553,10297840,10320913,11.526
2026-07-07 03:15:00,10320913,10350000,10306714,10330698,8.2
2026-07-07 03:30:00,10331581,10344184,10318765,10335725,8.03
2026-07-07 03:45:00,10334365,10336253,10310000,10313829,7.416
2026-07-07 04:00:00,10315021,10325279,10306000,10323229,9.351
2026-07-07 04:15:00,10321401,10348290,10321401,10341082,10.015
2026-07-07 04:30:00,10339975,10342967,10326511,10342040,6.671
2026-07-07 04:45:00,10340432,10348361,10316155,10322214,7.524
2026-07-07 05:00:00,10320749,10324628,10296058,10302364,9.264
2026-07-07 05:15:00,10303627,10326442,10302144,10324812,4.078
2026-07-07 05:30:00,10327859,10348820,10325025,10339497,12.488
2026-07-07 05:45:00,10339130,10349503,10330795,10341975,8.404
2026-07-07 06:00:00,10341328,10480000,10334031,10416044,53.648
2026-07-07 06:15:00,10416762,10427427,10398191,10403256,14.212
2026-07-07 06:30:00,10400312,10420744,10392607,10402752,17.848
2026-07-07 06:45:00,10403795,10454222,10397298,10446909,23.241
2026-07-07 07:00:00,10449312,10449431,10411626,10428543,9.146
2026-07-07 07:15:00,10425335,10444068,10395678,10400739,8.884
2026-07-07 07:30:00,10400926,10404618,10392519,10400000,10.212
2026-07-07 07:45:00,10400514,10414645,10391910,10405852,7.866
2026-07-07 08:00:00,10405340,10417250,10398779,10409016,10.928
2026-07-07 08:15:00,10408398,10411471,10377399,10380693,7.532
2026-07-07 08:30:00,10381766,10393650,10375000,10378888,7.752
2026-07-07 08:45:00,10378888,10389898,10372826,10378138,6.72
2026-07-07 09:00:00,10378138,10388230,10372163,10376043,8.151
2026-07-07 09:15:00,10375015,10424703,10371848,10414368,10.938
2026-07-07 09:30:00,10411067,10413716,10375971,10385388,6.177
2026-07-07 09:45:00,10385055,10415884,10385055,10402511,10.818
2026-07-07 10:00:00,10402915,10402915,10352528,10368670,20.834
2026-07-07 10:15:00,10369514,10377354,10352142,10356375,4.76
2026-07-07 10:30:00,10357777,10357921,10320000,10351409,43.805
2026-07-07 10:45:00,10352974,10362551,10326943,10328158,5.512
2026-07-07 11:00:00,10330436,10338222,10318405,10328488,8.525
2026-07-07 11:15:00,10327291,10335913,10287353,10289856,23.557
2026-07-07 11:30:00,10290570,10294235,10265425,10290816,11.062
2026-07-07 11:45:00,10291922,10294073,10243520,10249040,12.79
2026-07-07 12:00:00,10249040,10265611,10241833,10253367,8.321
2026-07-07 12:15:00,10253600,10256399,10232665,10240447,11.675
2026-07-07 12:30:00,10241789,10253599,10227185,10232884,9.168
2026-07-07 12:45:00,10231369,10231760,10216731,10226565,10.63
2026-07-07 13:00:00,10225131,10239040,10218460,10229239,5.566
2026-07-07 13:15:00,10224371,10237920,10219823,10235630,3.661
2026-07-07 13:30:00,10234300,10239600,10210950,10213097,11.966
2026-07-07 13:45:00,10213103,10215099,10195640,10204008,13.505
2026-07-07 14:00:00,10206734,10212159,10153000,10162009,18.026
2026-07-07 14:15:00,10161778,10197240,10153000,10183776,8.576
2026-07-07 14:30:00,10185520,10225499,10185520,10224072,7.0
2026-07-07 14:45:00,10223406,10239596,10218082,10218999,6.953
2026-07-07 15:00:00,10217498,10231161,10196506,10204465,7.62
2026-07-07 15:15:00,10205447,10234684,10205447,10230387,8.719
2026-07-07 15:30:00,10230387,10249797,10224645,10246587,5.824
2026-07-07 15:45:00,10243774,10268364,10240488,10258921,6.144
2026-07-07 16:00:00,10252856,10279017,10251803,10264942,4.884
2026-07-07 16:15:00,10263118,10267359,10234000,10237263,15.538
2026-07-07 16:30:00,10236702,10243307,10212598,10222492,10.765
2026-07-07 16:45:00,10225607,10229682,10209920,10212631,5.811
2026-07-07 17:00:00,10212712,10221721,10200941,10212589,4.373
2026-07-07 17:15:00,10211603,10220000,10203032,10208880,6.312
2026-07-07 17:30:00,10210781,10216123,10191652,10210885,10.681
2026-07-07 17:45:00,10212098,10216774,10199840,10211625,5.728
2026-07-07 18:00:00,10211825,10234930,10200960,10233204,11.356
2026-07-07 18:15:00,10231768,10234701,10224366,10224860,3.208
2026-07-07 18:30:00,10223524,10245492,10219380,10244564,6.656
2026-07-07 18:45:00,10252340,10253600,10233410,10240711,4.807
2026-07-07 19:00:00,10242090,10273039,10239632,10256691,17.063
2026-07-07 19:15:00,10257455,10268041,10243400,10243400,4.986
2026-07-07 19:30:00,10244203,10244203,10230778,10241181,3.876
2026-07-07 19:45:00,10237348,10241760,10232410,10241760,2.876
2026-07-07 20:00:00,10241760,10241760,10210668,10218000,9.987
2026-07-07 20:15:00,10218325,10229163,10215580,10219569,6.72
2026-07-07 20:30:00,10221139,10234780,10214413,10234780,4.712
2026-07-07 20:45:00,10236248,10269885,10236248,10261585,15.163
2026-07-07 21:00:00,10260206,10339385,10258958,10323076,31.415
2026-07-07 21:15:00,10324698,10324698,10293147,10303650,14.755
2026-07-07 21:30:00,10303916,10304559,10267676,10292296,11.921
2026-07-07 21:45:00,10292154,10292154,10261721,10269835,7.086
2026-07-07 22:00:00,10268043,10269354,10240000,10249048,8.164
2026-07-07 22:15:00,10249082,10253391,10203200,10210000,18.58
2026-07-07 22:30:00,10210431,10234230,10188349,10217990,28.266
2026-07-07 22:45:00,10215769,10258867,10192973,10205091,22.652
2026-07-07 23:00:00,10203484,10242039,10173028,10196044,26.146
2026-07-07 23:15:00,10195534,10221207,10185718,10221207,15.856
2026-07-07 23:30:00,10222279,10237781,10149289,10190869,31.791
2026-07-07 23:45:00,10193374,10304000,10193374,10288178,24.631
2026-07-08 00:00:00,10289755,10298716,10258867,10282318,17.495
2026-07-08 00:15:00,10278724,10325300,10277123,10317398,15.104
2026-07-08 00:30:00,10316371,10354399,10305899,10326952,24.044
2026-07-08 00:45:00,10329735,10374771,10329735,10340125,31.802
2026-07-08 01:00:00,10340286,10357595,10321467,10330790,13.67
2026-07-08 01:15:00,10333162,10365000,10323040,10355932,17.131
2026-07-08 01:30:00,10353328,10366956,10346471,10363133,4.271
2026-07-08 01:45:00,10361779,10394564,10351386,10352629,21.496
2026-07-08 02:00:00,10352629,10374389,10350474,10356865,9.866
2026-07-08 02:15:00,10359484,10382056,10336756,10379160,6.721
2026-07-08 02:30:00,10381273,10389396,10373910,10389386,5.312
2026-07-08 02:45:00,10389373,10389373,10372410,10378641,1.99
2026-07-08 03:00:00,10382223,10384985,10350859,10354897,4.68
2026-07-08 03:15:00,10352934,10375169,10347806,10352609,10.343
2026-07-08 03:30:00,10347850,10367710,10347425,10367214,8.388
2026-07-08 03:45:00,10368949,10376134,10307168,10307365,7.721
2026-07-08 04:00:00,10309434,10326189,10291359,10295013,8.01
2026-07-08 04:15:00,10295733,10319562,10273482,10310132,7.46
2026-07-08 04:30:00,10310148,10339031,10305695,10336388,2.982
2026-07-08 04:45:00,10338614,10353278,10333357,10340694,3.782
2026-07-08 05:00:00,10340527,10354491,10320439,10336526,6.07
2026-07-08 05:15:00,10334247,10343996,10324398,10328736,2.68
2026-07-08 05:30:00,10330293,10331151,10307321,10318078,6.278
2026-07-08 05:45:00,10318114,10323000,10306693,10319144,5.163
2026-07-08 06:00:00,10319676,10346881,10319304,10334756,9.75
2026-07-08 06:15:00,10332273,10332273,10274888,10294765,11.062
2026-07-08 06:30:00,10293558,10299325,10262639,10277580,10.512
2026-07-08 06:45:00,10273112,10298171,10270487,10283327,6.403
2026-07-08 07:00:00,10280349,10291168,10244735,10287372,10.207
2026-07-08 07:15:00,10288535,10294494,10269716,10280815,4.84
2026-07-08 07:30:00,10281434,10320000,10278314,10309652,4.962
2026-07-08 07:45:00,10306024,10306024,10290921,10296261,7.482
2026-07-08 08:00:00,10294951,10323303,10294437,10321975,4.746
2026-07-08 08:15:00,10321975,10332730,10317048,10326402,12.754
2026-07-08 08:30:00,10326402,10328965,10291929,10291929,7.54
2026-07-08 08:45:00,10291200,10295709,10272641,10279924,6.692
2026-07-08 09:00:00,10283576,10308954,10271147,10305004,6.574
2026-07-08 09:15:00,10307542,10335769,10292497,10326396,6.884
2026-07-08 09:30:00,10324521,10350000,10316266,10339981,15.504
2026-07-08 09:45:00,10338023,10340549,10318965,10324000,6.596
2026-07-08 10:00:00,10323202,10330000,10300756,10326396,7.076
2026-07-08 10:15:00,10324635,10327777,10299566,10300778,7.785
2026-07-08 10:30:00,10297791,10301402,10213775,10255205,30.178
2026-07-08 10:45:00,10256101,10265661,10220836,10233316,13.049
2026-07-08 11:00:00,10232424,10232424,10197417,10213472,18.973
2026-07-08 11:15:00,10214850,10228187,10200120,10213066,8.548
2026-07-08 11:30:00,10213765,10226448,10153119,10226448,25.43
2026-07-08 11:45:00,10230622,10241840,10211065,10224296,11.315
2026-07-08 12:00:00,10228831,10243792,10223331,10238537,11.757
2026-07-08 12:15:00,10236729,10236809,10219149,10234218,10.49
2026-07-08 12:30:00,10231889,10231889,10213725,10218614,3.004
2026-07-08 12:45:00,10212703,10216564,10171778,10189073,15.758
2026-07-08 13:00:00,10191503,10204866,10181838,10196419,15.126
2026-07-08 13:15:00,10197002,10215662,10194478,10209333,15.268
2026-07-08 13:30:00,10211000,10216640,10181135,10189404,12.784
2026-07-08 13:45:00,10186738,10200178,10175115,10196288,6.688
2026-07-08 14:00:00,10197054,10208800,10186189,10199000,4.934
2026-07-08 14:15:00,10196382,10203813,10181294,10190892,20.643
2026-07-08 14:30:00,10190914,10192626,10158296,10160242,14.389
2026-07-08 14:45:00,10160240,10172004,10150000,10164552,5.744
2026-07-08 15:00:00,10166269,10166269,10150000,10161304,2.346
2026-07-08 15:15:00,10160439,10171510,10136508,10156190,13.235
2026-07-08 15:30:00,10154407,10155714,10126061,10139223,9.301
2026-07-08 15:45:00,10138304,10173019,10134827,10161221,4.088
2026-07-08 16:00:00,10162200,10181360,10146074,10176617,8.665
2026-07-08 16:15:00,10176617,10191778,10165398,10187114,8.933
2026-07-08 16:30:00,10185756,10199999,10178030,10190000,8.116
2026-07-08 16:45:00,10189726,10203853,10186523,10201442,2.448
2026-07-08 17:00:00,10201442,10212160,10187738,10195620,8.035
2026-07-08 17:15:00,10197760,10199242,10076624,10078610,49.921
2026-07-08 17:30:00,10076760,10093929,10047322,10074627,25.259
2026-07-08 17:45:00,10074578,10125036,10061827,10068727,23.922
2026-07-08 18:00:00,10069999,10088965,10052153,10052153,22.116
2026-07-08 18:15:00,10052435,10060186,10024000,10057338,25.912
2026-07-08 18:30:00,10058815,10098299,10058667,10091487,8.67
2026-07-08 18:45:00,10091643,10091643,10075072,10075544,5.76
2026-07-08 19:00:00,10079061,10083979,10048849,10069742,16.0
2026-07-08 19:15:00,10070564,10087555,10069131,10087555,11.726
2026-07-08 19:30:00,10086374,10095828,10078929,10091223,13.758
2026-07-08 19:45:00,10091169,10100000,10085650,10100000,11.38
2026-07-08 20:00:00,10098416,10101989,10084735,10092935,14.364
2026-07-08 20:15:00,10090463,10099412,10079247,10091730,12.838
2026-07-08 20:30:00,10092264,10135257,10087207,10126446,17.467
2026-07-08 20:45:00,10126000,10135612,10113325,10125079,17.356
2026-07-08 21:00:00,10125353,10144400,10107139,10124638,17.807
2026-07-08 21:15:00,10121640,10130919,10106000,10114427,12.85
2026-07-08 21:30:00,10113579,10116000,10081480,10084134,11.63
2026-07-08 21:45:00,10085463,10091229,10059806,10060700,11.044
2026-07-08 22:00:00,10060934,10068215,10043131,10057132,17.85
2026-07-08 22:15:00,10056930,10058169,10024816,10036836,25.095
2026-07-08 22:30:00,10038222,10078398,10038222,10059263,27.203
2026-07-08 22:45:00,10054811,10061547,10007041,10061547,21.074
2026-07-08 23:00:00,10058339,10095672,10055099,10074573,30.755
2026-07-08 23:15:00,10074872,10100000,10041182,10069858,12.854
2026-07-08 23:30:00,10069167,10076681,10046854,10054384,13.246
2026-07-08 23:45:00,10056599,10075268,10024578,10054533,19.393
2026-07-09 00:00:00,10056415,10058926,10004932,10009511,7.971
2026-07-09 00:15:00,10012161,10026841,9999779,10013800,18.442
2026-07-09 00:30:00,10015063,10041249,10009445,10015651,22.817
2026-07-09 00:45:00,10012607,10033293,10009424,10025556,13.375
2026-07-09 01:00:00,10027318,10058277,10023024,10047773,13.444
2026-07-09 01:15:00,10047382,10075714,10038911,10062232,14.394
2026-07-09 01:30:00,10061237,10091392,10035760,10076907,18.455
2026-07-09 01:45:00,10075162,10095512,10070000,10088931,10.57
2026-07-09 02:00:00,10086434,10090314,10073602,10076667,4.75
2026-07-09 02:15:00,10075175,10115294,10073651,10115091,8.626
2026-07-09 02:30:00,10115378,10135440,10102960,10108511,11.556
2026-07-09 02:45:00,10110636,10110636,10078000,10084614,4.645
2026-07-09 03:00:00,10083471,10117394,10081982,10108822,13.911
2026-07-09 03:15:00,10110266,10122352,10095150,10095441,5.122
2026-07-09 03:30:00,10091868,10094578,10072291,10079567,2.846
2026-07-09 03:45:00,10079500,10111551,10078782,10096058,4.502
2026-07-09 04:00:00,10098996,10110229,10079912,10080098,4.134
2026-07-09 04:15:00,10078486,10102427,10076327,10100479,3.292
2026-07-09 04:30:00,10102980,10112633,10095482,10112322,6.452
2026-07-09 04:45:00,10112574,10114503,10089566,10112163,10.163
2026-07-09 05:00:00,10109856,10117636,10096695,10108040,7.173
2026-07-09 05:15:00,10110062,10114531,10092406,10114531,5.458
2026-07-09 05:30:00,10113817,10118409,10089510,10106458,11.504
2026-07-09 05:45:00,10103731,10113362,10090000,10092238,11.073
2026-07-09 06:00:00,10093232,10097014,10065261,10073193,11.522
2026-07-09 06:15:00,10071648,10090000,10065761,10090000,9.658
2026-07-09 06:30:00,10090000,10098984,10081761,10089587,8.149
2026-07-09 06:45:00,10088976,10112177,10085868,10104520,9.596
2026-07-09 07:00:00,10105297,10135130,10105297,10107669,7.044
2026-07-09 07:15:00,10110378,10130400,10105133,10125624,5.663
2026-07-09 07:30:00,10130500,10132196,10115482,10127828,7.87
2026-07-09 07:45:00,10128355,10129407,10116339,10125737,4.374
2026-07-09 08:00:00,10125650,10130133,10115422,10125497,4.818
2026-07-09 08:15:00,10124499,10124586,10106766,10117984,9.858
2026-07-09 08:30:00,10118152,10118152,10103190,10116676,3.724
2026-07-09 08:45:00,10115738,10125000,10111329,10118015,7.054
2026-07-09 09:00:00,10118574,10121282,10093371,10104944,7.3
2026-07-09 09:15:00,10100927,10106709,10083106,10094360,6.028
2026-07-09 09:30:00,10097167,10110186,10072857,10098498,6.968
2026-07-09 09:45:00,10098031,10105697,10076071,10086286,6.996
2026-07-09 10:00:00,10086505,10173388,10083920,10133254,25.39
2026-07-09 10:15:00,10133254,10158759,10126211,10132498,10.57
2026-07-09 10:30:00,10135980,10135980,10079275,10085038,22.486
2026-07-09 10:45:00,10087960,10087960,10043563,10049328,13.081
2026-07-09 11:00:00,10051735,10081000,10034080,10078960,13.233
2026-07-09 11:15:00,10079378,10084396,10056575,10064232,7.95
2026-07-09 11:30:00,10067665,10070280,10033480,10035812,10.254
2026-07-09 11:45:00,10035656,10040858,10015834,10029730,9.832
2026-07-09 12:00:00,10031145,10042246,10020800,10039039,8.231
2026-07-09 12:15:00,10040653,10056544,10022866,10050615,6.643
2026-07-09 12:30:00,10049784,10072203,10041908,10062381,7.804
2026-07-09 12:45:00,10059248,10064688,10048868,10059950,4.126
2026-07-09 13:00:00,10060579,10076785,10058160,10066761,8.156
2026-07-09 13:15:00,10069894,10082265,10058160,10077809,6.083
2026-07-09 13:30:00,10078596,10112363,10076873,10111111,6.976
2026-07-09 13:45:00,10112346,10136805,10106582,10135207,10.944
2026-07-09 14:00:00,10133593,10160000,10120608,10142204,16.832
2026-07-09 14:15:00,10142222,10147186,10100720,10110532,11.561
2026-07-09 14:30:00,10110013,10125170,10096562,10123127,3.66
2026-07-09 14:45:00,10119450,10157223,10119450,10156770,10.814
2026-07-09 15:00:00,10158797,10184720,10140900,10148555,14.516
2026-07-09 15:15:00,10147524,10192940,10140191,10188252,24.484
2026-07-09 15:30:00,10183970,10191954,10173847,10191954,7.097
2026-07-09 15:45:00,10186020,10213066,10183414,10209715,8.602
2026-07-09 16:00:00,10207944,10245044,10191244,10206560,27.915
2026-07-09 16:15:00,10209693,10235654,10191947,10205146,8.185
2026-07-09 16:30:00,10205189,10223348,10186031,10222084,8.615
2026-07-09 16:45:00,10224380,10260000,10213582,10218408,14.323
2026-07-09 17:00:00,10219019,10222783,10205336,10206664,9.401
2026-07-09 17:15:00,10208584,10225054,10206000,10223938,5.865
2026-07-09 17:30:00,10219865,10233391,10214013,10223768,5.374
2026-07-09 17:45:00,10221903,10223173,10195360,10202456,5.868
2026-07-09 18:00:00,10201659,10209464,10189200,10200034,6.634
2026-07-09 18:15:00,10199844,10211121,10193390,10207424,5.573
2026-07-09 18:30:00,10208522,10221452,10187520,10192376,10.004
2026-07-09 18:45:00,10194539,10215000,10190093,10212258,6.655
2026-07-09 19:00:00,10211482,10233090,10203760,10220555,13.91
2026-07-09 19:15:00,10221297,10225318,10203918,10207663,6.314
2026-07-09 19:30:00,10208000,10214935,10203024,10207960,2.202
2026-07-09 19:45:00,10208583,10209136,10176954,10192212,9.151
2026-07-09 20:00:00,10190000,10198191,10185000,10192800,6.793
2026-07-09 20:15:00,10193689,10193689,10170724,10179318,7.538
2026-07-09 20:30:00,10180348,10182971,10162606,10175010,8.49
2026-07-09 20:45:00,10169494,10197484,10165355,10191069,8.657
2026-07-09 21:00:00,10191013,10205230,10169777,10188427,8.04
2026-07-09 21:15:00,10187218,10201212,10165120,10194055,59.814
2026-07-09 21:30:00,10190738,10218879,10157280,10160843,22.608
2026-07-09 21:45:00,10166128,10178849,10141996,10167111,21.773
2026-07-09 22:00:00,10166054,10214731,10166054,10206381,7.793
2026-07-09 22:15:00,10201165,10202456,10170000,10176964,11.622
2026-07-09 22:30:00,10178929,10216210,10146357,10216210,30.517
2026-07-09 22:45:00,10213698,10256946,10193122,10223833,18.242
2026-07-09 23:00:00,10226000,10241577,10199397,10217260,12.667
2026-07-09 23:15:00,10210665,10214680,10170000,10204871,28.962
2026-07-09 23:30:00,10205141,10225973,10183769,10210822,10.068
2026-07-09 23:45:00,10207485,10231540,10195728,10225779,8.014
2026-07-10 00:00:00,10226266,10257512,10213179,10240406,12.582
2026-07-10 00:15:00,10237000,10267040,10216071,10223131,17.951
2026-07-10 00:30:00,10224685,10240487,10205214,10218430,9.132
2026-07-10 00:45:00,10221252,10227842,10189979,10197597,6.944
2026-07-10 01:00:00,10197861,10219187,10193578,10197774,5.434
2026-07-10 01:15:00,10193850,10200000,10150000,10170698,28.858
2026-07-10 01:30:00,10176379,10190320,10168129,10178262,17.405
2026-07-10 01:45:00,10178523,10179120,10150156,10170571,14.49
2026-07-10 02:00:00,10171106,10190000,10168204,10174642,11.488
2026-07-10 02:15:00,10175551,10199873,10173299,10194090,9.47
2026-07-10 02:30:00,10194959,10228491,10179174,10219887,18.083
2026-07-10 02:45:00,10218425,10242437,10218425,10238899,8.009
2026-07-10 03:00:00,10239536,10298110,10228085,10276560,28.634
2026-07-10 03:15:00,10280000,10282834,10258081,10282834,13.009
2026-07-10 03:30:00,10282554,10287193,10261079,10268347,7.02
2026-07-10 03:45:00,10268277,10276402,10248884,10253600,10.078
2026-07-10 04:00:00,10253292,10267306,10247683,10255596,15.854
2026-07-10 04:15:00,10255401,10266578,10244336,10266578,8.866
2026-07-10 04:30:00,10265370,10282032,10258955,10279445,9.995
2026-07-10 04:45:00,10277653,10283621,10257628,10259438,4.546
2026-07-10 05:00:00,10262485,10268120,10248494,10253380,6.236
2026-07-10 05:15:00,10251463,10273722,10250800,10267528,4.291
2026-07-10 05:30:00,10266679,10275457,10263329,10274026,2.362
2026-07-10 05:45:00,10274976,10276539,10259561,10272905,5.256
2026-07-10 06:00:00,10274025,10292677,10269264,10272470,11.551
2026-07-10 06:15:00,10272470,10279953,10265625,10266109,1.827
2026-07-10 06:30:00,10267328,10270958,10255396,10258965,6.458
2026-07-10 06:45:00,10259223,10270071,10258567,10266722,6.466
2026-07-10 07:00:00,10266722,10277466,10260735,10263736,4.43
2026-07-10 07:15:00,10263095,10283882,10259579,10276371,7.242
2026-07-10 07:30:00,10276303,10289138,10263736,10281133,12.228
2026-07-10 07:45:00,10282103,10290560,10257219,10261847,10.074
2026-07-10 08:00:00,10258152,10262526,10249625,10251120,6.868
2026-07-10 08:15:00,10251689,10282160,10232386,10260864,17.941
2026-07-10 08:30:00,10260905,10269842,10248000,10268120,9.344
2026-07-10 08:45:00,10271969,10274561,10257473,10258721,6.198
2026-07-10 09:00:00,10258721,10261903,10242318,10260149,8.114
2026-07-10 09:15:00,10260320,10265074,10235915,10241836,11.844
2026-07-10 09:30:00,10238090,10250000,10213000,10226703,20.854
2026-07-10 09:45:00,10226775,10229594,10204322,10223289,13.352
2026-07-10 10:00:00,10221813,10226536,10188877,10208536,18.081
2026-07-10 10:15:00,10208536,10256204,10202130,10256002,14.866
2026-07-10 10:30:00,10255652,10260000,10238522,10252728,11.769
2026-07-10 10:45:00,10256162,10336105,10252558,10304490,39.007
2026-07-10 11:00:00,10306239,10312950,10285167,10304624,35.78
2026-07-10 11:15:00,10303233,10311549,10290857,10295427,7.002
2026-07-10 11:30:00,10292241,10318000,10290000,10302820,14.311
2026-07-10 11:45:00,10302937,10331223,10297000,10318036,12.544
2026-07-10 12:00:00,10318229,10324819,10301446,10316539,11.036
2026-07-10 12:15:00,10313561,10314880,10295823,10299786,4.598
2026-07-10 12:30:00,10297480,10317663,10293697,10315428,7.576
2026-07-10 12:45:00,10315057,10335000,10314578,10319870,12.164
2026-07-10 13:00:00,10324000,10336084,10319712,10327808,4.264
2026-07-10 13:15:00,10328512,10343893,10319680,10322006,8.661
2026-07-10 13:30:00,10320042,10363995,10316864,10353286,12.272
2026-07-10 13:45:00,10355875,10371716,10341833,10346007,7.588
2026-07-10 14:00:00,10341697,10345626,10318945,10327327,7.454
2026-07-10 14:15:00,10329247,10338538,10326971,10333802,3.656
2026-07-10 14:30:00,10333062,10367954,10332148,10363276,9.452
2026-07-10 14:45:00,10364040,10364040,10347623,10350485,4.584
2026-07-10 15:00:00,10351245,10357774,10335376,10336281,4.442
2026-07-10 15:15:00,10335875,10337686,10309256,10320035,13.99
2026-07-10 15:30:00,10320578,10324958,10310814,10314514,7.971
2026-07-10 15:45:00,10316234,10325097,10308045,10316074,5.48
2026-07-10 16:00:00,10317366,10330493,10308526,10329397,5.162
2026-07-10 16:15:00,10328951,10349637,10320688,10342442,6.06
2026-07-10 16:30:00,10341393,10344272,10331547,10336133,8.984
2026-07-10 16:45:00,10335450,10348056,10331667,10341975,7.395
2026-07-10 17:00:00,10344343,10348087,10337600,10346007,8.136
2026-07-10 17:15:00,10347472,10401193,10347472,10396473,30.286
2026-07-10 17:30:00,10395754,10398816,10364697,10368194,21.716
2026-07-10 17:45:00,10368642,10389751,10362583,10382362,10.47
2026-07-10 18:00:00,10381026,10391508,10361942,10381411,9.45
2026-07-10 18:15:00,10381411,10415730,10381232,10415370,13.78
2026-07-10 18:30:00,10415370,10444000,10407748,10426234,13.787
2026-07-10 18:45:00,10427710,10431840,10415258,10415626,9.942
2026-07-10 19:00:00,10416508,10420341,10400000,10403451,10.166
2026-07-10 19:15:00,10403328,10425762,10397544,10421677,12.752
2026-07-10 19:30:00,10421903,10430000,10410001,10425783,10.908
2026-07-10 19:45:00,10428511,10431773,10417042,10417386,3.964
2026-07-10 20:00:00,10418605,10434413,10416498,10429283,3.65
2026-07-10 20:15:00,10429156,10434000,10416486,10428813,11.908
2026-07-10 20:30:00,10426615,10428306,10416688,10426065,5.682
2026-07-10 20:45:00,10426058,10441014,10426058,10433777,6.106
2026-07-10 21:00:00,10435011,10455200,10416279,10444266,27.133
2026-07-10 21:15:00,10440363,10443687,10413007,10437981,16.094
2026-07-10 21:30:00,10436528,10442062,10414308,10417418,7.238
2026-07-10 21:45:00,10413354,10419999,10394683,10397536,11.374
2026-07-10 22:00:00,10398910,10406109,10384256,10386337,17.87
2026-07-10 22:15:00,10386986,10392027,10375250,10378678,12.245
2026-07-10 22:30:00,10379317,10423566,10375551,10411759,17.032
2026-07-10 22:45:00,10411969,10459605,10411969,10426525,27.626
2026-07-10 23:00:00,10424206,10439092,10386000,10388539,23.008
2026-07-10 23:15:00,10388539,10394539,10347229,10376412,41.017
2026-07-10 23:30:00,10375719,10403646,10327455,10376280,40.956
2026-07-10 23:45:00,10377667,10381460,10330000,10342045,21.763
2026-07-11 00:00:00,10340105,10366481,10338000,10347030,11.104
2026-07-11 00:15:00,10355280,10377188,10350992,10358554,16.368
2026-07-11 00:30:00,10362033,10366940,10325719,10330000,5.026
2026-07-11 00:45:00,10330240,10340874,10327536,10336319,7.54
2026-07-11 01:00:00,10336704,10345445,10324937,10341519,6.574
2026-07-11 01:15:00,10341800,10356450,10331313,10332855,7.466
2026-07-11 01:30:00,10333337,10338754,10305000,10323831,11.488
2026-07-11 01:45:00,10320898,10368518,10319642,10358988,10.474
2026-07-11 02:00:00,10358986,10363167,10330000,10332863,5.862
2026-07-11 02:15:00,10331582,10344913,10316098,10333809,15.15
2026-07-11 02:30:00,10331960,10333093,10316190,10322545,11.914
2026-07-11 02:45:00,10320187,10331631,10315462,10317349,3.356
2026-07-11 03:00:00,10318090,10347656,10318090,10331424,8.932
2026-07-11 03:15:00,10329812,10342746,10323905,10336047,5.556
2026-07-11 03:30:00,10334431,10339857,10327070,10330910,3.388
2026-07-11 03:45:00,10328245,10329868,10305962,10316861,3.698
2026-07-11 04:00:00,10315133,10332104,10311607,10330983,2.88
2026-07-11 04:15:00,10331688,10339897,10317491,10330030,8.21
2026-07-11 04:30:00,10328567,10358973,10325297,10349160,9.426
2026-07-11 04:45:00,10347617,10356847,10333445,10338854,7.534
2026-07-11 05:00:00,10342637,10342637,10322818,10327672,5.508
2026-07-11 05:15:00,10327806,10338994,10292387,10311672,18.098
2026-07-11 05:30:00,10307226,10335607,10305901,10334501,5.952
2026-07-11 05:45:00,10333314,10333894,10323753,10328011,5.748
2026-07-11 06:00:00,10328233,10351165,10326368,10344267,13.32
2026-07-11 06:15:00,10344323,10354967,10343096,10350676,4.318
2026-07-11 06:30:00,10352693,10368965,10347931,10360377,12.648
2026-07-11 06:45:00,10359159,10359613,10348979,10354870,2.118
2026-07-11 07:00:00,10353452,10363153,10350749,10358774,3.064
2026-07-11 07:15:00,10363374,10376189,10355172,10371375,14.718
2026-07-11 07:30:00,10371395,10380127,10371395,10375000,11.22
2026-07-11 07:45:00,10374363,10381683,10364730,10372722,5.866
2026-07-11 08:00:00,10372700,10374000,10355592,10374000,5.814
2026-07-11 08:15:00,10375465,10385355,10369054,10384275,5.36
2026-07-11 08:30:00,10381850,10388064,10375082,10385139,4.596
2026-07-11 08:45:00,10382841,10384677,10368401,10376045,5.17
2026-07-11 09:00:00,10377167,10388560,10375367,10375367,1.177
2026-07-11 11:00:00,10371178,10374000,10351518,10355177,13.202
2026-07-11 11:15:00,10357300,10365718,10352543,10361800,7.644
2026-07-11 11:30:00,10362097,10382234,10359391,10379095,10.698
2026-07-11 11:45:00,10379656,10384791,10374359,10377238,6.296
2026-07-11 12:00:00,10377546,10384651,10370885,10384651,2.992
2026-07-11 12:15:00,10384050,10386381,10362455,10373537,6.344
2026-07-11 12:30:00,10372391,10381842,10368655,10374280,3.17
2026-07-11 12:45:00,10375816,10383887,10375017,10379223,3.09
2026-07-11 13:00:00,10376876,10376876,10365845,10372624,2.058
2026-07-11 13:15:00,10374135,10380562,10366318,10375397,4.186
2026-07-11 13:30:00,10374590,10385374,10374568,10376954,2.602
2026-07-11 13:45:00,10378160,10379875,10370233,10376948,2.22
2026-07-11 14:00:00,10376219,10383527,10371308,10378928,2.504
2026-07-11 14:15:00,10379523,10382624,10374125,10382624,8.262
2026-07-11 14:30:00,10381577,10386552,10374000,10379817,2.256
2026-07-11 14:45:00,10379645,10381663,10373767,10375964,3.68
2026-07-11 15:00:00,10375948,10383059,10367792,10374756,3.358
2026-07-11 15:15:00,10377223,10393280,10377223,10384388,7.204
2026-07-11 15:30:00,10386137,10390079,10381722,10381722,2.206
2026-07-11 15:45:00,10381941,10387700,10380651,10383715,2.51
2026-07-11 16:00:00,10383715,10387480,10379119,10385033,4.398
2026-07-11 16:15:00,10384655,10391316,10379011,10383039,2.038
2026-07-11 16:30:00,10385580,10387967,10376774,10379202,4.118
2026-07-11 16:45:00,10378000,10379642,10374105,10377848,1.672
2026-07-11 17:00:00,10376697,10393882,10376004,10388541,4.716
2026-07-11 17:15:00,10388149,10395177,10386299,10391544,2.644
2026-07-11 17:30:00,10391182,10401254,10390372,10397281,4.518
2026-07-11 17:45:00,10396760,10398160,10390716,10394056,3.126
2026-07-11 18:00:00,10395268,10396290,10389753,10389753,1.89
2026-07-11 18:15:00,10389023,10394753,10386923,10394753,2.486
2026-07-11 18:30:00,10394491,10400000,10381274,10381623,5.82
2026-07-11 18:45:00,10380053,10381976,10376000,10379341,7.795
2026-07-11 19:00:00,10378638,10382078,10376515,10382057,2.458
2026-07-11 19:15:00,10382958,10383114,10374000,10381190,3.462
2026-07-11 19:30:00,10379314,10379858,10370138,10372049,3.996
2026-07-11 19:45:00,10372780,10381276,10372001,10378576,3.034
2026-07-11 20:00:00,10379857,10384453,10373896,10380915,3.88
2026-07-11 20:15:00,10382014,10382014,10375325,10375325,1.332
2026-07-11 20:30:00,10375452,10382541,10374384,10377000,1.438
2026-07-11 20:45:00,10376635,10381436,10374123,10379020,3.15
2026-07-11 21:00:00,10378179,10387845,10375270,10386953,6.084
2026-07-11 21:15:00,10387372,10389492,10377359,10381902,3.518
2026-07-11 21:30:00,10379347,10380004,10368516,10375400,5.276
2026-07-11 21:45:00,10374485,10382239,10374485,10380885,1.708
2026-07-11 22:00:00,10380885,10383557,10374000,10379279,5.082
2026-07-11 22:15:00,10381793,10384661,10377786,10380937,3.792
2026-07-11 22:30:00,10381558,10392357,10379327,10388321,2.686
2026-07-11 22:45:00,10389608,10393717,10388209,10390039,2.42
2026-07-11 23:00:00,10388012,10396797,10387797,10393222,3.936
2026-07-11 23:15:00,10394599,10422876,10394236,10411542,13.551
2026-07-11 23:30:00,10413229,10430000,10412982,10417826,19.526
2026-07-11 23:45:00,10415933,10420953,10404800,10404800,10.088
2026-07-12 00:00:00,10406389,10426257,10404800,10426257,11.6
2026-07-12 00:15:00,10425089,10428664,10416429,10419901,9.234
2026-07-12 00:30:00,10420164,10426000,10335360,10364613,32.34
2026-07-12 00:45:00,10369438,10385161,10350114,10380361,9.174
2026-07-12 01:00:00,10384105,10389680,10367749,10382744,4.323
2026-07-12 01:15:00,10381834,10393187,10375415,10387300,3.194
2026-07-12 01:30:00,10390054,10398000,10368715,10372311,9.455
2026-07-12 01:45:00,10372311,10380145,10367710,10379639,3.22
2026-07-12 02:00:00,10380173,10389000,10378274,10385459,2.078
2026-07-12 02:15:00,10386312,10401676,10384481,10398867,3.872
2026-07-12 02:30:00,10398636,10415985,10398097,10410283,8.562
2026-07-12 02:45:00,10412034,10414606,10403121,10403121,1.634
2026-07-12 03:00:00,10403935,10409280,10400000,10401484,5.73
2026-07-12 03:15:00,10403190,10416273,10402695,10407014,4.924
2026-07-12 03:30:00,10407000,10411096,10404400,10410885,4.289
2026-07-12 03:45:00,10410350,10410350,10400153,10403500,3.174
2026-07-12 04:00:00,10403500,10406230,10399464,10406230,2.332
2026-07-12 04:15:00,10405164,10408951,10388595,10388595,6.183
2026-07-12 04:30:00,10391134,10398501,10388328,10395775,2.54
2026-07-12 04:45:00,10398595,10399361,10391989,10396639,2.09
2026-07-12 05:00:00,10397353,10410000,10397353,10405031,2.552
2026-07-12 05:15:00,10405997,10411188,10405796,10407242,1.916
2026-07-12 05:30:00,10408295,10425000,10404392,10418301,5.632
2026-07-12 05:45:00,10420460,10423008,10413000,10415000,4.672
2026-07-12 06:00:00,10413133,10420710,10410059,10411157,6.746
2026-07-12 06:15:00,10410059,10418992,10409969,10413451,2.968
2026-07-12 06:30:00,10411816,10416555,10409000,10411317,3.55
2026-07-12 06:45:00,10411317,10414619,10408084,10409714,2.606
2026-07-12 07:00:00,10410339,10420000,10403143,10414492,5.972
2026-07-12 07:15:00,10409983,10411576,10385710,10395365,2.48
2026-07-12 07:30:00,10394184,10403780,10382819,10388683,2.222
2026-07-12 07:45:00,10388859,10391120,10375172,10386949,5.934
2026-07-12 08:00:00,10385532,10394366,10369000,10376493,7.775
2026-07-12 08:15:00,10375679,10383084,10323994,10344227,31.38
2026-07-12 08:30:00,10339183,10348323,10325673,10345213,12.5
2026-07-12 08:45:00,10346511,10357698,10321325,10326181,8.849
2026-07-12 09:00:00,10324199,10339090,10315569,10318523,8.016
2026-07-12 09:15:00,10316618,10339256,10315263,10323406,9.118
2026-07-12 09:30:00,10324602,10329675,10303036,10318533,15.034
2026-07-12 09:45:00,10320054,10332000,10314277,10324670,6.828
2026-07-12 10:00:00,10325843,10350480,10319250,10341585,17.025
2026-07-12 10:15:00,10337187,10351396,10333095,10341188,5.727
2026-07-12 10:30:00,10342211,10380000,10340000,10376528,12.434
2026-07-12 10:45:00,10377277,10379356,10365311,10370000,6.084
2026-07-12 11:00:00,10370000,10370000,10355199,10357786,5.784
2026-07-12 11:15:00,10354943,10372367,10354943,10365846,5.48
2026-07-12 11:30:00,10366691,10367677,10357920,10360459,1.798
2026-07-12 11:45:00,10361192,10367525,10357231,10359234,2.284
2026-07-12 12:00:00,10358396,10367000,10352158,10361029,4.414
2026-07-12 12:15:00,10361937,10370597,10361937,10364180,2.642
2026-07-12 12:30:00,10368237,10383203,10366240,10373018,4.906
2026-07-12 12:45:00,10370575,10382557,10368994,10380909,4.072
2026-07-12 13:00:00,10383050,10388103,10371195,10376545,3.842
2026-07-12 13:15:00,10377592,10381523,10357971,10360336,5.966
2026-07-12 13:30:00,10359889,10360378,10334806,10352380,11.566
2026-07-12 13:45:00,10351121,10353730,10340111,10346745,11.838
2026-07-12 14:00:00,10347552,10352917,10346154,10347335,2.068
2026-07-12 14:15:00,10347023,10347023,10335410,10339396,8.364
2026-07-12 14:30:00,10338860,10349460,10335117,10347866,2.49
2026-07-12 14:45:00,10348120,10351601,10341403,10344230,2.83
2026-07-12 15:00:00,10344319,10344592,10309886,10314006,9.544
2026-07-12 15:15:00,10312988,10318742,10294363,10302320,12.925
2026-07-12 15:30:00,10300023,10317780,10295706,10317393,6.766
2026-07-12 15:45:00,10318195,10322780,10303378,10312790,3.94
2026-07-12 16:00:00,10311168,10320328,10307684,10320328,1.872
2026-07-12 16:15:00,10320656,10332560,10317108,10328000,6.422
2026-07-12 16:30:00,10328906,10332443,10323550,10328422,4.431
2026-07-12 16:45:00,10326125,10334062,10324353,10329156,5.033
2026-07-12 17:00:00,10330410,10364654,10329156,10354489,10.835
2026-07-12 17:15:00,10353089,10361000,10347190,10347190,7.574
2026-07-12 17:30:00,10347233,10349043,10343514,10348000,3.202
2026-07-12 17:45:00,10348000,10348000,10335218,10344677,4.622
2026-07-12 18:00:00,10343667,10346000,10328318,10329899,3.564
2026-07-12 18:15:00,10325323,10325323,10304780,10318195,6.73
2026-07-12 18:30:00,10316148,10353000,10316148,10344722,7.508
2026-07-12 18:45:00,10346862,10349346,10335980,10338175,2.808
2026-07-12 19:00:00,10337309,10338045,10328169,10332442,3.298
2026-07-12 19:15:00,10336139,10336139,10326536,10326536,1.764
2026-07-12 19:30:00,10325569,10331853,10319896,10324047,4.784
2026-07-12 19:45:00,10324617,10329115,10319525,10322214,1.73
2026-07-12 20:00:00,10325661,10332424,10318703,10320233,2.502
2026-07-12 20:15:00,10322922,10333000,10320649,10332927,4.11
2026-07-12 20:30:00,10333368,10351639,10330645,10345356,6.674
2026-07-12 20:45:00,10347615,10350155,10343833,10347080,1.994
2026-07-12 21:00:00,10345082,10367587,10339537,10364766,7.2
2026-07-12 21:15:00,10363589,10367587,10349325,10354096,7.784
2026-07-12 21:30:00,10355213,10358028,10345484,10351517,2.974
2026-07-12 21:45:00,10353174,10353665,10342689,10350946,3.91
2026-07-12 22:00:00,10347514,10355301,10344410,10351852,1.972
2026-07-12 22:15:00,10350090,10360943,10347741,10353003,5.83
2026-07-12 22:30:00,10353931,10362779,10350002,10352600,4.358
2026-07-12 22:45:00,10352375,10353578,10344105,10349066,2.534
2026-07-12 23:00:00,10349066,10351086,10337697,10340725,2.832
2026-07-12 23:15:00,10339027,10345594,10338626,10345069,2.296
2026-07-12 23:30:00,10346520,10357000,10345779,10354508,3.36
2026-07-12 23:45:00,10354502,10393860,10351040,10373904,15.094
2026-07-13 00:00:00,10373799,10385688,10365000,10374574,3.604
2026-07-13 00:15:00,10372483,10382150,10366000,10378447,2.486
2026-07-13 00:30:00,10377222,10382421,10363000,10365547,8.896
2026-07-13 00:45:00,10366739,10377614,10363920,10372105,7.254
2026-07-13 01:00:00,10372880,10378000,10352220,10353383,14.354
2026-07-13 01:15:00,10357755,10375000,10357470,10374142,4.218
2026-07-13 01:30:00,10375802,10375813,10360823,10366555,2.678
2026-07-13 01:45:00,10365287,10374470,10362471,10372504,2.434
2026-07-13 02:00:00,10373389,10375048,10365211,10368822,3.838
2026-07-13 02:15:00,10367853,10371751,10365986,10365986,1.392
2026-07-13 02:30:00,10364107,10375079,10363378,10372406,3.028
2026-07-13 02:45:00,10372025,10372025,10347583,10356194,5.544
2026-07-13 03:00:00,10358000,10363959,10347255,10352000,4.882
2026-07-13 03:15:00,10351300,10360054,10346739,10354818,1.712
2026-07-13 03:30:00,10354282,10368000,10354084,10365536,3.674
2026-07-13 03:45:00,10366774,10369823,10362866,10368516,2.482
2026-07-13 04:00:00,10368339,10380264,10368339,10372532,3.968
2026-07-13 04:15:00,10371920,10378116,10371806,10376236,1.302
2026-07-13 04:30:00,10372243,10375287,10368765,10372239,0.942
2026-07-13 04:45:00,10369459,10387656,10369040,10382000,3.406
2026-07-13 05:00:00,10381999,10385000,10373143,10374137,3.158
2026-07-13 05:15:00,10374424,10378729,10370475,10377275,1.518
2026-07-13 05:30:00,10378548,10380987,10371821,10380987,1.254
2026-07-13 05:45:00,10379259,10380907,10374758,10377113,4.116
2026-07-13 06:00:00,10378431,10383278,10374826,10377584,3.566
2026-07-13 06:15:00,10376669,10379040,10358123,10361602,5.728
2026-07-13 06:30:00,10359829,10359829,10348678,10354768,3.99
2026-07-13 06:45:00,10354227,10357035,10329971,10337480,9.893
2026-07-13 07:00:00,10334880,10337959,10310112,10330036,12.783
2026-07-13 07:15:00,10333325,10341197,10307559,10335746,7.393
2026-07-13 07:30:00,10334698,10341220,10325439,10329077,4.496
2026-07-13 07:45:00,10325796,10357016,10316725,10353584,6.95
2026-07-13 08:00:00,10349982,10355029,10318798,10335021,8.997
2026-07-13 08:15:00,10337099,10341067,10330079,10337523,2.034
2026-07-13 08:30:00,10335925,10342036,10324316,10333737,4.102
2026-07-13 08:45:00,10332753,10334184,10313150,10322500,5.128
2026-07-13 09:00:00,10321516,10408720,10309040,10404202,33.364
2026-07-13 09:15:00,10405000,10426443,10386168,10390537,25.517
2026-07-13 09:30:00,10391935,10392287,10290979,10331783,37.171
2026-07-13 09:45:00,10332053,10386462,10332053,10378640,17.897
2026-07-13 10:00:00,10381090,10381631,10317485,10347625,19.824
2026-07-13 10:15:00,10347954,10368003,10318405,10321750,16.525
2026-07-13 10:30:00,10321330,10329744,10294637,10314303,11.033
2026-07-13 10:45:00,10313209,10314993,10266250,10268328,18.259
2026-07-13 11:00:00,10268864,10282160,10246038,10271479,25.451
2026-07-13 11:15:00,10277770,10296690,10266268,10282089,15.09
2026-07-13 11:30:00,10281288,10285989,10267137,10280258,5.889
2026-07-13 11:45:00,10278828,10281512,10262000,10268016,7.346
2026-07-13 12:00:00,10266662,10271166,10192000,10211121,43.558
2026-07-13 12:15:00,10211594,10224232,10176880,10219563,30.044
2026-07-13 12:30:00,10217127,10218320,10165121,10174365,37.235
2026-07-13 12:45:00,10174055,10188080,10170700,10175313,8.686
2026-07-13 13:00:00,10174556,10184400,10155817,10174219,8.398
2026-07-13 13:15:00,10179477,10191993,10179413,10183216,4.194
2026-07-13 13:30:00,10182537,10184389,10141964,10159483,15.424
2026-07-13 13:45:00,10159408,10166996,10145265,10147657,6.032
2026-07-13 14:00:00,10150499,10185839,10123078,10170744,27.564
2026-07-13 14:15:00,10171904,10176071,10141827,10149000,9.441
2026-07-13 14:30:00,10145931,10178150,10131292,10176026,8.918
2026-07-13 14:45:00,10175893,10188640,10167648,10186793,8.759
2026-07-13 15:00:00,10189188,10204319,10182157,10184720,20.42
2026-07-13 15:15:00,10187628,10196525,10171725,10196525,8.502
2026-07-13 15:30:00,10198805,10201998,10181681,10194248,7.565
2026-07-13 15:45:00,10194696,10199280,10184492,10187037,8.258
2026-07-13 16:00:00,10189255,10192862,10171970,10178337,20.017
2026-07-13 16:15:00,10178004,10207777,10176757,10201925,9.568
2026-07-13 16:30:00,10200466,10220394,10195361,10209408,11.349
2026-07-13 16:45:00,10209348,10218472,10202336,10205124,4.611
2026-07-13 17:00:00,10205845,10213674,10192847,10207660,10.938
2026-07-13 17:15:00,10207155,10219395,10196830,10217807,6.044
2026-07-13 17:30:00,10217807,10226464,10202857,10223561,6.839
2026-07-13 17:45:00,10222953,10245994,10221354,10232898,8.272
2026-07-13 18:00:00,10234919,10237298,10223511,10223835,3.392
2026-07-13 18:15:00,10224760,10224760,10211044,10214436,7.076
2026-07-13 18:30:00,10215799,10217461,10208800,10213232,15.362
2026-07-13 18:45:00,10211766,10217555,10210000,10216027,7.238
2026-07-13 19:00:00,10217283,10217554,10212354,10213000,4.308
2026-07-13 19:15:00,10214277,10225521,10213765,10218531,3.296
2026-07-13 19:30:00,10218531,10225130,10187663,10192353,21.694
2026-07-13 19:45:00,10190478,10199189,10177730,10177730,9.615
2026-07-13 20:00:00,10179004,10222366,10179004,10215102,8.802
2026-07-13 20:15:00,10214310,10217458,10201076,10204864,4.402
2026-07-13 20:30:00,10202890,10205210,10194194,10196394,2.994
2026-07-13 20:45:00,10193733,10197701,10187638,10187638,4.628
2026-07-13 21:00:00,10189859,10202189,10176756,10183148,9.13
2026-07-13 21:15:00,10183175,10189733,10163000,10166780,14.154
2026-07-13 21:30:00,10169000,10174180,10137680,10143379,10.869
2026-07-13 21:45:00,10144542,10155231,10133473,10143272,17.715
2026-07-13 22:00:00,10140000,10149778,10126434,10127094,11.567
2026-07-13 22:15:00,10125297,10139353,10103416,10128198,14.185
2026-07-13 22:30:00,10130323,10168230,10088960,10105132,36.137
2026-07-13 22:45:00,10100529,10114299,10075871,10103235,25.41
2026-07-13 23:00:00,10103612,10124541,10095626,10122136,13.287
2026-07-13 23:15:00,10120841,10164404,10076396,10148807,29.668
2026-07-13 23:30:00,10149255,10166804,10133452,10157678,16.468
2026-07-13 23:45:00,10153749,10187554,10153749,10184485,10.51
2026-07-14 00:00:00,10188154,10197712,10168032,10187321,12.016
2026-07-14 00:15:00,10186416,10218202,10180186,10189383,11.755
2026-07-14 00:30:00,10185773,10193478,10145587,10160000,9.884
2026-07-14 00:45:00,10155019,10168033,10148040,10157434,5.884
2026-07-14 01:00:00,10155822,10157644,10139988,10142166,3.674
2026-07-14 01:15:00,10143161,10143161,10105000,10116929,17.946
2026-07-14 01:30:00,10117003,10129524,10096442,10120766,7.092
2026-07-14 01:45:00,10127075,10133947,10102328,10109287,6.846
2026-07-14 02:00:00,10110773,10123147,10106222,10117245,6.336
2026-07-14 02:15:00,10114337,10116517,10090206,10093223,5.502
2026-07-14 02:30:00,10092752,10101760,10060400,10081940,11.933
2026-07-14 02:45:00,10083264,10096193,10050000,10050763,16.722
2026-07-14 03:00:00,10052257,10071795,10047000,10052196,8.832
2026-07-14 03:15:00,10052492,10070480,10040000,10057600,12.685
2026-07-14 03:30:00,10056072,10065440,10050121,10065091,4.578
2026-07-14 03:45:00,10065580,10079000,10061102,10063487,4.01
2026-07-14 04:00:00,10067759,10079657,10058886,10075685,2.678
2026-07-14 04:15:00,10077394,10081581,10062757,10066909,5.038
2026-07-14 04:30:00,10068423,10095069,10068423,10095069,2.854
2026-07-14 04:45:00,10092798,10116400,10087698,10114000,13.836
2026-07-14 05:00:00,10114000,10119114,10100000,10104081,8.447
2026-07-14 05:15:00,10102695,10102695,10080599,10102609,17.88
2026-07-14 05:30:00,10103201,10110000,10097000,10097564,4.22
2026-07-14 05:45:00,10095745,10103000,10075000,10100000,5.822
2026-07-14 06:00:00,10101476,10103023,10070700,10083713,12.442
2026-07-14 06:15:00,10083713,10090000,10065000,10071746,6.828
2026-07-14 06:30:00,10070280,10079528,10051000,10064547,8.472
2026-07-14 06:45:00,10066707,10085000,10054670,10076751,9.028
2026-07-14 07:00:00,10075234,10100157,10075000,10093451,9.25
2026-07-14 07:15:00,10095507,10104167,10085548,10090619,9.242
2026-07-14 07:30:00,10090797,10095983,10067739,10073013,4.268
2026-07-14 07:45:00,10073370,10075085,10040000,10051584,14.012
2026-07-14 08:00:00,10052726,10072405,10040000,10071383,19.614
2026-07-14 08:15:00,10070550,10099396,10070550,10085544,6.344
2026-07-14 08:30:00,10086031,10093514,10075555,10079847,7.626
2026-07-14 08:45:00,10077985,10117517,10077450,10112680,10.744
2026-07-14 09:00:00,10116405,10138750,10105054,10130392,7.99
2026-07-14 09:15:00,10129409,10129409,10111688,10121437,2.914
2026-07-14 09:30:00,10123449,10136873,10102961,10105952,7.618
2026-07-14 09:45:00,10105952,10164000,10105952,10144749,23.228
2026-07-14 10:00:00,10145988,10149743,10129075,10134738,3.124
2026-07-14 10:15:00,10136126,10158116,10135625,10144217,6.46
2026-07-14 10:30:00,10144568,10149230,10130207,10135330,4.88
2026-07-14 10:45:00,10137523,10146394,10135000,10142699,2.725
2026-07-14 11:00:00,10140122,10155000,10134241,10137257,8.582
2026-07-14 11:15:00,10134524,10140110,10106050,10115276,11.012
2026-07-14 11:30:00,10117648,10151000,10114840,10146872,5.304
2026-07-14 11:45:00,10146818,10158997,10135752,10138496,7.196
2026-07-14 12:00:00,10142853,10150935,10111298,10118151,6.347
2026-07-14 12:15:00,10119638,10131783,10106312,10130010,7.142
2026-07-14 12:30:00,10127849,10138404,10117795,10124828,8.136
2026-07-14 12:45:00,10124980,10145876,10124743,10143266,2.66
2026-07-14 13:00:00,10145000,10160000,10138557,10143528,6.825
2026-07-14 13:15:00,10145140,10160777,10141646,10156181,4.16
2026-07-14 13:30:00,10158099,10180000,10158052,10168136,7.761
2026-07-14 13:45:00,10167984,10177784,10164902,10174098,2.815
2026-07-14 14:00:00,10173087,10193409,10164762,10188992,16.327
2026-07-14 14:15:00,10188998,10194447,10175574,10190831,11.704
2026-07-14 14:30:00,10195433,10195927,10169028,10174620,6.682
2026-07-14 14:45:00,10176146,10180652,10163977,10171305,7.124
2026-07-14 15:00:00,10169731,10174524,10162030,10162030,8.994
2026-07-14 15:15:00,10162030,10174878,10162030,10170612,2.524
2026-07-14 15:30:00,10172930,10183083,10160000,10173884,7.727
2026-07-14 15:45:00,10174291,10174639,10150000,10159639,7.876
2026-07-14 16:00:00,10159604,10163999,10145458,10153561,4.301
2026-07-14 16:15:00,10154030,10161821,10147207,10159823,5.522
2026-07-14 16:30:00,10154362,10162780,10146123,10146834,3.542
2026-07-14 16:45:00,10148354,10150568,10139054,10146704,2.47
2026-07-14 17:00:00,10147652,10153434,10139576,10146919,4.246
2026-07-14 17:15:00,10147429,10167028,10147429,10164547,2.866
2026-07-14 17:30:00,10160000,10184113,10159740,10176045,16.095
2026-07-14 17:45:00,10174961,10179234,10157733,10166277,5.522
2026-07-14 18:00:00,10166845,10172247,10157606,10162883,3.482
2026-07-14 18:15:00,10162000,10167388,10154150,10155913,7.046
2026-07-14 18:30:00,10156448,10156940,10134596,10141894,5.712
2026-07-14 18:45:00,10139950,10154241,10134006,10149142,3.982
2026-07-14 19:00:00,10149142,10166666,10147324,10163953,3.976
2026-07-14 19:15:00,10164368,10165535,10151004,10153629,7.106
2026-07-14 19:30:00,10155264,10178000,10145148,10177154,5.454
2026-07-14 19:45:00,10175748,10194570,10172925,10181020,13.235
2026-07-14 20:00:00,10179425,10179964,10163593,10174116,4.356
2026-07-14 20:15:00,10174804,10190078,10171036,10187767,5.827
2026-07-14 20:30:00,10187767,10197474,10178547,10184940,8.653
2026-07-14 20:45:00,10182830,10187564,10179120,10180143,4.867
2026-07-14 21:00:00,10183374,10186970,10170369,10181937,6.971
2026-07-14 21:15:00,10182054,10223480,10178067,10200455,21.649
2026-07-14 21:30:00,10195928,10307503,10194240,10275395,87.86
2026-07-14 21:45:00,10276000,10350000,10276000,10347000,54.474
2026-07-14 22:00:00,10348209,10349132,10310668,10318170,16.638
2026-07-14 22:15:00,10321666,10380000,10318170,10342841,41.242
2026-07-14 22:30:00,10343899,10347841,10306800,10319927,18.383
2026-07-14 22:45:00,10318148,10340416,10305000,10326812,18.464
2026-07-14 23:00:00,10327670,10334228,10290002,10333141,30.116
2026-07-14 23:15:00,10330675,10346106,10319488,10343269,16.77
2026-07-14 23:30:00,10342402,10368597,10336548,10362391,15.727
2026-07-14 23:45:00,10359854,10413067,10340176,10403566,19.305
2026-07-15 00:00:00,10406500,10420000,10384237,10389469,19.569
2026-07-15 00:15:00,10389469,10450000,10385000,10435139,21.069
2026-07-15 00:30:00,10436678,10525000,10434775,10490079,59.578
2026-07-15 00:45:00,10490082,10507217,10466198,10489857,19.028
2026-07-15 01:00:00,10492048,10521826,10472566,10493197,29.856
2026-07-15 01:15:00,10492485,10517838,10479888,10507933,9.996
2026-07-15 01:30:00,10505568,10520049,10500647,10501819,15.012
2026-07-15 01:45:00,10502554,10512435,10489384,10490668,7.734
2026-07-15 02:00:00,10489560,10489560,10425965,10478186,26.392
2026-07-15 02:15:00,10481008,10488798,10444568,10465391,7.464
2026-07-15 02:30:00,10462291,10466949,10448790,10462252,5.502
2026-07-15 02:45:00,10460333,10492719,10457797,10477013,8.831
2026-07-15 03:00:00,10477040,10479712,10456147,10456514,5.426
2026-07-15 03:15:00,10456985,10470550,10456985,10465497,3.342
2026-07-15 03:30:00,10463841,10484877,10459288,10475961,8.092
2026-07-15 03:45:00,10479459,10487721,10467859,10468843,2.922
2026-07-15 04:00:00,10468843,10480772,10465650,10475394,3.424
2026-07-15 04:15:00,10473709,10492246,10466503,10469950,5.094
2026-07-15 04:30:00,10466299,10467605,10454257,10462785,6.656
2026-07-15 04:45:00,10462630,10485739,10462630,10468719,5.368
2026-07-15 05:00:00,10473346,10475253,10455384,10457442,5.84
2026-07-15 05:15:00,10456607,10464771,10453662,10456012,2.218
2026-07-15 05:30:00,10457555,10466109,10450272,10466109,4.247
2026-07-15 05:45:00,10465932,10481484,10456059,10474383,13.756
2026-07-15 06:00:00,10473394,10478803,10463951,10477527,3.746
2026-07-15 06:15:00,10478394,10487374,10474877,10485256,8.914
2026-07-15 06:30:00,10486295,10525000,10485424,10498079,11.926
2026-07-15 06:45:00,10496069,10502111,10476694,10485040,8.25
2026-07-15 07:00:00,10485532,10485902,10459920,10462012,6.623
2026-07-15 07:15:00,10464487,10560000,10464417,10527104,50.172
2026-07-15 07:30:00,10530483,10541898,10524216,10527000,10.53
2026-07-15 07:45:00,10527935,10534287,10517360,10518545,14.904
2026-07-15 08:00:00,10518689,10548539,10503176,10542241,27.457
2026-07-15 08:15:00,10541000,10541449,10517422,10520771,4.088
2026-07-15 08:30:00,10521959,10542206,10520117,10538847,5.796
2026-07-15 08:45:00,10541415,10549839,10533896,10545943,6.032
2026-07-15 09:00:00,10547131,10549314,10526764,10528329,8.742
2026-07-15 09:15:00,10528329,10529190,10511736,10519776,10.854
2026-07-15 09:30:00,10520337,10520659,10502879,10508637,12.055
2026-07-15 09:45:00,10509999,10517314,10506897,10511163,2.984
2026-07-15 10:00:00,10511199,10511199,10488295,10488295,10.994
2026-07-15 10:15:00,10490031,10508069,10478802,10503229,7.662
2026-07-15 10:30:00,10505713,10505713,10475923,10483614,11.026
2026-07-15 10:45:00,10486890,10486912,10473958,10479079,2.632
2026-07-15 11:00:00,10478359,10494491,10474620,10488102,5.84
2026-07-15 11:15:00,10488439,10488439,10456920,10457981,9.282
2026-07-15 11:30:00,10457981,10465280,10450314,10464000,7.224
2026-07-15 11:45:00,10463006,10464122,10453627,10454804,2.288
2026-07-15 12:00:00,10454524,10484319,10453617,10479012,8.402
2026-07-15 12:15:00,10475740,10478504,10469107,10476940,4.478
2026-07-15 12:30:00,10476872,10502239,10472331,10491965,16.9
2026-07-15 12:45:00,10489608,10515435,10485917,10505410,10.985
2026-07-15 13:00:00,10504580,10519913,10499262,10513398,10.659
2026-07-15 13:15:00,10509514,10515982,10502055,10502116,4.435
2026-07-15 13:30:00,10500738,10514111,10491687,10508898,4.208
2026-07-15 13:45:00,10512629,10520332,10497364,10500862,7.498
2026-07-15 14:00:00,10503071,10512325,10474817,10477100,8.498
2026-07-15 14:15:00,10476292,10492758,10476292,10482607,8.573
2026-07-15 14:30:00,10483412,10500000,10483412,10489679,7.716
2026-07-15 14:45:00,10489167,10531809,10487934,10529818,17.533
2026-07-15 15:00:00,10530000,10543680,10516199,10541476,20.89
2026-07-15 15:15:00,10542538,10544483,10525319,10532000,9.58
2026-07-15 15:30:00,10533768,10582581,10530362,10540000,31.746
2026-07-15 15:45:00,10538846,10543225,10503791,10507413,15.914
2026-07-15 16:00:00,10507521,10522651,10496407,10519073,10.225
2026-07-15 16:15:00,10520536,10522422,10458688,10466820,22.172
2026-07-15 16:30:00,10468177,10488353,10464846,10479221,12.571
2026-07-15 16:45:00,10479219,10484287,10470243,10470634,5.206
2026-07-15 17:00:00,10473044,10494997,10470953,10480849,8.862
2026-07-15 17:15:00,10482920,10492828,10478865,10488730,3.467
2026-07-15 17:30:00,10488926,10506602,10483865,10503589,5.346
2026-07-15 17:45:00,10505071,10513853,10495520,10508572,10.38
2026-07-15 18:00:00,10507782,10522329,10505683,10520466,5.019
2026-07-15 18:15:00,10518370,10533627,10516720,10519200,6.175
2026-07-15 18:30:00,10515704,10517253,10496086,10500805,3.41
2026-07-15 18:45:00,10500883,10504066,10490711,10493021,2.17
2026-07-15 19:00:00,10493782,10525569,10490723,10515740,7.658
2026-07-15 19:15:00,10517938,10518341,10492296,10493253,6.122
2026-07-15 19:30:00,10496162,10505078,10487979,10499663,3.415
2026-07-15 19:45:00,10496508,10501050,10493152,10495620,2.508
2026-07-15 20:00:00,10496101,10511561,10486267,10505855,3.414
2026-07-15 20:15:00,10502794,10505648,10488175,10491615,3.672
2026-07-15 20:30:00,10490927,10506160,10490927,10500539,4.066
2026-07-15 20:45:00,10503158,10508047,10492160,10503623,7.354
2026-07-15 21:00:00,10502745,10508959,10489996,10503975,11.175
2026-07-15 21:15:00,10505177,10510570,10484382,10496315,6.907
2026-07-15 21:30:00,10496398,10539805,10495264,10505371,38.909
2026-07-15 21:45:00,10505371,10576085,10504827,10559093,25.756
2026-07-15 22:00:00,10559101,10607486,10557784,10603308,44.127
2026-07-15 22:15:00,10600838,10633156,10585874,10590000,29.569
2026-07-15 22:30:00,10593584,10625161,10580000,10585490,24.03
2026-07-15 22:45:00,10585175,10585362,10520000,10557465,44.29
2026-07-15 23:00:00,10556695,10601133,10548444,10582903,19.573
2026-07-15 23:15:00,10583060,10602486,10548381,10587017,30.992
2026-07-15 23:30:00,10588354,10616816,10580080,10593519,24.623
2026-07-15 23:45:00,10595326,10613276,10586099,10594909,5.496
2026-07-16 00:00:00,10595291,10610971,10570000,10598241,10.5
2026-07-16 00:15:00,10597786,10601000,10576007,10589682,11.309
2026-07-16 00:30:00,10589788,10620039,10582000,10605000,10.229
2026-07-16 00:45:00,10605000,10626090,10587511,10598559,10.664
2026-07-16 01:00:00,10602557,10605462,10546677,10548365,11.499
2026-07-16 01:15:00,10548080,10563627,10538261,10557720,12.51
2026-07-16 01:30:00,10558528,10558528,10496796,10521379,11.499
2026-07-16 01:45:00,10523740,10553016,10521076,10551458,13.092
2026-07-16 02:00:00,10553617,10556419,10532480,10534846,6.236
2026-07-16 02:15:00,10535639,10541284,10525750,10535204,7.482
2026-07-16 02:30:00,10537320,10545332,10523280,10531906,12.778
2026-07-16 02:45:00,10534216,10558142,10523464,10535586,28.703
2026-07-16 03:00:00,10532419,10546834,10511201,10541775,10.999
2026-07-16 03:15:00,10540247,10540247,10522714,10529611,3.246
2026-07-16 03:30:00,10529611,10539444,10521383,10521514,1.754
2026-07-16 03:45:00,10521514,10529264,10500695,10505540,6.374
2026-07-16 04:00:00,10505540,10518820,10503191,10518616,2.018
2026-07-16 04:15:00,10510469,10511701,10487681,10510047,3.902
2026-07-16 04:30:00,10510741,10538440,10509669,10537820,3.194
2026-07-16 04:45:00,10536730,10544431,10526008,10536759,4.581
2026-07-16 05:00:00,10537949,10539336,10524632,10533950,5.622
2026-07-16 05:15:00,10533898,10544942,10533898,10540999,1.67
2026-07-16 05:30:00,10542231,10550310,10538809,10538809,2.876
2026-07-16 05:45:00,10540134,10540868,10534326,10538000,3.552
2026-07-16 06:00:00,10537011,10541629,10511544,10524657,16.055
2026-07-16 06:15:00,10522146,10528000,10511768,10512513,3.316
2026-07-16 06:30:00,10512665,10519723,10503428,10508922,5.673
2026-07-16 06:45:00,10507285,10513798,10503976,10509866,4.485
2026-07-16 07:00:00,10510655,10517439,10501686,10505399,7.395
2026-07-16 07:15:00,10503532,10519501,10496721,10516953,3.68
2026-07-16 07:30:00,10517436,10527668,10513086,10517264,4.394
2026-07-16 07:45:00,10517226,10530000,10509782,10512503,6.245
2026-07-16 08:00:00,10511723,10527675,10510269,10520004,2.364
2026-07-16 08:15:00,10519247,10521746,10504750,10506355,4.109
2026-07-16 08:30:00,10509901,10510937,10484962,10490449,6.252
2026-07-16 08:45:00,10488837,10502595,10480716,10493078,5.908
2026-07-16 09:00:00,10491315,10511980,10489791,10506345,7.89
2026-07-16 09:15:00,10504884,10508810,10459009,10461253,19.564
2026-07-16 09:30:00,10461253,10471244,10451277,10455408,14.866
2026-07-16 09:45:00,10457499,10480377,10453763,10465556,10.205
2026-07-16 10:00:00,10467346,10478124,10462897,10473120,4.635
2026-07-16 10:15:00,10468252,10469760,10433481,10456807,19.489
2026-07-16 10:30:00,10458995,10485000,10458219,10467431,16.57
2026-07-16 10:45:00,10466958,10503556,10463325,10484780,14.881
2026-07-16 11:00:00,10486340,10489548,10476253,10480004,5.534
2026-07-16 11:15:00,10479001,10483517,10468353,10479013,3.066
2026-07-16 11:30:00,10479611,10481004,10465572,10467464,6.512
2026-07-16 11:45:00,10468277,10482254,10466452,10476528,3.144
2026-07-16 12:00:00,10474552,10488737,10468000,10485178,6.61
2026-07-16 12:15:00,10483368,10486560,10461436,10479178,10.323
2026-07-16 12:30:00,10479034,10488000,10474485,10477289,3.618
2026-07-16 12:45:00,10475329,10475975,10458219,10465514,6.258
2026-07-16 13:00:00,10466550,10475649,10462086,10473054,2.218
2026-07-16 13:15:00,10472569,10475360,10457659,10473609,4.746
2026-07-16 13:30:00,10472549,10480582,10463793,10468527,2.072
2026-07-16 13:45:00,10467252,10472051,10461447,10470496,4.924
2026-07-16 14:00:00,10470819,10490183,10463919,10488879,4.638
2026-07-16 14:15:00,10492130,10524354,10489448,10519826,14.548
2026-07-16 14:30:00,10518956,10529500,10506505,10515240,9.452
2026-07-16 14:45:00,10517508,10520146,10509915,10519246,3.224
2026-07-16 15:00:00,10519373,10527477,10505726,10509212,9.112
2026-07-16 15:15:00,10508557,10516231,10497139,10502914,3.086
2026-07-16 15:30:00,10502959,10503439,10472595,10487339,8.469
2026-07-16 15:45:00,10485791,10497914,10482044,10493614,4.846
2026-07-16 16:00:00,10489198,10492890,10468260,10468260,5.538
2026-07-16 16:15:00,10468260,10468779,10447013,10451740,16.753
2026-07-16 16:30:00,10450878,10451606,10400001,10403988,19.512
2026-07-16 16:45:00,10404333,10414240,10381042,10403230,27.96
2026-07-16 17:00:00,10403229,10408871,10361808,10364715,15.8
2026-07-16 17:15:00,10364715,10400880,10350865,10399760,36.025
2026-07-16 17:30:00,10397669,10430464,10392996,10395631,18.202
2026-07-16 17:45:00,10394705,10408440,10383637,10394112,6.85
2026-07-16 18:00:00,10398390,10404407,10390879,10392554,4.513
2026-07-16 18:15:00,10393057,10397125,10379479,10380009,9.402
2026-07-16 18:30:00,10380000,10399194,10378882,10394588,7.189
2026-07-16 18:45:00,10392803,10398640,10380167,10386834,7.559
2026-07-16 19:00:00,10388162,10408405,10385141,10399072,7.063
2026-07-16 19:15:00,10400917,10414234,10396985,10411703,4.327
2026-07-16 19:30:00,10412669,10419000,10404180,10406950,3.986
2026-07-16 19:45:00,10407757,10412421,10400482,10411749,3.343
2026-07-16 20:00:00,10411271,10411536,10390370,10401343,6.503
2026-07-16 20:15:00,10402613,10418553,10387046,10403960,7.738
2026-07-16 20:30:00,10402045,10417513,10396207,10417513,2.926
2026-07-16 20:45:00,10416707,10417835,10395343,10412715,7.306
2026-07-16 21:00:00,10412828,10414612,10398686,10405130,4.614
2026-07-16 21:15:00,10403361,10407040,10390803,10407040,10.85
2026-07-16 21:30:00,10407721,10411199,10362730,10364244,13.252
2026-07-16 21:45:00,10364886,10390000,10361115,10375967,15.195
2026-07-16 22:00:00,10375967,10395699,10374408,10393107,4.995
2026-07-16 22:15:00,10392173,10417703,10387473,10417500,6.578
2026-07-16 22:30:00,10417603,10454938,10405000,10405934,15.785
2026-07-16 22:45:00,10408495,10448401,10400000,10442938,12.442
2026-07-16 23:00:00,10441521,10499960,10435786,10488553,21.628
2026-07-16 23:15:00,10486430,10522166,10473680,10508830,13.601
2026-07-16 23:30:00,10506609,10519771,10488800,10504087,12.081
2026-07-16 23:45:00,10506243,10506243,10450395,10472885,29.127
2026-07-17 00:00:00,10475270,10481641,10437190,10450214,13.082
2026-07-17 00:15:00,10451242,10536400,10443485,10520604,29.411
2026-07-17 00:30:00,10519374,10522657,10494691,10503213,23.769
2026-07-17 00:45:00,10506905,10522165,10488437,10500409,7.638
2026-07-17 01:00:00,10500678,10501185,10465000,10472070,11.065
2026-07-17 01:15:00,10471944,10488468,10455877,10480948,5.531
2026-07-17 01:30:00,10484418,10501107,10451938,10453519,8.064
2026-07-17 01:45:00,10454083,10480052,10444034,10468887,5.716
2026-07-17 02:00:00,10469818,10469818,10420000,10422519,8.773
2026-07-17 02:15:00,10422532,10432130,10410440,10430117,9.183
2026-07-17 02:30:00,10430960,10439381,10415338,10415403,1.43
2026-07-17 02:45:00,10418176,10421599,10389992,10398768,13.448
2026-07-17 03:00:00,10401904,10427907,10399504,10422341,3.662
2026-07-17 03:15:00,10419362,10443918,10415300,10425121,3.928
2026-07-17 03:30:00,10424921,10428031,10406554,10412645,4.684
2026-07-17 03:45:00,10418309,10442421,10415430,10431030,3.354
2026-07-17 04:00:00,10429978,10437152,10423148,10425780,4.594
2026-07-17 04:15:00,10425580,10434882,10419316,10434019,5.63
2026-07-17 04:30:00,10431309,10436437,10421868,10423242,2.876
2026-07-17 04:45:00,10420828,10434406,10413409,10431444,4.37
2026-07-17 05:00:00,10430389,10433454,10418138,10418138,2.836
2026-07-17 05:15:00,10418664,10425761,10406480,10414713,5.417
2026-07-17 05:30:00,10414776,10419406,10406159,10410967,2.788
2026-07-17 05:45:00,10410052,10411397,10401871,10406008,3.552
2026-07-17 06:00:00,10405913,10420979,10404300,10416455,5.328
2026-07-17 06:15:00,10416286,10422387,10407600,10412702,18.453
2026-07-17 06:30:00,10409500,10425000,10408694,10421068,5.85
2026-07-17 06:45:00,10422007,10422007,10408641,10411841,3.884
2026-07-17 07:00:00,10414659,10425981,10409077,10416770,5.578
2026-07-17 07:15:00,10416011,10416011,10387762,10389320,5.174
2026-07-17 07:30:00,10391153,10415059,10388762,10398369,14.947
2026-07-17 07:45:00,10398133,10400124,10378338,10380416,7.47
2026-07-17 08:00:00,10377196,10385867,10370000,10371687,7.158
2026-07-17 08:15:00,10371687,10371687,10345000,10352564,12.969
2026-07-17 08:30:00,10353201,10360656,10342380,10360649,7.11
2026-07-17 08:45:00,10357683,10372307,10351566,10359269,5.128
2026-07-17 09:00:00,10359446,10362435,10348303,10354719,7.131
2026-07-17 09:15:00,10354093,10373175,10349224,10354177,7.714
2026-07-17 09:30:00,10354252,10354252,10321853,10351317,13.895
2026-07-17 09:45:00,10352874,10370000,10352874,10368547,6.318
2026-07-17 10:00:00,10370893,10402362,10367844,10388000,10.836
2026-07-17 10:15:00,10388000,10391887,10360000,10384030,5.126
2026-07-17 10:30:00,10387440,10387440,10346357,10349057,7.318
2026-07-17 10:45:00,10345291,10349456,10308335,10321808,44.122
2026-07-17 11:00:00,10316413,10331440,10299604,10326723,28.03
2026-07-17 11:15:00,10325511,10333716,10307863,10316896,6.41
2026-07-17 11:30:00,10314263,10319683,10287989,10301660,12.942
2026-07-17 11:45:00,10302000,10305000,10287189,10302813,4.718
2026-07-17 12:00:00,10302819,10331328,10300677,10324244,13.247
2026-07-17 12:15:00,10322473,10340000,10321444,10332794,10.176
2026-07-17 12:30:00,10330310,10335986,10318341,10323861,11.404
2026-07-17 12:45:00,10326572,10326768,10310065,10315567,8.764
2026-07-17 13:00:00,10316419,10316834,10300288,10307849,5.624
2026-07-17 13:15:00,10306952,10313761,10272080,10289682,13.835
2026-07-17 13:30:00,10288522,10305582,10280025,10302064,7.018
2026-07-17 13:45:00,10303437,10320000,10301094,10304815,6.998
2026-07-17 14:00:00,10301596,10301596,10283922,10299099,8.136
2026-07-17 14:15:00,10297433,10298321,10256960,10263086,22.734
2026-07-17 14:30:00,10263086,10266981,10220899,10220899,26.286
2026-07-17 14:45:00,10221514,10223100,10199490,10207912,34.384
2026-07-17 15:00:00,10204050,10232271,10193289,10202480,23.592
2026-07-17 15:15:00,10201465,10221120,10180000,10219515,42.728
2026-07-17 15:30:00,10217203,10225000,10199652,10203481,21.349
2026-07-17 15:45:00,10203792,10213097,10197000,10213097,7.13
2026-07-17 16:00:00,10209484,10209484,10195072,10199853,4.645
2026-07-17 16:15:00,10199979,10210329,10184551,10206417,13.53
2026-07-17 16:30:00,10206569,10219923,10197040,10207674,15.042
2026-07-17 16:45:00,10207021,10215403,10192703,10196598,8.279
2026-07-17 17:00:00,10195392,10211247,10185106,10209222,7.651
2026-07-17 17:15:00,10211330,10211330,10184768,10198478,8.338
2026-07-17 17:30:00,10197878,10199030,10177315,10199030,22.968
2026-07-17 17:45:00,10195324,10217450,10195324,10210879,7.752
2026-07-17 18:00:00,10212290,10230700,10209000,10230224,19.908
2026-07-17 18:15:00,10229964,10235911,10209658,10227809,17.694
2026-07-17 18:30:00,10227288,10246713,10225481,10245660,6.85
2026-07-17 18:45:00,10244968,10246596,10227169,10228454,5.5
2026-07-17 19:00:00,10231453,10254560,10223976,10248474,10.76
2026-07-17 19:15:00,10248909,10257893,10244756,10253714,7.156
2026-07-17 19:30:00,10252230,10271444,10250000,10267593,5.436
2026-07-17 19:45:00,10267699,10271520,10263105,10263748,4.152
2026-07-17 20:00:00,10263748,10268031,10246875,10247288,5.288
2026-07-17 20:15:00,10246875,10255074,10240138,10252844,5.34
2026-07-17 20:30:00,10252420,10280879,10246389,10278196,9.454
2026-07-17 20:45:00,10278537,10291942,10272289,10282103,8.406
2026-07-17 21:00:00,10282646,10290047,10265369,10272086,12.28
2026-07-17 21:15:00,10273478,10280120,10255715,10257506,11.148
2026-07-17 21:30:00,10258000,10259347,10240000,10248525,10.846
2026-07-17 21:45:00,10248902,10263092,10242843,10250636,6.194
2026-07-17 22:00:00,10251710,10251715,10198473,10205730,17.624
2026-07-17 22:15:00,10206578,10228174,10204803,10211317,27.916
2026-07-17 22:30:00,10214173,10226922,10153093,10162378,40.405
2026-07-17 22:45:00,10161282,10264240,10156437,10256416,36.846
2026-07-17 23:00:00,10256416,10310846,10254947,10289353,30.37
2026-07-17 23:15:00,10288938,10306684,10259940,10265139,18.427
2026-07-17 23:30:00,10266688,10285681,10240292,10273050,13.92
2026-07-17 23:45:00,10271590,10276081,10244520,10255148,13.547
2026-07-18 00:00:00,10254421,10258989,10199840,10210000,20.149
2026-07-18 00:15:00,10213800,10267821,10210726,10267821,17.158
2026-07-18 00:30:00,10267821,10276497,10245202,10258879,10.935
2026-07-18 00:45:00,10262811,10305299,10252939,10304078,9.052
2026-07-18 01:00:00,10305000,10324950,10286957,10308678,14.743
2026-07-18 01:15:00,10308000,10324020,10284271,10310398,11.483
2026-07-18 01:30:00,10311622,10319994,10295791,10318506,4.196
2026-07-18 01:45:00,10320075,10352484,10311794,10327380,13.73
2026-07-18 02:00:00,10327542,10414570,10327068,10386732,24.725
2026-07-18 02:15:00,10381871,10416240,10375680,10396038,13.664
2026-07-18 02:30:00,10394458,10410000,10389649,10396158,6.735
2026-07-18 02:45:00,10397955,10427900,10392009,10398219,14.205
2026-07-18 03:00:00,10398158,10409207,10386174,10404848,7.528
2026-07-18 03:15:00,10403774,10404096,10372320,10383991,15.309
2026-07-18 03:30:00,10382015,10416248,10382015,10415551,9.874
2026-07-18 03:45:00,10415029,10455623,10413984,10433743,19.472
2026-07-18 04:00:00,10434552,10437966,10406559,10410539,8.852
2026-07-18 04:15:00,10409384,10413641,10393624,10409038,6.02
2026-07-18 04:30:00,10410429,10423817,10407356,10422736,7.316
2026-07-18 04:45:00,10422551,10429370,10414651,10417568,4.302
2026-07-18 05:00:00,10414891,10414891,10392716,10393892,3.92
2026-07-18 05:15:00,10392856,10407531,10390481,10401775,5.634
2026-07-18 05:30:00,10400496,10410510,10384335,10410510,5.34
2026-07-18 05:45:00,10412342,10422834,10397978,10407648,7.618
2026-07-18 06:00:00,10409158,10422761,10409158,10419101,6.466
2026-07-18 06:15:00,10417523,10427531,10410326,10414256,5.032
2026-07-18 06:30:00,10414678,10416636,10403572,10407556,5.678
2026-07-18 06:45:00,10407908,10409149,10401456,10409149,7.472
2026-07-18 07:00:00,10411849,10415951,10401943,10405802,7.134
2026-07-18 07:15:00,10405385,10405385,10384923,10385600,8.106
2026-07-18 07:30:00,10385758,10387479,10372320,10381763,8.653
2026-07-18 07:45:00,10382379,10389870,10380405,10387154,4.538
2026-07-18 08:00:00,10386483,10386483,10372043,10376192,3.62
2026-07-18 08:15:00,10373988,10386629,10373988,10386629,9.372
2026-07-18 08:30:00,10386304,10396027,10383560,10388519,6.386
2026-07-18 08:45:00,10387899,10391272,10379600,10382432,5.241
2026-07-18 11:00:00,10384466,10390149,10380792,10388958,0.786
2026-07-18 11:15:00,10390348,10392581,10385840,10390000,2.24
2026-07-18 11:30:00,10390428,10396011,10382288,10385274,3.194
2026-07-18 11:45:00,10384401,10386958,10380233,10386391,3.54
2026-07-18 12:00:00,10386424,10391009,10383287,10391009,2.682
2026-07-18 12:15:00,10391617,10392741,10384687,10386600,1.75
2026-07-18 12:30:00,10385433,10388624,10382608,10385355,2.778
2026-07-18 12:45:00,10386195,10400000,10381591,10395877,5.624
2026-07-18 13:00:00,10396246,10396246,10391062,10393635,2.036
2026-07-18 13:15:00,10394074,10394732,10388082,10391192,2.888
2026-07-18 13:30:00,10390795,10393104,10386192,10388495,1.94
2026-07-18 13:45:00,10389242,10393044,10386160,10391849,3.452
2026-07-18 14:00:00,10392553,10392553,10383007,10386346,3.842
2026-07-18 14:15:00,10385755,10392404,10382391,10389054,5.05
2026-07-18 14:30:00,10390070,10393017,10384297,10388008,1.352
2026-07-18 14:45:00,10386855,10394181,10384100,10387340,3.234
2026-07-18 15:00:00,10388344,10389000,10383000,10387021,2.31
2026-07-18 15:15:00,10388915,10393969,10386545,10389449,2.228
2026-07-18 15:30:00,10388204,10391040,10381823,10388397,4.236
2026-07-18 15:45:00,10388000,10389120,10385212,10385907,2.4
2026-07-18 16:00:00,10386426,10393930,10385492,10389379,5.392
2026-07-18 16:15:00,10390191,10394063,10388900,10394063,2.224
2026-07-18 16:30:00,10392336,10397590,10391011,10396555,4.906
2026-07-18 16:45:00,10396297,10397590,10391302,10391988,1.364
2026-07-18 17:00:00,10394584,10394584,10387071,10390304,3.954
2026-07-18 17:15:00,10391282,10393004,10382000,10390120,11.994
2026-07-18 17:30:00,10392060,10393727,10386000,10386028,3.294
2026-07-18 17:45:00,10389097,10391623,10386694,10391301,2.058
2026-07-18 18:00:00,10391438,10393457,10386999,10388599,4.428
2026-07-18 18:15:00,10387382,10389739,10380772,10382428,1.642
2026-07-18 18:30:00,10381873,10386852,10378951,10386811,2.844
2026-07-18 18:45:00,10386853,10388130,10383296,10387849,1.056
2026-07-18 19:00:00,10387164,10389844,10385532,10389182,0.994
2026-07-18 19:15:00,10388696,10391182,10387061,10389260,1.28
2026-07-18 19:30:00,10388904,10392095,10387440,10390183,2.103
2026-07-18 19:45:00,10388580,10390809,10388000,10388424,0.702
2026-07-18 20:00:00,10387674,10392116,10387674,10391095,1.9
2026-07-18 20:15:00,10392116,10393129,10389165,10391677,0.386
2026-07-18 20:30:00,10393545,10397970,10390539,10394419,3.454
2026-07-18 20:45:00,10394419,10406889,10392100,10399319,2.476
2026-07-18 21:00:00,10400727,10424142,10400727,10412096,8.614
2026-07-18 21:15:00,10412933,10415771,10400000,10408950,5.118
2026-07-18 21:30:00,10407000,10425000,10401393,10419565,7.752
2026-07-18 21:45:00,10419008,10434939,10419008,10429217,10.087
2026-07-18 22:00:00,10424543,10425418,10392347,10396173,5.982
2026-07-18 22:15:00,10395967,10403231,10386428,10403231,4.776
2026-07-18 22:30:00,10402675,10407739,10396516,10401944,3.254
2026-07-18 22:45:00,10401341,10411466,10397643,10411466,7.712
2026-07-18 23:00:00,10412687,10421230,10407384,10421030,3.982
2026-07-18 23:15:00,10415769,10420571,10409910,10419316,3.344
2026-07-18 23:30:00,10421210,10424589,10415693,10420568,3.772
2026-07-18 23:45:00,10420209,10421193,10409159,10412937,2.88
2026-07-19 00:00:00,10413755,10414411,10406816,10409947,5.62
2026-07-19 00:15:00,10409527,10416082,10408698,10409846,9.25
2026-07-19 00:30:00,10409350,10411520,10405317,10407660,8.58
2026-07-19 00:45:00,10406873,10424960,10403131,10422720,22.977
2026-07-19 01:00:00,10423000,10425520,10415424,10424400,8.688
2026-07-19 01:15:00,10424531,10425102,10410999,10417577,6.553
2026-07-19 01:30:00,10415739,10423043,10412815,10415087,3.552
2026-07-19 01:45:00,10414979,10440913,10411950,10436299,20.483
2026-07-19 02:00:00,10437357,10444444,10431464,10444444,3.891
2026-07-19 02:15:00,10442506,10458547,10432669,10436991,8.17
2026-07-19 02:30:00,10436401,10463968,10436222,10459247,4.405
2026-07-19 02:45:00,10457258,10471762,10453612,10469439,10.853
2026-07-19 03:00:00,10471305,10476030,10463600,10463600,6.638
2026-07-19 03:15:00,10466166,10497759,10466165,10483063,8.499
2026-07-19 03:30:00,10478136,10479001,10462480,10464327,9.916
2026-07-19 03:45:00,10465041,10474441,10464744,10469898,5.75
2026-07-19 04:00:00,10470956,10480965,10470908,10477213,7.334
2026-07-19 04:15:00,10476622,10486141,10465544,10465654,7.8
2026-07-19 04:30:00,10469194,10476892,10465280,10471952,9.592
2026-07-19 04:45:00,10471914,10479162,10471785,10476631,3.032
2026-07-19 05:00:00,10479781,10493041,10470243,10490160,12.264
2026-07-19 05:15:00,10490045,10510401,10488346,10499146,9.664
2026-07-19 05:30:00,10497958,10497968,10486127,10492481,8.564
2026-07-19 05:45:00,10493294,10510617,10485000,10506373,6.824
2026-07-19 06:00:00,10504334,10515690,10495893,10515690,11.296
2026-07-19 06:15:00,10516919,10529000,10507799,10509328,15.678
2026-07-19 06:30:00,10509328,10509581,10495255,10495255,6.354
2026-07-19 06:45:00,10497513,10524153,10492516,10513167,9.985
2026-07-19 07:00:00,10512965,10532000,10508101,10520588,7.89
2026-07-19 07:15:00,10520554,10527240,10511613,10511917,4.78
2026-07-19 07:30:00,10511917,10519847,10506724,10516769,5.488
2026-07-19 07:45:00,10517230,10528997,10511878,10525590,8.377
2026-07-19 08:00:00,10525874,10527030,10509745,10513842,3.294
2026-07-19 08:15:00,10513926,10530000,10512774,10527988,9.854
2026-07-19 08:30:00,10527617,10528878,10520014,10526021,3.7
2026-07-19 08:45:00,10524855,10530145,10522201,10526954,7.014
2026-07-19 09:00:00,10528217,10529621,10521753,10524974,2.926
2026-07-19 09:15:00,10524126,10533617,10513440,10514063,6.201
2026-07-19 09:30:00,10516153,10518498,10507840,10509670,11.451
2026-07-19 09:45:00,10511297,10516138,10508812,10514035,4.717
2026-07-19 10:00:00,10514136,10514681,10510000,10512000,1.374
2026-07-19 10:15:00,10512959,10513863,10509578,10510432,4.097
2026-07-19 10:30:00,10511365,10512803,10507437,10508400,2.063
2026-07-19 10:45:00,10510000,10511562,10507840,10509520,1.676
2026-07-19 11:00:00,10508000,10541277,10497200,10527472,18.621
2026-07-19 11:15:00,10530745,10533206,10512437,10518958,5.566
2026-07-19 11:30:00,10519244,10539713,10519244,10524461,4.871
2026-07-19 11:45:00,10523011,10526302,10517886,10519424,3.87
2026-07-19 12:00:00,10520312,10523438,10504000,10509319,5.888
2026-07-19 12:15:00,10508338,10510943,10490871,10500554,10.36
2026-07-19 12:30:00,10501601,10507280,10499203,10501511,6.763
2026-07-19 12:45:00,10501511,10511781,10500088,10510857,4.767
2026-07-19 13:00:00,10510197,10510857,10484320,10496425,8.139
2026-07-19 13:15:00,10496161,10509167,10495681,10506509,5.312
2026-07-19 13:30:00,10508275,10521054,10503450,10517184,3.45
2026-07-19 13:45:00,10515745,10521461,10506957,10507419,4.173
2026-07-19 14:00:00,10509376,10520237,10508052,10518236,6.51
2026-07-19 14:15:00,10518537,10522000,10500835,10500835,5.522
2026-07-19 14:30:00,10503418,10504434,10496000,10500007,3.528
2026-07-19 14:45:00,10499915,10509687,10499722,10505360,3.548
2026-07-19 15:00:00,10504462,10506449,10499552,10505756,3.346
2026-07-19 15:15:00,10506259,10513270,10502230,10506401,10.505
2026-07-19 15:30:00,10508668,10513250,10505444,10508618,1.734
2026-07-19 15:45:00,10509162,10509892,10500560,10508843,6.277
2026-07-19 16:00:00,10505118,10507544,10494960,10499752,8.341
2026-07-19 16:15:00,10500332,10505536,10493840,10503691,8.35
2026-07-19 16:30:00,10501482,10512356,10499101,10510113,3.054
2026-07-19 16:45:00,10511437,10512929,10495199,10504052,10.081
2026-07-19 17:00:00,10505151,10509279,10495911,10503541,12.609
2026-07-19 17:15:00,10501407,10502874,10489283,10497029,6.067
2026-07-19 17:30:00,10496170,10499543,10492477,10492935,2.432
2026-07-19 17:45:00,10494887,10508709,10492304,10501926,2.688
2026-07-19 18:00:00,10504670,10506000,10493681,10495319,2.366
2026-07-19 18:15:00,10494041,10494041,10475981,10481265,5.978
2026-07-19 18:30:00,10480431,10485178,10464538,10471292,9.136
2026-07-19 18:45:00,10470689,10473971,10464181,10469464,7.258
2026-07-19 19:00:00,10468897,10485496,10465168,10482382,7.157
2026-07-19 19:15:00,10480228,10489613,10479956,10487066,4.641
2026-07-19 19:30:00,10487289,10497088,10484929,10496673,5.976
2026-07-19 19:45:00,10496550,10502011,10476107,10482212,7.08
2026-07-19 20:00:00,10481110,10488257,10469760,10481914,6.783
2026-07-19 20:15:00,10483824,10492720,10473133,10477708,11.433
2026-07-19 20:30:00,10476615,10479114,10470901,10474390,1.878
2026-07-19 20:45:00,10475016,10476827,10457659,10464564,9.34
2026-07-19 21:00:00,10461847,10462198,10439215,10439519,7.606
2026-07-19 21:15:00,10440545,10458891,10428973,10434676,16.394
2026-07-19 21:30:00,10436000,10457000,10434024,10454149,12.553
2026-07-19 21:45:00,10452559,10461632,10443938,10458883,4.989
2026-07-19 22:00:00,10458985,10462799,10444011,10447475,15.374
2026-07-19 22:15:00,10447475,10455649,10437285,10454594,7.633
2026-07-19 22:30:00,10454682,10465000,10453492,10458771,2.634
2026-07-19 22:45:00,10455752,10474800,10454073,10468350,6.818
2026-07-19 23:00:00,10467476,10479734,10466853,10475923,6.476
2026-07-19 23:15:00,10476701,10478433,10457150,10465709,6.611
2026-07-19 23:30:00,10464871,10478160,10461543,10474527,3.839
2026-07-19 23:45:00,10472615,10494633,10472527,10484643,5.591
2026-07-20 00:00:00,10484408,10488376,10471362,10481028,3.576
2026-07-20 00:15:00,10482297,10483868,10467212,10469222,4.456
2026-07-20 00:30:00,10467524,10482197,10466038,10479203,3.668
2026-07-20 00:45:00,10478982,10484507,10471798,10481494,4.446
2026-07-20 01:00:00,10482240,10490000,10464720,10473486,9.499
2026-07-20 01:15:00,10472428,10488204,10467088,10484292,7.64
2026-07-20 01:30:00,10484490,10486088,10471204,10484429,3.13
2026-07-20 01:45:00,10484419,10486677,10470960,10472898,1.534
2026-07-20 02:00:00,10474014,10498769,10452557,10498769,26.746
2026-07-20 02:15:00,10497182,10509479,10487680,10492196,6.78
2026-07-20 02:30:00,10490864,10504771,10480961,10486889,3.514
2026-07-20 02:45:00,10486262,10486376,10472915,10475854,4.69
2026-07-20 03:00:00,10475854,10476483,10434480,10463265,23.335
2026-07-20 03:15:00,10462874,10465954,10450633,10451249,6.479
2026-07-20 03:30:00,10449115,10460887,10442544,10455235,4.438
2026-07-20 03:45:00,10455451,10459299,10442958,10453510,7.434
2026-07-20 04:00:00,10453976,10460761,10442846,10456974,6.386
2026-07-20 04:15:00,10457451,10459488,10451116,10457055,1.148
2026-07-20 04:30:00,10456592,10458357,10452264,10452921,1.542
2026-07-20 04:45:00,10452177,10461182,10445677,10458675,3.498
2026-07-20 05:00:00,10461771,10476480,10461771,10467269,5.02
2026-07-20 05:15:00,10468491,10473547,10463040,10467520,4.108
2026-07-20 05:30:00,10467335,10474587,10465000,10468757,3.122
2026-07-20 05:45:00,10467719,10475649,10465280,10475649,4.974
2026-07-20 06:00:00,10475649,10481662,10468354,10478728,4.004
2026-07-20 06:15:00,10475858,10475872,10464806,10466804,1.993
2026-07-20 06:30:00,10466960,10467916,10443563,10445813,7.791
2026-07-20 06:45:00,10446543,10459301,10444003,10458560,4.562
2026-07-20 07:00:00,10454051,10505871,10450221,10500280,21.766
2026-07-20 07:15:00,10503359,10536938,10503359,10517977,20.371
2026-07-20 07:30:00,10518340,10527495,10506424,10523525,8.46
2026-07-20 07:45:00,10523329,10525386,10501700,10503927,6.859
2026-07-20 08:00:00,10505410,10511833,10485971,10506314,7.12
2026-07-20 08:15:00,10509149,10510682,10499513,10502488,3.682
2026-07-20 08:30:00,10504989,10521829,10500000,10514942,8.513
2026-07-20 08:45:00,10519631,10519632,10501666,10512000,3.474
2026-07-20 09:00:00,10512000,10563133,10486245,10556089,30.883
2026-07-20 09:15:00,10555197,10570000,10522434,10533944,21.93
2026-07-20 09:30:00,10532001,10543928,10521550,10524146,12.691
2026-07-20 09:45:00,10522286,10522959,10455094,10476159,22.621
2026-07-20 10:00:00,10477038,10550000,10470076,10514868,15.107
2026-07-20 10:15:00,10517017,10539000,10496804,10525734,17.702
2026-07-20 10:30:00,10523006,10534997,10499287,10508265,17.542
2026-07-20 10:45:00,10509252,10512087,10465768,10486000,9.706
2026-07-20 11:00:00,10487406,10534713,10486199,10514581,12.581
2026-07-20 11:15:00,10516362,10517141,10479437,10492475,19.747
2026-07-20 11:30:00,10491509,10528413,10491333,10523875,9.222
2026-07-20 11:45:00,10519762,10540000,10517406,10518337,7.723
2026-07-20 12:00:00,10518337,10527407,10508000,10522901,9.176
2026-07-20 12:15:00,10520887,10529521,10490000,10501403,13.068
2026-07-20 12:30:00,10497453,10530092,10496517,10530092,11.456
2026-07-20 12:45:00,10530000,10533105,10509172,10523745,7.331
2026-07-20 13:00:00,10523745,10526854,10500000,10501856,6.886
2026-07-20 13:15:00,10501856,10513323,10490499,10508792,6.572
2026-07-20 13:30:00,10511057,10519038,10498864,10503730,6.566
2026-07-20 13:45:00,10500121,10503087,10472654,10472654,13.318
2026-07-20 14:00:00,10475920,10477600,10400000,10425522,34.605
2026-07-20 14:15:00,10425000,10448366,10394917,10414438,18.805
2026-07-20 14:30:00,10414288,10426422,10403588,10419996,7.769
2026-07-20 14:45:00,10420487,10420487,10400327,10404625,10.837
2026-07-20 15:00:00,10408697,10420548,10398294,10420548,12.81
2026-07-20 15:15:00,10418948,10422515,10397398,10408717,11.653
2026-07-20 15:30:00,10406006,10409918,10344366,10351200,51.228
2026-07-20 15:45:00,10353683,10375002,10343899,10374623,39.645
2026-07-20 16:00:00,10372358,10389811,10372358,10382977,6.856
2026-07-20 16:15:00,10383092,10407347,10370385,10405673,12.17
2026-07-20 16:30:00,10406537,10413184,10395365,10413184,8.422
2026-07-20 16:45:00,10414291,10432207,10410787,10428164,14.62
2026-07-20 17:00:00,10427819,10444728,10420999,10428951,8.276
2026-07-20 17:15:00,10428627,10437569,10419567,10422885,19.752
2026-07-20 17:30:00,10420800,10426132,10360995,10374300,41.264
2026-07-20 17:45:00,10374724,10403865,10374415,10395370,12.386
2026-07-20 18:00:00,10396103,10404009,10389000,10403220,17.288
2026-07-20 18:15:00,10402878,10422441,10399162,10421724,19.142
2026-07-20 18:30:00,10421998,10433360,10419282,10425601,3.234
2026-07-20 18:45:00,10428972,10434341,10421810,10423106,5.66
2026-07-20 19:00:00,10422894,10429143,10412832,10428339,19.744
2026-07-20 19:15:00,10428434,10455529,10421600,10443006,15.527
2026-07-20 19:30:00,10441138,10441875,10426904,10438967,9.458
2026-07-20 19:45:00,10437110,10443399,10431808,10432623,6.852
2026-07-20 20:00:00,10434391,10458222,10428407,10448493,8.384
2026-07-20 20:15:00,10448522,10452154,10440020,10445091,18.543
2026-07-20 20:30:00,10441742,10533756,10441742,10509329,52.401
2026-07-20 20:45:00,10512158,10560000,10512158,10545016,31.03
2026-07-20 21:00:00,10544173,10545919,10500000,10506003,27.075
2026-07-20 21:15:00,10506879,10518568,10490889,10499612,13.12
2026-07-20 21:30:00,10498914,10507289,10482082,10483743,10.332
2026-07-20 21:45:00,10484872,10506369,10480998,10490859,6.893
2026-07-20 22:00:00,10492524,10508461,10486218,10498700,5.7
2026-07-20 22:15:00,10501203,10505000,10470880,10476667,7.978
2026-07-20 22:30:00,10475832,10511155,10465062,10493300,17.152
2026-07-20 22:45:00,10493383,10509937,10418116,10443291,43.584
2026-07-20 23:00:00,10443942,10471660,10437321,10443998,18.407
2026-07-20 23:15:00,10444617,10472080,10405000,10471110,26.968
2026-07-20 23:30:00,10471305,10483079,10449857,10464601,13.134
2026-07-20 23:45:00,10465327,10487115,10445651,10461004,15.335
2026-07-21 00:00:00,10461676,10555276,10459718,10550902,26.238
2026-07-21 00:15:00,10550700,10562999,10537360,10546732,16.73
2026-07-21 00:30:00,10549939,10609409,10526648,10592960,23.56
2026-07-21 00:45:00,10595764,10664545,10595764,10657145,70.715
2026-07-21 01:00:00,10657595,10662555,10622092,10643370,24.232
2026-07-21 01:15:00,10642732,10643220,10614800,10626039,7.862
2026-07-21 01:30:00,10628680,10646547,10614957,10616771,14.448
2026-07-21 01:45:00,10617117,10639509,10617117,10637598,5.338
2026-07-21 02:00:00,10637620,10643822,10626194,10634566,9.473
2026-07-21 02:15:00,10633107,10637243,10620205,10632180,6.174
2026-07-21 02:30:00,10632251,10632896,10607548,10608414,7.034
2026-07-21 02:45:00,10612732,10660000,10612732,10647309,18.774
2026-07-21 03:00:00,10647631,10684240,10642600,10669832,21.634
2026-07-21 03:15:00,10668974,10672000,10645640,10646335,12.386
2026-07-21 03:30:00,10644738,10645000,10613225,10613225,4.53
2026-07-21 03:45:00,10611752,10613806,10591053,10598863,16.791
2026-07-21 04:00:00,10596430,10602479,10575182,10577975,7.03
2026-07-21 04:15:00,10575459,10589562,10568858,10582544,11.992
2026-07-21 04:30:00,10578462,10585680,10560241,10572801,17.278
2026-07-21 04:45:00,10574407,10588508,10563840,10580476,24.63
2026-07-21 05:00:00,10583934,10594031,10566783,10590248,10.652
2026-07-21 05:15:00,10594004,10610334,10587091,10602359,6.646
2026-07-21 05:30:00,10602928,10628360,10601545,10606911,10.627
2026-07-21 05:45:00,10608110,10618716,10605840,10612530,7.248
2026-07-21 06:00:00,10612530,10612530,10601545,10604561,6.474
2026-07-21 06:15:00,10603539,10611341,10601920,10602580,5.51
2026-07-21 06:30:00,10604601,10627169,10604601,10613592,6.919
2026-07-21 06:45:00,10616148,10617203,10597552,10600846,6.948
2026-07-21 07:00:00,10599374,10600015,10577300,10588254,6.762
2026-07-21 07:15:00,10587278,10597324,10581329,10590158,7.69
2026-07-21 07:30:00,10590188,10594807,10568881,10576237,8.424
2026-07-21 07:45:00,10579235,10581611,10573545,10580119,3.154
2026-07-21 08:00:00,10579245,10595160,10575390,10582039,4.202
2026-07-21 08:15:00,10582640,10600075,10582640,10598686,6.372
2026-07-21 08:30:00,10599057,10602753,10590200,10592190,3.328
2026-07-21 08:45:00,10593000,10601828,10583245,10596565,7.426
2026-07-21 09:00:00,10596203,10596602,10580000,10591970,4.326
2026-07-21 09:15:00,10585803,10628240,10580640,10613546,17.092
2026-07-21 09:30:00,10612776,10648642,10612776,10639575,14.298
2026-07-21 09:45:00,10640929,10653650,10639325,10650639,8.894
2026-07-21 10:00:00,10648838,10663715,10630964,10646247,13.622
2026-07-21 10:15:00,10647654,10647654,10624087,10626355,11.658
2026-07-21 10:30:00,10626355,10635986,10607934,10611103,11.932
2026-07-21 10:45:00,10610954,10612684,10592723,10594334,8.026
2026-07-21 11:00:00,10596257,10625890,10592843,10605643,14.203
2026-07-21 11:15:00,10606464,10610000,10588306,10601545,9.36
2026-07-21 11:30:00,10601678,10618058,10600474,10612763,7.264
2026-07-21 11:45:00,10612135,10637282,10606723,10620720,9.148
2026-07-21 12:00:00,10621891,10643388,10620789,10636056,7.244
2026-07-21 12:15:00,10638132,10642980,10625000,10630000,19.111
2026-07-21 12:30:00,10628808,10638765,10624320,10636921,8.279
2026-07-21 12:45:00,10636682,10647650,10624903,10642927,10.943
2026-07-21 13:00:00,10641680,10671263,10637439,10650405,15.23
2026-07-21 13:15:00,10650320,10663000,10636364,10636991,6.836
2026-07-21 13:30:00,10637792,10647696,10633110,10643886,6.7
2026-07-21 13:45:00,10641397,10644387,10631279,10638356,4.314
2026-07-21 14:00:00,10637276,10645748,10633012,10644902,8.008
2026-07-21 14:15:00,10643860,10661811,10633592,10652255,9.086
2026-07-21 14:30:00,10654502,10666665,10646291,10659000,4.896
2026-07-21 14:45:00,10657525,10700000,10654208,10676107,26.767
2026-07-21 15:00:00,10675290,10689595,10657298,10677063,23.924
2026-07-21 15:15:00,10677001,10698240,10664337,10696776,15.427
2026-07-21 15:30:00,10692537,10717379,10690281,10714275,19.157
2026-07-21 15:45:00,10715599,10717173,10700331,10709195,9.42
2026-07-21 16:00:00,10705304,10715263,10700912,10712315,7.742
2026-07-21 16:15:00,10709998,10726573,10704509,10717210,8.0
2026-07-21 16:30:00,10717424,10746723,10715780,10729052,17.453
2026-07-21 16:45:00,10730560,10766151,10726777,10758674,26.901
2026-07-21 17:00:00,10757590,10775000,10744735,10772963,10.309
2026-07-21 17:15:00,10770336,10785391,10759153,10764168,12.552
2026-07-21 17:30:00,10762680,10789294,10758026,10779396,27.307
2026-07-21 17:45:00,10779995,10786119,10760646,10767108,7.723
2026-07-21 18:00:00,10764653,10769999,10752000,10763859,8.157
2026-07-21 18:15:00,10762460,10769624,10756836,10766614,7.966
2026-07-21 18:30:00,10768314,10782892,10764439,10774179,9.643
2026-07-21 18:45:00,10774843,10790000,10772720,10776904,12.193
2026-07-21 19:00:00,10778784,10796240,10772455,10789973,6.589
2026-07-21 19:15:00,10790505,10800000,10781484,10795412,10.835
2026-07-21 19:30:00,10794564,10799213,10779902,10788038,9.055
2026-07-21 19:45:00,10786896,10788078,10760000,10761191,15.672
2026-07-21 20:00:00,10760615,10779030,10753680,10771698,12.721
2026-07-21 20:15:00,10772294,10775234,10761896,10771357,7.799
2026-07-21 20:30:00,10773121,10790617,10771046,10788761,6.555
2026-07-21 20:45:00,10789982,10791384,10781680,10788000,4.828
2026-07-21 21:00:00,10789770,10808312,10775251,10797778,14.748
2026-07-21 21:15:00,10797743,10816991,10790000,10810772,15.696
2026-07-21 21:30:00,10811579,10845520,10805118,10824066,24.777
2026-07-21 21:45:00,10826168,10831765,10815169,10823777,7.915
2026-07-21 22:00:00,10825468,10842593,10815469,10837262,12.003
2026-07-21 22:15:00,10839461,10844899,10805696,10812868,10.226
2026-07-21 22:30:00,10809118,10831679,10792796,10798436,16.608
2026-07-21 22:45:00,10796034,10872958,10796034,10866633,27.648
2026-07-21 23:00:00,10864560,10899999,10859172,10896639,26.984
2026-07-21 23:15:00,10895529,10897419,10853008,10865936,23.495
2026-07-21 23:30:00,10870410,10895000,10856884,10884748,20.4
2026-07-21 23:45:00,10886084,10900000,10882480,10888433,17.798
2026-07-22 00:00:00,10890161,10890161,10859111,10859111,19.67
2026-07-22 00:15:00,10861986,10871009,10851756,10853014,11.203
2026-07-22 00:30:00,10852000,10867936,10835000,10850702,14.218
2026-07-22 00:45:00,10854076,10871650,10850000,10865502,7.173
2026-07-22 01:00:00,10863027,10878000,10848874,10855666,10.62
2026-07-22 01:15:00,10854806,10855465,10837748,10842186,8.95
2026-07-22 01:30:00,10839981,10859925,10835878,10844348,7.142
2026-07-22 01:45:00,10843602,10854795,10827894,10843773,5.878
2026-07-22 02:00:00,10845908,10848173,10826146,10830103,3.628
2026-07-22 02:15:00,10831431,10835052,10817364,10825110,6.08
2026-07-22 02:30:00,10826668,10837063,10817691,10835117,5.274
2026-07-22 02:45:00,10837404,10837697,10771600,10790911,32.675
2026-07-22 03:00:00,10792600,10822284,10774570,10811918,7.998
2026-07-22 03:15:00,10815674,10818035,10796379,10804251,2.558
2026-07-22 03:30:00,10803973,10820603,10782800,10813225,7.661
2026-07-22 03:45:00,10816426,10828988,10812914,10818549,5.916
2026-07-22 04:00:00,10819601,10830078,10811268,10816164,4.667
2026-07-22 04:15:00,10815790,10835000,10813624,10831850,4.468
2026-07-22 04:30:00,10830939,10849101,10829585,10842624,5.526
2026-07-22 04:45:00,10843995,10851285,10836009,10841952,5.972
2026-07-22 05:00:00,10842269,10846812,10828179,10839772,3.922
2026-07-22 05:15:00,10839052,10839052,10827641,10835532,2.09
2026-07-22 05:30:00,10837827,10850062,10836353,10845000,4.886
2026-07-22 05:45:00,10842912,10845000,10832172,10832737,6.14
2026-07-22 06:00:00,10833541,10835456,10817696,10833931,7.826
2026-07-22 06:15:00,10832765,10832765,10819228,10822300,1.856
2026-07-22 06:30:00,10820782,10828368,10816309,10826437,5.492
2026-07-22 06:45:00,10822621,10830440,10819912,10828845,5.198
2026-07-22 07:00:00,10828190,10830600,10815899,10816609,3.886
2026-07-22 07:15:00,10816119,10819342,10797920,10811572,5.466
2026-07-22 07:30:00,10808346,10822715,10807607,10819288,8.41
2026-07-22 07:45:00,10817764,10818606,10806830,10815613,4.452
2026-07-22 08:00:00,10814908,10814970,10801094,10810854,4.716
2026-07-22 08:15:00,10813368,10833561,10812642,10832431,5.274
2026-07-22 08:30:00,10831772,10842833,10828642,10835282,3.472
2026-07-22 08:45:00,10838796,10860464,10836469,10857511,11.636
2026-07-22 09:00:00,10858784,10874000,10852067,10871256,6.534
2026-07-22 09:15:00,10869878,10880355,10852475,10865694,13.128
2026-07-22 09:30:00,10865759,10880426,10861404,10876606,7.166
2026-07-22 09:45:00,10873119,10879989,10860000,10862662,7.733
2026-07-22 10:00:00,10861825,10869151,10837999,10840078,7.118
2026-07-22 10:15:00,10843883,10844359,10816913,10820651,12.769
2026-07-22 10:30:00,10820468,10833107,10810420,10822224,6.206
2026-07-22 10:45:00,10823826,10845370,10822549,10832520,7.372
2026-07-22 11:00:00,10831137,10841890,10822593,10837863,3.538
2026-07-22 11:15:00,10838077,10852393,10828827,10829099,13.0
2026-07-22 11:30:00,10827703,10827703,10810404,10823630,5.403
2026-07-22 11:45:00,10823285,10826274,10811000,10814958,4.316
2026-07-22 12:00:00,10812251,10824500,10792000,10794966,8.297
2026-07-22 12:15:00,10796132,10815134,10794048,10809220,4.03
2026-07-22 12:30:00,10809606,10815869,10798190,10807531,6.014
2026-07-22 12:45:00,10807328,10820000,10793589,10798368,7.85
2026-07-22 13:00:00,10798035,10822605,10796801,10821301,4.06
2026-07-22 13:15:00,10821196,10833212,10819425,10824154,7.522
2026-07-22 13:30:00,10825310,10836997,10815972,10834963,7.39
2026-07-22 13:45:00,10832662,10832662,10822431,10830000,4.458
2026-07-22 14:00:00,10830720,10832241,10806030,10813500,4.581
2026-07-22 14:15:00,10812923,10814160,10769820,10779511,14.062
2026-07-22 14:30:00,10778692,10789719,10762228,10764291,8.193
2026-07-22 14:45:00,10762167,10774062,10755000,10758836,16.126
2026-07-22 15:00:00,10759454,10765538,10740668,10757740,12.022
2026-07-22 15:15:00,10756595,10756595,10733639,10740141,19.925
2026-07-22 15:30:00,10739263,10764712,10734748,10759819,5.98
2026-07-22 15:45:00,10756023,10757505,10747240,10752388,3.062
2026-07-22 16:00:00,10752377,10755419,10741954,10746129,9.259
2026-07-22 16:15:00,10748071,10752318,10736880,10749236,9.376
2026-07-22 16:30:00,10747537,10747537,10698240,10713380,45.094
2026-07-22 16:45:00,10715950,10726151,10712358,10725211,8.257
2026-07-22 17:00:00,10725135,10763231,10725135,10757891,9.499
2026-07-22 17:15:00,10759134,10783721,10755967,10759803,9.964
2026-07-22 17:30:00,10761901,10768800,10736320,10741485,9.598
2026-07-22 17:45:00,10741454,10753333,10741454,10745295,4.98
2026-07-22 18:00:00,10745915,10761111,10742683,10753294,5.044
2026-07-22 18:15:00,10753527,10763411,10750000,10756175,6.166
2026-07-22 18:30:00,10756236,10756236,10725886,10733097,12.866
2026-07-22 18:45:00,10735015,10749090,10730420,10746854,6.02
2026-07-22 19:00:00,10746907,10750450,10739057,10745307,6.796
2026-07-22 19:15:00,10745476,10755220,10743976,10751404,3.318
2026-07-22 19:30:00,10751840,10759247,10749007,10755093,11.018
2026-07-22 19:45:00,10755320,10778320,10755320,10763037,18.273
2026-07-22 20:00:00,10759997,10768144,10758412,10758412,6.35
2026-07-22 20:15:00,10757203,10770511,10749532,10766903,7.636
2026-07-22 20:30:00,10762393,10769584,10740726,10743688,10.634
2026-07-22 20:45:00,10742875,10769360,10741059,10761267,8.321
2026-07-22 21:00:00,10761907,10762021,10735025,10740410,7.616
2026-07-22 21:15:00,10742528,10745050,10730930,10738773,4.032
2026-07-22 21:30:00,10741372,10743728,10721472,10721581,7.936
2026-07-22 21:45:00,10720923,10729573,10688258,10707299,22.445
2026-07-22 22:00:00,10706400,10710123,10695155,10707200,8.964
2026-07-22 22:15:00,10706000,10707630,10689502,10698349,6.946
2026-07-22 22:30:00,10700000,10743143,10690960,10738569,16.69
2026-07-22 22:45:00,10741041,10753962,10726278,10751987,22.288
2026-07-22 23:00:00,10748694,10793440,10742574,10743320,28.28
2026-07-22 23:15:00,10741885,10741885,10694874,10699216,15.79
2026-07-22 23:30:00,10700481,10735343,10694561,10701989,12.88
2026-07-22 23:45:00,10703067,10728944,10697822,10724460,6.258
2026-07-23 00:00:00,10727280,10755492,10726459,10751314,20.482
2026-07-23 00:15:00,10748025,10780000,10741260,10771071,22.3
2026-07-23 00:30:00,10773191,10778285,10751291,10759920,16.874
2026-07-23 00:45:00,10763820,10769170,10750772,10765395,9.928
2026-07-23 01:00:00,10765104,10783139,10758314,10778388,11.65
2026-07-23 01:15:00,10778281,10778281,10746533,10762695,15.794
2026-07-23 01:30:00,10760401,10826473,10760226,10807761,41.635
2026-07-23 01:45:00,10807245,10807854,10780020,10795371,10.133
2026-07-23 02:00:00,10796632,10806878,10785132,10788906,7.834
2026-07-23 02:15:00,10786698,10787492,10754692,10764455,6.042
2026-07-23 02:30:00,10761158,10793272,10759674,10790475,3.898
2026-07-23 02:45:00,10790468,10800445,10765290,10766938,13.23
2026-07-23 03:00:00,10767921,10776479,10757667,10757963,4.118
2026-07-23 03:15:00,10757611,10770364,10735061,10745040,11.58
2026-07-23 03:30:00,10742716,10742716,10719465,10726533,7.906
2026-07-23 03:45:00,10725421,10753790,10721440,10746959,7.55
2026-07-23 04:00:00,10748133,10752667,10715512,10731071,8.572
2026-07-23 04:15:00,10729379,10754443,10726186,10750657,4.048
2026-07-23 04:30:00,10750937,10756995,10744692,10744692,3.494
2026-07-23 04:45:00,10743625,10756201,10741201,10752092,5.218
2026-07-23 05:00:00,10750171,10757294,10729772,10752605,12.786
2026-07-23 05:15:00,10753734,10759665,10744749,10752288,5.97
2026-07-23 05:30:00,10750826,10754980,10747158,10754890,2.81
2026-07-23 05:45:00,10754739,10756388,10747247,10752934,2.726
2026-07-23 06:00:00,10751405,10755420,10747597,10750813,4.262
2026-07-23 06:15:00,10750810,10752571,10743629,10747009,1.55
2026-07-23 06:30:00,10747455,10784587,10747455,10781645,7.866
2026-07-23 06:45:00,10781755,10785646,10766527,10770859,4.944
2026-07-23 07:00:00,10773493,10774661,10756629,10760637,6.352
2026-07-23 07:15:00,10762721,10767078,10750925,10765854,3.18
2026-07-23 07:30:00,10763006,10765931,10751425,10760135,2.71
2026-07-23 07:45:00,10756567,10774311,10755470,10769486,8.404
2026-07-23 08:00:00,10771844,10776948,10741105,10746981,10.428
2026-07-23 08:15:00,10748737,10763372,10736541,10759647,10.898
2026-07-23 08:30:00,10760434,10762745,10753676,10759498,3.842
2026-07-23 08:45:00,10758505,10784307,10758505,10777565,6.392
2026-07-23 09:00:00,10778788,10804474,10768511,10792055,19.105
2026-07-23 09:15:00,10792853,10810681,10786000,10801000,10.5
2026-07-23 09:30:00,10801000,10809774,10785782,10785867,13.546
2026-07-23 09:45:00,10788404,10796322,10768836,10771268,13.133
2026-07-23 10:00:00,10769693,10799577,10763703,10768994,18.043
2026-07-23 10:15:00,10768239,10770100,10747193,10753995,17.8
2026-07-23 10:30:00,10754240,10755920,10720011,10728199,19.54
2026-07-23 10:45:00,10728192,10739905,10725064,10734443,6.732
2026-07-23 11:00:00,10733097,10737564,10720000,10720000,4.846
2026-07-23 11:15:00,10720000,10725732,10706355,10719607,7.264
2026-07-23 11:30:00,10721729,10735536,10717409,10728614,4.439
2026-07-23 11:45:00,10728117,10736320,10723946,10731467,7.574
2026-07-23 12:00:00,10732653,10733834,10696559,10705536,13.667
2026-07-23 12:15:00,10703485,10711170,10695000,10703601,10.799
2026-07-23 12:30:00,10702086,10714255,10700203,10710000,4.08
2026-07-23 12:45:00,10711302,10712703,10694636,10706369,10.157
2026-07-23 13:00:00,10707587,10710000,10694000,10705930,6.234
2026-07-23 13:15:00,10708801,10718226,10701486,10709451,3.585
2026-07-23 13:30:00,10710560,10711291,10698152,10698693,5.004
2026-07-23 13:45:00,10697807,10707648,10697226,10700820,5.832
2026-07-23 14:00:00,10702720,10707195,10694348,10705536,2.86
2026-07-23 14:15:00,10704173,10720078,10700297,10720078,2.244
2026-07-23 14:30:00,10720803,10730686,10714810,10720662,4.144
2026-07-23 14:45:00,10721629,10725645,10701710,10713912,6.86
2026-07-23 15:00:00,10712682,10720078,10700827,10708976,5.536
2026-07-23 15:15:00,10711154,10720462,10701468,10720462,4.49
2026-07-23 15:30:00,10719181,10727015,10714943,10722859,2.772
2026-07-23 15:45:00,10723166,10732191,10723166,10730085,3.46
2026-07-23 16:00:00,10728970,10729134,10661166,10677770,28.553
2026-07-23 16:15:00,10680868,10684211,10671920,10676368,13.395
2026-07-23 16:30:00,10675652,10682749,10672470,10678080,7.36
2026-07-23 16:45:00,10675281,10692741,10673927,10689045,12.5
2026-07-23 17:00:00,10687469,10710224,10684571,10705278,8.375
2026-07-23 17:15:00,10705988,10715479,10699838,10714723,4.529
2026-07-23 17:30:00,10715000,10730000,10715000,10721469,8.683
2026-07-23 17:45:00,10723450,10725312,10713920,10717632,5.399
2026-07-23 18:00:00,10716160,10733464,10711120,10725055,6.88
2026-07-23 18:15:00,10724414,10738154,10723770,10730858,4.254
2026-07-23 18:30:00,10730858,10736340,10726405,10732760,2.418
2026-07-23 18:45:00,10733272,10736148,10717270,10723594,11.248
2026-07-23 19:00:00,10724275,10737774,10713576,10733737,5.706
2026-07-23 19:15:00,10736010,10742378,10729673,10740829,4.648
2026-07-23 19:30:00,10739892,10749817,10739098,10749078,5.861
2026-07-23 19:45:00,10749078,10749460,10735981,10741842,11.704
2026-07-23 20:00:00,10740302,10743091,10728855,10734037,3.872
2026-07-23 20:15:00,10734609,10735638,10722176,10725399,3.971
2026-07-23 20:30:00,10725399,10730254,10719837,10721017,7.304
2026-07-23 20:45:00,10723901,10726239,10710885,10716826,16.147
2026-07-23 21:00:00,10716077,10720067,10696260,10705999,9.917
2026-07-23 21:15:00,10702137,10712310,10690247,10696731,10.349
2026-07-23 21:30:00,10696305,10696718,10657911,10662400,27.352
2026-07-23 21:45:00,10660296,10680254,10633847,10666888,50.916
2026-07-23 22:00:00,10665800,10677542,10647811,10653069,11.796
2026-07-23 22:15:00,10652815,10661398,10640852,10650099,10.156
2026-07-23 22:30:00,10651199,10673556,10634120,10659711,31.787
2026-07-23 22:45:00,10660094,10666320,10622102,10630592,44.305
2026-07-23 23:00:00,10630592,10664436,10620000,10653453,14.094
2026-07-23 23:15:00,10652211,10682237,10649026,10667204,11.359
2026-07-23 23:30:00,10672322,10682846,10650640,10653000,8.274
2026-07-23 23:45:00,10651795,10654967,10626813,10637753,10.952
2026-07-24 00:00:00,10635774,10640296,10600000,10609339,15.948
2026-07-24 00:15:00,10606525,10636414,10605371,10623222,9.607
2026-07-24 00:30:00,10623124,10639177,10616168,10629297,7.88
2026-07-24 00:45:00,10626373,10649072,10620488,10635079,9.264
2026-07-24 01:00:00,10634322,10634322,10611863,10621217,6.162
2026-07-24 01:15:00,10621379,10623236,10600000,10612787,10.066
2026-07-24 01:30:00,10611569,10611569,10594120,10599726,10.903
2026-07-24 01:45:00,10599155,10614167,10596246,10600052,3.17
2026-07-24 02:00:00,10600305,10607863,10594740,10599052,6.885
2026-07-24 02:15:00,10601560,10618023,10595393,10612607,9.754
2026-07-24 02:30:00,10612451,10621862,10608119,10613565,8.959
2026-07-24 02:45:00,10613341,10622033,10588011,10592439,10.423
2026-07-24 03:00:00,10594900,10604388,10591983,10598491,5.276
2026-07-24 03:15:00,10598979,10613220,10593995,10611666,9.722
2026-07-24 03:30:00,10612682,10622000,10605597,10609766,3.318
2026-07-24 03:45:00,10614291,10633058,10610572,10611390,7.714
2026-07-24 04:00:00,10615189,10626481,10597518,10607843,7.048
2026-07-24 04:15:00,10606898,10626013,10603365,10622954,8.047
2026-07-24 04:30:00,10625772,10630000,10598278,10601786,4.97
2026-07-24 04:45:00,10603570,10619536,10593105,10616433,8.0
2026-07-24 05:00:00,10614203,10649676,10613735,10647431,10.279
2026-07-24 05:15:00,10647050,10671405,10647050,10664305,7.556
2026-07-24 05:30:00,10666479,10670263,10660228,10666158,9.39
2026-07-24 05:45:00,10666396,10673260,10664229,10669076,2.36
2026-07-24 06:00:00,10669874,10680000,10647557,10651461,5.268
2026-07-24 06:15:00,10651701,10668426,10646301,10663263,5.784
2026-07-24 06:30:00,10662372,10662372,10649529,10658457,9.546
2026-07-24 06:45:00,10659856,10669385,10657639,10668286,5.648
2026-07-24 07:00:00,10670999,10679427,10656276,10659157,6.756
2026-07-24 07:15:00,10660969,10676481,10644651,10668612,7.02
2026-07-24 07:30:00,10666067,10681017,10665885,10679203,4.746
2026-07-24 07:45:00,10677567,10678617,10665962,10675274,4.766
2026-07-24 08:00:00,10675274,10679697,10667169,10673734,3.951
2026-07-24 08:15:00,10674314,10680529,10668541,10672149,4.784
2026-07-24 08:30:00,10673398,10677632,10667580,10673600,1.776
2026-07-24 08:45:00,10672024,10674352,10654333,10660804,3.842
2026-07-24 09:00:00,10661565,10667120,10626656,10630963,13.912
2026-07-24 09:15:00,10633635,10643874,10628583,10631146,7.22
2026-07-24 09:30:00,10630101,10636640,10611022,10627177,12.894
2026-07-24 09:45:00,10627788,10644514,10627788,10641741,5.542
2026-07-24 10:00:00,10642010,10668000,10636807,10654160,10.689
2026-07-24 10:15:00,10651000,10661941,10640888,10646815,7.326
2026-07-24 10:30:00,10647862,10666779,10647721,10655319,5.584
2026-07-24 10:45:00,10656722,10662835,10649520,10655052,10.652
2026-07-24 11:00:00,10654763,10668836,10650000,10664354,7.348
2026-07-24 11:15:00,10663821,10667872,10651634,10665392,10.102
2026-07-24 11:30:00,10664602,10668112,10627598,10651440,6.507
2026-07-24 11:45:00,10650534,10658589,10630535,10658227,7.996
2026-07-24 12:00:00,10657215,10693959,10651867,10691338,16.724
2026-07-24 12:15:00,10692000,10710437,10692000,10702000,13.573
2026-07-24 12:30:00,10702026,10710275,10689665,10709622,5.906
2026-07-24 12:45:00,10707820,10717866,10706193,10714944,6.919
2026-07-24 13:00:00,10715000,10717907,10703453,10707375,7.889
2026-07-24 13:15:00,10705470,10716886,10699090,10713330,6.894
2026-07-24 13:30:00,10712187,10713707,10693760,10700239,5.289
2026-07-24 13:45:00,10700259,10702780,10691520,10699000,13.021
2026-07-24 14:00:00,10699242,10710378,10687456,10704320,8.934
2026-07-24 14:15:00,10702296,10708268,10697120,10700285,10.983
2026-07-24 14:30:00,10698241,10699677,10688340,10695278,4.313
2026-07-24 14:45:00,10695877,10700807,10692080,10698964,7.348
2026-07-24 15:00:00,10700056,10710000,10692115,10709083,9.025
2026-07-24 15:15:00,10708314,10728874,10704400,10721688,16.671
2026-07-24 15:30:00,10722333,10731840,10711380,10721635,8.931
2026-07-24 15:45:00,10723656,10727387,10717320,10725320,7.533
2026-07-24 16:00:00,10727465,10767598,10726153,10766667,19.248
2026-07-24 16:15:00,10765605,10773619,10750000,10753120,27.035
2026-07-24 16:30:00,10754001,10765000,10711162,10711162,30.233
2026-07-24 16:45:00,10712309,10737267,10711123,10735282,7.739
2026-07-24 17:00:00,10735282,10737879,10721096,10723719,5.41
2026-07-24 17:15:00,10723719,10732195,10701061,10714933,7.016
2026-07-24 17:30:00,10716579,10729498,10716037,10728224,8.036
2026-07-24 17:45:00,10729382,10730000,10700253,10700253,9.044
2026-07-24 18:00:00,10702588,10705985,10660000,10660088,13.52
2026-07-24 18:15:00,10660163,10665037,10642778,10649539,10.52
2026-07-24 18:30:00,10649060,10671202,10647398,10667226,7.343
2026-07-24 18:45:00,10665327,10676400,10664719,10667923,6.456
2026-07-24 19:00:00,10668351,10674214,10648000,10650083,9.625
2026-07-24 19:15:00,10649039,10655108,10644143,10653000,6.972
2026-07-24 19:30:00,10653983,10661840,10652000,10655399,6.565
2026-07-24 19:45:00,10655276,10659083,10633355,10646550,6.032
2026-07-24 20:00:00,10646386,10658758,10639551,10654631,6.83
2026-07-24 20:15:00,10652827,10664293,10649272,10659024,9.586
2026-07-24 20:30:00,10658681,10660945,10641011,10641412,7.456
2026-07-24 20:45:00,10641000,10668128,10627761,10660438,21.914
2026-07-24 21:00:00,10660433,10667072,10647931,10661390,7.322
2026-07-24 21:15:00,10661391,10673373,10655000,10658061,6.676
2026-07-24 21:30:00,10656368,10662900,10640153,10641014,4.478
2026-07-24 21:45:00,10640392,10646027,10606141,10612361,26.169
2026-07-24 22:00:00,10613379,10618151,10548000,10550421,43.662
2026-07-24 22:15:00,10550000,10577256,10548000,10555871,11.354
2026-07-24 22:30:00,10556921,10558563,10524395,10553661,33.578
2026-07-24 22:45:00,10552625,10562417,10472824,10513525,36.374
2026-07-24 23:00:00,10513720,10519150,10460800,10484106,30.85
2026-07-24 23:15:00,10483000,10485647,10438317,10462336,28.354
2026-07-24 23:30:00,10461155,10465951,10451000,10456430,7.572
2026-07-24 23:45:00,10455833,10491874,10431387,10491874,21.124
2026-07-25 00:00:00,10490000,10500000,10460164,10496636,8.594
2026-07-25 00:15:00,10497336,10508400,10471731,10498216,14.639
2026-07-25 00:30:00,10498008,10532447,10485660,10506425,30.299
2026-07-25 00:45:00,10506043,10514418,10488993,10495847,10.296
2026-07-25 01:00:00,10494608,10512007,10481888,10502071,7.872
2026-07-25 01:15:00,10504688,10507967,10493511,10498844,5.452
2026-07-25 01:30:00,10496459,10498766,10473026,10473463,8.326
2026-07-25 01:45:00,10472247,10484276,10464125,10477536,4.552
2026-07-25 02:00:00,10477576,10486402,10471900,10477882,9.01
2026-07-25 02:15:00,10477670,10512901,10475488,10505311,13.444
2026-07-25 02:30:00,10503384,10524230,10500922,10514035,11.486
2026-07-25 02:45:00,10514774,10518482,10507894,10516022,3.93
2026-07-25 03:00:00,10515472,10520607,10511431,10516279,4.288
2026-07-25 03:15:00,10518375,10521608,10506717,10511778,3.462
2026-07-25 03:30:00,10513782,10516174,10505460,10511541,9.326
2026-07-25 03:45:00,10511916,10531596,10509790,10530081,6.262
2026-07-25 04:00:00,10529259,10531418,10508473,10510781,10.088
2026-07-25 04:15:00,10511978,10521471,10511978,10519628,2.652
2026-07-25 04:30:00,10520168,10533533,10513682,10531657,11.828
2026-07-25 04:45:00,10531661,10532762,10516705,10527571,6.236
2026-07-25 05:00:00,10526634,10536669,10521495,10522152,3.146
2026-07-25 05:15:00,10522608,10534645,10520585,10531467,3.136
2026-07-25 05:30:00,10527497,10528713,10512854,10518002,12.698
2026-07-25 05:45:00,10518481,10522011,10511738,10518937,4.548
2026-07-25 06:00:00,10515901,10526921,10513000,10519037,3.824
2026-07-25 06:15:00,10519000,10523509,10513682,10519999,5.893
2026-07-25 06:30:00,10519897,10524640,10513000,10517220,8.885
2026-07-25 06:45:00,10517220,10522500,10510878,10514570,4.446
2026-07-25 07:00:00,10513939,10519263,10510000,10515697,6.674
2026-07-25 07:15:00,10514141,10519309,10512233,10516179,5.688
2026-07-25 07:30:00,10517908,10524507,10515977,10519140,2.572
2026-07-25 07:45:00,10518516,10519853,10513953,10515512,1.968
2026-07-25 08:00:00,10514288,10518055,10512006,10513525,3.102
2026-07-25 08:15:00,10513446,10515003,10509335,10514358,4.55
2026-07-25 08:30:00,10514669,10517644,10510000,10515855,3.804
2026-07-25 08:45:00,10515654,10515654,10508740,10512196,1.702
2026-07-25 09:00:00,10512778,10512778,10512778,10512778,0.002
2026-07-25 11:00:00,10510540,10512880,10500000,10504406,2.912
2026-07-25 11:15:00,10503476,10503531,10494902,10498558,4.246
2026-07-25 11:30:00,10499598,10500000,10493026,10497610,2.73
2026-07-25 11:45:00,10494834,10496549,10487588,10491500,5.398
2026-07-25 12:00:00,10493307,10496666,10488505,10491317,4.236
2026-07-25 12:15:00,10491258,10498921,10491205,10495985,3.82
2026-07-25 12:30:00,10494183,10500000,10491745,10496398,2.402
2026-07-25 12:45:00,10496764,10498299,10490993,10496511,3.724
2026-07-25 13:00:00,10496299,10500000,10495459,10500000,9.005
2026-07-25 13:15:00,10500000,10501138,10495913,10500737,5.264
2026-07-25 13:30:00,10500754,10520000,10496939,10513939,4.736
2026-07-25 13:45:00,10514776,10520000,10506787,10515408,4.14
2026-07-25 14:00:00,10514277,10516924,10505668,10506630,3.552
2026-07-25 14:15:00,10509564,10510237,10507214,10510237,1.54
2026-07-25 14:30:00,10508937,10509970,10489103,10490168,5.036
2026-07-25 14:45:00,10489894,10491435,10480631,10484848,5.22
2026-07-25 15:00:00,10484925,10490738,10480394,10489692,2.216
2026-07-25 15:15:00,10490253,10491042,10476873,10480431,5.332
2026-07-25 15:30:00,10480789,10486281,10473680,10479395,5.704
2026-07-25 15:45:00,10479204,10481027,10472876,10480848,2.146
2026-07-25 16:00:00,10481745,10485215,10479531,10481474,3.27
2026-07-25 16:15:00,10481684,10488482,10480000,10486241,3.324
2026-07-25 16:30:00,10485476,10488305,10482184,10485499,1.674
2026-07-25 16:45:00,10487252,10489856,10482811,10485930,2.31
2026-07-25 17:00:00,10486106,10488101,10475881,10481591,5.834
2026-07-25 17:15:00,10482999,10486728,10481011,10486728,2.414
2026-07-25 17:30:00,10486726,10489507,10481255,10481779,1.41
2026-07-25 17:45:00,10482337,10483491,10456410,10469754,9.906
2026-07-25 18:00:00,10470000,10476000,10462626,10468448,4.066
2026-07-25 18:15:00,10468784,10482684,10468672,10482684,8.224
2026-07-25 18:30:00,10480815,10481889,10475867,10479671,4.776
2026-07-25 18:45:00,10479524,10492000,10479524,10488020,4.312
2026-07-25 19:00:00,10490000,10493680,10488205,10493641,2.934
2026-07-25 19:15:00,10493967,10495000,10490688,10491250,1.952
2026-07-25 19:30:00,10491060,10495229,10488253,10492939,3.582
2026-07-25 19:45:00,10492939,10499384,10489918,10499384,6.77
2026-07-25 20:00:00,10497631,10505032,10494000,10498719,3.03
2026-07-25 20:15:00,10498617,10503458,10495115,10501200,5.574
2026-07-25 20:30:00,10501881,10507014,10493580,10500238,9.208
2026-07-25 20:45:00,10498449,10502704,10495393,10500251,3.362
2026-07-25 21:00:00,10500758,10502723,10496473,10500196,4.74
2026-07-25 21:15:00,10501405,10502064,10494601,10498090,5.228
2026-07-25 21:30:00,10497672,10505626,10497000,10504975,3.212
2026-07-25 21:45:00,10505348,10509763,10502140,10508856,3.524
2026-07-25 22:00:00,10508856,10512951,10506478,10506478,5.969
2026-07-25 22:15:00,10509076,10511263,10503000,10509478,3.136
2026-07-25 22:30:00,10509626,10519026,10503747,10517045,4.71
2026-07-25 22:45:00,10518259,10529281,10509276,10514958,8.364
2026-07-25 23:00:00,10512905,10516680,10497200,10514483,12.715
2026-07-25 23:15:00,10516282,10516610,10508910,10510016,4.994
2026-07-25 23:30:00,10509905,10517775,10509685,10517775,3.968
2026-07-25 23:45:00,10516275,10523728,10514129,10522151,3.188
2026-07-26 00:00:00,10522500,10527452,10516378,10525057,9.502
2026-07-26 00:15:00,10526471,10530000,10521314,10522056,11.202
2026-07-26 00:30:00,10522602,10526185,10514805,10524362,10.988
2026-07-26 00:45:00,10524001,10524640,10516662,10519460,3.287
2026-07-26 01:00:00,10519536,10524080,10508147,10519707,9.377
2026-07-26 01:15:00,10519651,10524175,10498320,10507102,12.298
2026-07-26 01:30:00,10507614,10518336,10504357,10517635,4.134
2026-07-26 01:45:00,10516786,10523394,10515208,10518281,2.364
2026-07-26 02:00:00,10518141,10522419,10514470,10519025,0.986
2026-07-26 02:15:00,10520587,10527433,10520587,10524608,2.964
2026-07-26 02:30:00,10524608,10533628,10522542,10526237,6.167
2026-07-26 02:45:00,10526709,10546353,10523000,10526188,4.156
2026-07-26 03:00:00,10525470,10551189,10525302,10539829,8.062
2026-07-26 03:15:00,10539150,10552152,10537806,10549378,3.904
2026-07-26 03:30:00,10550078,10555494,10543024,10546626,4.756
2026-07-26 03:45:00,10545985,10558374,10543680,10552554,11.059
2026-07-26 04:00:00,10553468,10557344,10548501,10553340,4.932
2026-07-26 04:15:00,10550455,10555501,10547007,10552826,1.85
2026-07-26 04:30:00,10550818,10553805,10548159,10551659,3.942
2026-07-26 04:45:00,10551082,10558068,10540320,10551838,7.801
2026-07-26 05:00:00,10549915,10551472,10537974,10544714,6.69
2026-07-26 05:15:00,10543714,10546482,10538295,10542658,4.418
2026-07-26 05:30:00,10542790,10542812,10531241,10532784,3.602
2026-07-26 05:45:00,10532417,10538835,10528405,10532161,7.237
2026-07-26 06:00:00,10533010,10536876,10526888,10528513,4.252
2026-07-26 06:15:00,10528448,10532397,10523691,10530316,4.154
2026-07-26 06:30:00,10530316,10544924,10529732,10540034,4.334
2026-07-26 06:45:00,10540034,10553959,10538034,10539657,7.459
2026-07-26 07:00:00,10538825,10547885,10538825,10547655,4.28
2026-07-26 07:15:00,10546795,10550766,10541160,10544320,4.974
2026-07-26 07:30:00,10544320,10549551,10539448,10549551,2.282
2026-07-26 07:45:00,10548297,10554855,10536400,10551230,9.224
2026-07-26 08:00:00,10551020,10556022,10544800,10552954,7.952
2026-07-26 08:15:00,10554114,10554950,10544998,10552000,3.558
2026-07-26 08:30:00,10551492,10557612,10547050,10547900,4.762
2026-07-26 08:45:00,10547794,10552877,10543605,10548371,2.912
2026-07-26 09:00:00,10547017,10559566,10543000,10555571,3.81
2026-07-26 09:15:00,10555275,10567086,10554165,10562358,3.388
2026-07-26 09:30:00,10559531,10563714,10553127,10553884,3.286
2026-07-26 09:45:00,10554139,10565639,10551993,10565639,4.072
2026-07-26 10:00:00,10566301,10570000,10559528,10565818,6.206
2026-07-26 10:15:00,10567796,10567796,10560898,10564390,1.636
2026-07-26 10:30:00,10564523,10568294,10552640,10563681,6.484
2026-07-26 10:45:00,10564159,10565970,10555434,10560095,5.236
2026-07-26 11:00:00,10560936,10561215,10552000,10559330,3.902
2026-07-26 11:15:00,10559905,10562196,10551772,10559483,6.314
2026-07-26 11:30:00,10561247,10562712,10552310,10554542,2.276
2026-07-26 11:45:00,10554543,10570000,10553793,10566634,1.788
2026-07-26 12:00:00,10568076,10575930,10558909,10573408,7.232
2026-07-26 12:15:00,10574574,10575235,10566310,10570618,5.059
2026-07-26 12:30:00,10569237,10576110,10568001,10568136,4.17
2026-07-26 12:45:00,10569065,10572655,10563726,10568183,4.506
2026-07-26 13:00:00,10568183,10568961,10560567,10564077,1.75
2026-07-26 13:15:00,10563293,10570000,10558423,10567551,5.032
2026-07-26 13:30:00,10569976,10571281,10563840,10571073,1.657
2026-07-26 13:45:00,10571358,10574789,10563000,10564785,4.495
2026-07-26 14:00:00,10564243,10565478,10560264,10562535,3.558
2026-07-26 14:15:00,10563767,10564081,10559000,10559857,4.768
2026-07-26 14:30:00,10560700,10562391,10549000,10557645,7.928
2026-07-26 14:45:00,10556240,10556646,10548224,10549297,8.445
2026-07-26 15:00:00,10550829,10556802,10539000,10543900,12.218
2026-07-26 15:15:00,10543898,10544969,10527578,10532866,9.293
2026-07-26 15:30:00,10529892,10548720,10529081,10548720,9.138
2026-07-26 15:45:00,10547623,10561040,10545967,10552787,4.579
2026-07-26 16:00:00,10552787,10558474,10542319,10549888,7.046
2026-07-26 16:15:00,10547325,10551828,10539748,10541210,2.016
2026-07-26 16:30:00,10541061,10543557,10536362,10538103,6.582
2026-07-26 16:45:00,10538272,10542175,10536370,10539430,1.802
2026-07-26 17:00:00,10540104,10544840,10534365,10542616,4.878
2026-07-26 17:15:00,10543382,10548156,10539749,10544424,5.256
2026-07-26 17:30:00,10544864,10555000,10542058,10552522,3.566
2026-07-26 17:45:00,10553288,10559763,10552539,10557239,3.36
2026-07-26 18:00:00,10559237,10564124,10555957,10560000,3.696
2026-07-26 18:15:00,10560000,10571839,10557814,10568246,5.734
2026-07-26 18:30:00,10568403,10570001,10561539,10565690,8.114
2026-07-26 18:45:00,10565595,10568900,10563575,10565754,3.757
2026-07-26 19:00:00,10567864,10567864,10562625,10565811,1.398
2026-07-26 19:15:00,10562677,10566350,10560572,10564656,4.524
2026-07-26 19:30:00,10564087,10570134,10562893,10568547,2.288
2026-07-26 19:45:00,10570143,10575000,10561034,10564797,7.992
2026-07-26 20:00:00,10565181,10567436,10557680,10561432,10.059
2026-07-26 20:15:00,10559982,10566000,10558936,10560887,2.33
2026-07-26 20:30:00,10559633,10561485,10555704,10559940,2.8
2026-07-26 20:45:00,10560000,10562000,10558240,10562000,4.437
2026-07-26 21:00:00,10562000,10587535,10561291,10574391,13.038
2026-07-26 21:15:00,10576126,10578725,10560480,10572396,8.211
2026-07-26 21:30:00,10570749,10572727,10558000,10561563,10.955
2026-07-26 21:45:00,10561563,10563093,10552312,10557734,12.242
2026-07-26 22:00:00,10556115,10558853,10549026,10550725,7.188
2026-07-26 22:15:00,10552079,10566024,10551468,10558474,10.54
2026-07-26 22:30:00,10557974,10571669,10551640,10571669,6.518
2026-07-26 22:45:00,10571481,10574380,10560501,10565745,5.454
2026-07-26 23:00:00,10565787,10602480,10565180,10594435,19.277
2026-07-26 23:15:00,10590485,10592037,10578790,10582020,6.914
2026-07-26 23:30:00,10583503,10602242,10580515,10593501,8.476
2026-07-26 23:45:00,10591994,10605000,10589626,10595876,6.59
2026-07-27 00:00:00,10596206,10607129,10586907,10590726,8.596
2026-07-27 00:15:00,10590726,10607160,10590726,10603700,9.233
2026-07-27 00:30:00,10603522,10616404,10599434,10609175,5.318
2026-07-27 00:45:00,10609894,10609894,10598789,10605561,4.354
2026-07-27 01:00:00,10604007,10610795,10590000,10595379,4.224
2026-07-27 01:15:00,10595033,10609522,10593962,10607497,5.437
2026-07-27 01:30:00,10607101,10628843,10606850,10611143,7.6
2026-07-27 01:45:00,10610560,10614244,10597408,10598344,5.671
2026-07-27 02:00:00,10595951,10609172,10590000,10605624,9.66
2026-07-27 02:15:00,10607657,10611861,10597523,10599787,3.398
2026-07-27 02:30:00,10601481,10606643,10593169,10595649,3.068
2026-07-27 02:45:00,10595482,10598529,10590483,10594503,1.89
2026-07-27 03:00:00,10596367,10598373,10591911,10595087,3.106
2026-07-27 03:15:00,10593815,10598506,10591310,10596456,4.764
2026-07-27 03:30:00,10595414,10598928,10591307,10597847,1.562
2026-07-27 03:45:00,10599087,10609947,10597701,10603792,7.111
2026-07-27 04:00:00,10603792,10605414,10590000,10593094,7.014
2026-07-27 04:15:00,10593274,10602474,10592229,10597155,6.284
2026-07-27 04:30:00,10597365,10606502,10597230,10601481,2.572
2026-07-27 04:45:00,10600860,10600860,10594217,10595768,2.647
2026-07-27 05:00:00,10598518,10600366,10592858,10596000,4.737
2026-07-27 05:15:00,10595931,10596320,10581529,10584908,4.069
2026-07-27 05:30:00,10584180,10589364,10582644,10586740,2.032
2026-07-27 05:45:00,10586440,10586440,10577840,10582616,6.951
2026-07-27 06:00:00,10583852,10590536,10580247,10587043,19.324
2026-07-27 06:15:00,10587043,10615785,10586891,10606304,9.361
2026-07-27 06:30:00,10606680,10613979,10604160,10605000,11.144
2026-07-27 06:45:00,10605742,10624392,10604291,10613680,17.307
2026-07-27 07:00:00,10614240,10667387,10614240,10660720,32.068
2026-07-27 07:15:00,10663196,10673564,10656131,10666658,9.51
2026-07-27 07:30:00,10666227,10710000,10663708,10700435,40.272
2026-07-27 07:45:00,10705999,10710000,10690509,10695882,12.051
2026-07-27 08:00:00,10696000,10721522,10689713,10694531,23.408
2026-07-27 08:15:00,10696656,10710896,10679161,10684507,10.538
2026-07-27 08:30:00,10680739,10694387,10671930,10690274,13.986
2026-07-27 08:45:00,10692924,10702729,10683019,10691642,8.562
2026-07-27 09:00:00,10690684,10694765,10652925,10659213,16.504
2026-07-27 09:15:00,10655749,10667999,10640777,10659215,11.733
2026-07-27 09:30:00,10657584,10663138,10645200,10652011,5.674
2026-07-27 09:45:00,10652720,10661203,10639364,10651659,3.492
2026-07-27 10:00:00,10651239,10662982,10636022,10636804,8.182
2026-07-27 10:15:00,10635782,10642800,10623795,10629615,11.21
2026-07-27 10:30:00,10627615,10643444,10609091,10639770,8.032
2026-07-27 10:45:00,10637994,10659677,10637139,10648056,10.366
2026-07-27 11:00:00,10652221,10658478,10646235,10655499,4.523
2026-07-27 11:15:00,10654773,10663387,10648887,10651782,6.474
2026-07-27 11:30:00,10650226,10670240,10643281,10664178,7.583
2026-07-27 11:45:00,10663766,10669086,10645727,10655137,10.114
2026-07-27 12:00:00,10656338,10673595,10648400,10670599,8.798
2026-07-27 12:15:00,10671475,10680000,10667835,10675007,8.578
2026-07-27 12:30:00,10673879,10686753,10665900,10683812,6.25
2026-07-27 12:45:00,10683812,10686706,10669259,10673255,5.508
2026-07-27 13:00:00,10673255,10686348,10666459,10676638,4.522
2026-07-27 13:15:00,10676482,10707527,10674721,10680407,23.499
2026-07-27 13:30:00,10680874,10699920,10669516,10691056,15.134
2026-07-27 13:45:00,10693055,10693950,10674491,10675162,7.616
2026-07-27 14:00:00,10674082,10689449,10671202,10685273,14.975
2026-07-27 14:15:00,10683590,10695844,10679705,10693720,7.494
2026-07-27 14:30:00,10693628,10696016,10684911,10692651,7.038
2026-07-27 14:45:00,10690794,10706811,10680880,10703614,16.129
2026-07-27 15:00:00,10702537,10742203,10700044,10717011,26.61
2026-07-27 15:15:00,10716312,10725554,10693647,10701262,6.642
2026-07-27 15:30:00,10701262,10716819,10698623,10702160,6.497
2026-07-27 15:45:00,10705938,10708030,10686936,10688339,9.236
2026-07-27 16:00:00,10684093,10694880,10675857,10687079,9.732
2026-07-27 16:15:00,10687079,10689766,10676400,10677104,8.063
2026-07-27 16:30:00,10677020,10677020,10654873,10667857,10.796
2026-07-27 16:45:00,10667999,10671904,10657963,10658750,8.455
2026-07-27 17:00:00,10658750,10664199,10647068,10652635,9.795
2026-07-27 17:15:00,10653587,10665792,10643696,10662534,8.438
2026-07-27 17:30:00,10663412,10664250,10649731,10650127,7.897
2026-07-27 17:45:00,10650104,10657876,10643356,10650456,11.327
2026-07-27 18:00:00,10648001,10650515,10637864,10644227,6.612
2026-07-27 18:15:00,10644743,10663757,10642490,10661110,7.058
2026-07-27 18:30:00,10659700,10681245,10659700,10675594,12.905
2026-07-27 18:45:00,10674583,10677865,10665192,10666517,10.287
2026-07-27 19:00:00,10666358,10670911,10661200,10665919,6.028
2026-07-27 19:15:00,10666002,10687006,10664747,10679327,5.97
2026-07-27 19:30:00,10679527,10690000,10675840,10688601,12.899
2026-07-27 19:45:00,10691834,10694018,10677260,10679685,4.668
2026-07-27 20:00:00,10678829,10679446,10666311,10668000,9.829
2026-07-27 20:15:00,10666591,10670000,10648643,10649167,10.528
2026-07-27 20:30:00,10647718,10662095,10647297,10650448,10.842
2026-07-27 20:45:00,10650166,10652531,10641583,10646293,7.894
2026-07-27 21:00:00,10644982,10670586,10642556,10649857,13.887
2026-07-27 21:15:00,10645799,10655963,10634400,10634636,14.104
2026-07-27 21:30:00,10635031,10645008,10604701,10639964,21.623
2026-07-27 21:45:00,10641861,10653963,10633741,10643369,7.268
2026-07-27 22:00:00,10645037,10648767,10624661,10625930,5.294
2026-07-27 22:15:00,10628683,10641119,10615014,10623213,10.664
2026-07-27 22:30:00,10622744,10750880,10622610,10737611,54.665
2026-07-27 22:45:00,10736868,10746000,10664242,10673630,45.141
2026-07-27 23:00:00,10672874,10705345,10655744,10693522,14.504
2026-07-27 23:15:00,10693136,10701855,10618259,10618259,28.744
2026-07-27 23:30:00,10619127,10619850,10545330,10552753,40.249
2026-07-27 23:45:00,10553749,10589600,10549948,10584000,18.668
2026-07-28 00:00:00,10583949,10596936,10564929,10587084,25.48
2026-07-28 00:15:00,10588141,10592139,10556430,10568563,7.799
2026-07-28 00:30:00,10571077,10578388,10535069,10563178,14.985
2026-07-28 00:45:00,10562207,10570783,10552812,10557972,6.3
2026-07-28 01:00:00,10559081,10579386,10553726,10568691,9.294
2026-07-28 01:15:00,10568208,10593169,10550698,10585286,14.428
2026-07-28 01:30:00,10583328,10617223,10583328,10608513,13.925
2026-07-28 01:45:00,10610321,10616945,10595979,10609529,7.8
2026-07-28 02:00:00,10610638,10618496,10595126,10612712,4.824
2026-07-28 02:15:00,10611505,10643355,10610818,10633328,8.074
2026-07-28 02:30:00,10635590,10648186,10630952,10632519,5.488
2026-07-28 02:45:00,10631983,10640743,10625748,10638114,5.76
2026-07-28 03:00:00,10640226,10644993,10622866,10628068,6.452
2026-07-28 03:15:00,10626000,10626000,10608396,10621848,5.522
2026-07-28 03:30:00,10622531,10624500,10596150,10605663,17.297
2026-07-28 03:45:00,10604371,10614512,10592791,10613332,4.736
2026-07-28 04:00:00,10614853,10636253,10600936,10627183,10.397
2026-07-28 04:15:00,10628477,10635229,10617839,10627434,5.338
2026-07-28 04:30:00,10626001,10642973,10622483,10624872,9.379
2026-07-28 04:45:00,10623791,10628095,10617945,10628095,7.869
2026-07-28 05:00:00,10630233,10640080,10621200,10623301,5.99
2026-07-28 05:15:00,10624242,10631162,10616012,10631162,5.854
2026-07-28 05:30:00,10631198,10635081,10620400,10624310,12.304
2026-07-28 05:45:00,10624299,10627771,10618460,10625438,5.41
2026-07-28 06:00:00,10626506,10626506,10614500,10616580,7.356
2026-07-28 06:15:00,10615555,10618303,10600810,10602120,3.142
2026-07-28 06:30:00,10605305,10615621,10600428,10604284,9.142
2026-07-28 06:45:00,10604279,10613040,10598218,10604888,5.886
2026-07-28 07:00:00,10601026,10601621,10580640,10590262,12.668
2026-07-28 07:15:00,10590262,10597092,10563840,10570929,14.402
2026-07-28 07:30:00,10568467,10568537,10500000,10508603,24.659
2026-07-28 07:45:00,10508420,10513039,10440748,10443994,23.979
2026-07-28 08:00:00,10442168,10450720,10405370,10437339,31.059
2026-07-28 08:15:00,10435994,10462650,10426350,10453310,15.012
2026-07-28 08:30:00,10451389,10462281,10412848,10422802,12.157
2026-07-28 08:45:00,10421880,10442501,10417120,10435842,12.923
2026-07-28 09:00:00,10437257,10443043,10396063,10425818,19.526
2026-07-28 09:15:00,10428060,10450000,10407462,10427777,18.634
2026-07-28 09:30:00,10427473,10428859,10404209,10411129,13.549
2026-07-28 09:45:00,10409517,10413071,10380720,10387620,15.868
2026-07-28 10:00:00,10388329,10391895,10317911,10340962,55.885
2026-07-28 10:15:00,10340641,10367044,10330783,10363000,14.707
2026-07-28 10:30:00,10360460,10375872,10340358,10344483,13.774
2026-07-28 10:45:00,10342503,10362828,10340171,10349261,12.786
2026-07-28 11:00:00,10347659,10361680,10337723,10355633,9.237
2026-07-28 11:15:00,10356706,10362828,10345584,10351184,4.432
2026-07-28 11:30:00,10351184,10351565,10327185,10329531,7.438
2026-07-28 11:45:00,10333896,10342461,10325000,10339915,7.776
2026-07-28 12:00:00,10338137,10357555,10334501,10353675,10.364
2026-07-28 12:15:00,10350978,10362230,10346879,10357632,6.628
2026-07-28 12:30:00,10357683,10371972,10348004,10366017,8.882
2026-07-28 12:45:00,10370577,10370577,10350480,10366274,12.991
2026-07-28 13:00:00,10366936,10370698,10357652,10365391,12.22
2026-07-28 13:15:00,10365315,10367563,10352447,10354719,8.76
2026-07-28 13:30:00,10353568,10359152,10345765,10357155,10.011
2026-07-28 13:45:00,10356344,10369646,10353509,10369048,10.556
2026-07-28 14:00:00,10368345,10389987,10363927,10385506,10.444
2026-07-28 14:15:00,10386648,10413894,10386087,10394022,14.91
2026-07-28 14:30:00,10395017,10395411,10370760,10394415,16.924
2026-07-28 14:45:00,10394066,10396544,10380000,10380000,6.404
2026-07-28 15:00:00,10380079,10382540,10370000,10371837,9.55
2026-07-28 15:15:00,10374689,10391754,10373440,10385772,10.251
2026-07-28 15:30:00,10389233,10399122,10384942,10399122,6.806
2026-07-28 15:45:00,10395890,10408627,10393174,10405077,21.843
2026-07-28 16:00:00,10408795,10410749,10393600,10400449,10.248
2026-07-28 16:15:00,10400203,10407023,10391974,10403120,8.095
2026-07-28 16:30:00,10402000,10405541,10391645,10391645,4.123
2026-07-28 16:45:00,10392103,10400880,10386880,10397835,5.612
2026-07-28 17:00:00,10394608,10403364,10384743,10384743,5.495
2026-07-28 17:15:00,10386362,10395714,10383814,10393934,5.558
2026-07-28 17:30:00,10391476,10400487,10385000,10397594,9.756
2026-07-28 17:45:00,10399701,10402556,10385000,10388152,10.06
2026-07-28 18:00:00,10386685,10393733,10380000,10385400,12.69
2026-07-28 18:15:00,10385936,10397416,10382252,10394667,6.988
2026-07-28 18:30:00,10396480,10409120,10392421,10397549,15.174
2026-07-28 18:45:00,10397181,10406178,10375000,10379585,6.064
2026-07-28 19:00:00,10377791,10383000,10369832,10375000,10.715
2026-07-28 19:15:00,10372375,10387988,10369980,10379729,9.96
2026-07-28 19:30:00,10382655,10406494,10379114,10406494,17.456
2026-07-28 19:45:00,10406176,10408565,10397452,10398814,10.703
2026-07-28 20:00:00,10399751,10404213,10378848,10378848,7.026
2026-07-28 20:15:00,10381153,10417023,10378106,10395000,20.268
2026-07-28 20:30:00,10392650,10415407,10376800,10384857,12.133
2026-07-28 20:45:00,10383748,10403582,10383569,10393099,4.91
2026-07-28 21:00:00,10393798,10407484,10386456,10391531,14.683
2026-07-28 21:15:00,10393753,10401145,10386915,10387021,8.582
2026-07-28 21:30:00,10387770,10397056,10380000,10395981,4.452
2026-07-28 21:45:00,10396535,10409202,10387772,10403246,7.928
2026-07-28 22:00:00,10404807,10410925,10392554,10399647,7.296
2026-07-28 22:15:00,10398706,10398706,10367435,10369629,7.908
2026-07-28 22:30:00,10367853,10382000,10301760,10316755,45.222
2026-07-28 22:45:00,10317020,10330000,10271532,10326575,39.738
2026-07-28 23:00:00,10330000,10362154,10329203,10337000,13.136
2026-07-28 23:15:00,10337000,10357664,10309041,10340705,18.052
2026-07-28 23:30:00,10344331,10381711,10339826,10371414,14.606
2026-07-28 23:45:00,10371199,10401010,10366467,10378297,16.805
2026-07-29 00:00:00,10379002,10387881,10353594,10382273,23.445
2026-07-29 00:15:00,10378891,10460910,10364307,10424813,37.469
2026-07-29 00:30:00,10422232,10456648,10416002,10441381,9.688
2026-07-29 00:45:00,10442942,10467981,10432161,10450925,20.703
2026-07-29 01:00:00,10450823,10454847,10436666,10437667,8.0
2026-07-29 01:15:00,10438619,10460000,10433000,10439941,6.976
2026-07-29 01:30:00,10438990,10459152,10431497,10454907,9.926
2026-07-29 01:45:00,10455749,10486591,10449482,10475189,16.75
2026-07-29 02:00:00,10475048,10475048,10436605,10439410,10.206
2026-07-29 02:15:00,10442707,10443202,10423684,10429702,6.406
2026-07-29 02:30:00,10428539,10428539,10388007,10402874,9.316
2026-07-29 02:45:00,10402803,10424080,10401470,10424080,7.404
2026-07-29 03:00:00,10424057,10447572,10418679,10420545,8.276
2026-07-29 03:15:00,10420517,10428777,10417153,10421405,2.75
2026-07-29 03:30:00,10421611,10438164,10418102,10434691,9.86
2026-07-29 03:45:00,10435833,10444188,10426365,10432448,5.282
2026-07-29 04:00:00,10434610,10449025,10431639,10432480,8.242
2026-07-29 04:15:00,10431787,10439141,10426367,10430608,3.664
2026-07-29 04:30:00,10431987,10452794,10421293,10424011,8.157
2026-07-29 04:45:00,10425585,10457249,10417156,10455085,9.908
2026-07-29 05:00:00,10458559,10473683,10455649,10473101,9.722
2026-07-29 05:15:00,10470963,10477744,10456541,10456541,4.068
2026-07-29 05:30:00,10456647,10463945,10454080,10460833,4.2
2026-07-29 05:45:00,10463166,10464632,10455963,10460000,3.73
2026-07-29 06:00:00,10458653,10470535,10456000,10458986,8.924
2026-07-29 06:15:00,10459327,10462098,10452510,10457224,5.94
2026-07-29 06:30:00,10458646,10477900,10452400,10475791,8.902
2026-07-29 06:45:00,10475791,10480318,10464420,10465715,8.204
2026-07-29 07:00:00,10465656,10478884,10455651,10472820,10.482
2026-07-29 07:15:00,10475442,10480000,10463150,10463150,3.752
2026-07-29 07:30:00,10462452,10463701,10453796,10457857,4.98
2026-07-29 07:45:00,10454763,10455184,10433360,10437571,9.625
2026-07-29 08:00:00,10436957,10439635,10407422,10408160,10.573
2026-07-29 08:15:00,10409168,10415706,10399760,10414008,10.438
2026-07-29 08:30:00,10414193,10455760,10414193,10451214,13.361
2026-07-29 08:45:00,10451790,10468397,10441761,10463819,7.111
2026-07-29 09:00:00,10462783,10508802,10462783,10475153,18.055
2026-07-29 09:15:00,10475153,10488068,10462097,10472665,11.124
2026-07-29 09:30:00,10472775,10484312,10447528,10479957,8.733
2026-07-29 09:45:00,10481932,10496761,10455169,10458192,8.63
2026-07-29 10:00:00,10455409,10466533,10436099,10438331,8.776
2026-07-29 10:15:00,10437334,10457900,10429892,10453571,11.707
2026-07-29 10:30:00,10450157,10457437,10438300,10443955,13.008
2026-07-29 10:45:00,10441970,10448054,10420000,10420000,10.447
2026-07-29 11:00:00,10422645,10449623,10414941,10441778,7.749
2026-07-29 11:15:00,10441697,10473073,10421197,10472074,12.507
2026-07-29 11:30:00,10474272,10486145,10459313,10471026,13.244
2026-07-29 11:45:00,10470566,10474410,10452626,10460902,5.724
2026-07-29 12:00:00,10462782,10465964,10441250,10454420,9.256
2026-07-29 12:15:00,10453383,10460659,10424705,10430124,8.033
2026-07-29 12:30:00,10427713,10444124,10417272,10427123,14.838
2026-07-29 12:45:00,10428331,10429338,10415000,10423840,9.794
2026-07-29 13:00:00,10425000,10425603,10396146,10418239,9.695
2026-07-29 13:15:00,10415151,10424442,10396113,10419439,11.632
2026-07-29 13:30:00,10419320,10440665,10413123,10418640,7.04
2026-07-29 13:45:00,10416205,10446742,10414300,10444467,9.338
2026-07-29 14:00:00,10445575,10456209,10442269,10448696,6.548
2026-07-29 14:15:00,10450603,10451226,10430242,10439858,5.772
2026-07-29 14:30:00,10440492,10459814,10437180,10451830,6.75
2026-07-29 14:45:00,10453293,10463941,10450662,10463060,5.388
2026-07-29 15:00:00,10462655,10476062,10455741,10470545,11.672
2026-07-29 15:15:00,10470545,10525645,10465452,10518016,21.279
2026-07-29 15:30:00,10518016,10529144,10513807,10523686,13.384
2026-07-29 15:45:00,10523688,10527964,10515832,10527598,16.584
2026-07-29 16:00:00,10527000,10537780,10523069,10531819,21.004
2026-07-29 16:15:00,10533370,10544000,10525914,10538970,10.397
2026-07-29 16:30:00,10541912,10542775,10529078,10540781,6.128
2026-07-29 16:45:00,10540938,10560065,10536083,10558033,10.906
2026-07-29 17:00:00,10559812,10561680,10522714,10524426,10.83
2026-07-29 17:15:00,10522805,10526974,10503491,10507607,8.783
2026-07-29 17:30:00,10508035,10531971,10503914,10530522,6.764
2026-07-29 17:45:00,10530549,10547210,10520525,10526050,4.55
2026-07-29 18:00:00,10526819,10538271,10520533,10532519,6.784
2026-07-29 18:15:00,10531952,10538804,10527359,10535701,9.784
2026-07-29 18:30:00,10537291,10573725,10531974,10556986,18.777
2026-07-29 18:45:00,10557805,10583218,10544018,10574631,13.694
2026-07-29 19:00:00,10576082,10583800,10562160,10569344,11.811
2026-07-29 19:15:00,10570445,10576762,10563244,10565212,10.69
2026-07-29 19:30:00,10565367,10574505,10555192,10569071,12.173
2026-07-29 19:45:00,10571076,10571119,10530812,10538573,10.902
2026-07-29 20:00:00,10538204,10551757,10534258,10547745,8.806
2026-07-29 20:15:00,10548359,10562322,10540000,10544778,9.606
2026-07-29 20:30:00,10543857,10546341,10531609,10535273,10.47
2026-07-29 20:45:00,10534948,10545382,10530240,10543781,10.289
2026-07-29 21:00:00,10543094,10547416,10533600,10540054,12.837
2026-07-29 21:15:00,10540175,10542245,10515336,10522312,16.087
2026-07-29 21:30:00,10520001,10541440,10511925,10523494,13.929
2026-07-29 21:45:00,10526639,10527367,10511428,10520076,10.078
2026-07-29 22:00:00,10518143,10526392,10508960,10523958,18.759
2026-07-29 22:15:00,10524519,10526127,10489808,10501637,13.209
2026-07-29 22:30:00,10499492,10551044,10490587,10546530,38.003
2026-07-29 22:45:00,10542821,10580812,10524459,10578583,36.707
2026-07-29 23:00:00,10579298,10587280,10512424,10517846,16.548
2026-07-29 23:15:00,10521920,10543195,10496391,10507363,20.374
2026-07-29 23:30:00,10506155,10523754,10486292,10493707,19.282
2026-07-29 23:45:00,10494312,10519537,10489498,10499445,17.933
2026-07-30 00:00:00,10500309,10510081,10489958,10499639,7.884
2026-07-30 00:15:00,10499545,10503173,10472028,10492178,13.872
2026-07-30 00:30:00,10491484,10506450,10470968,10473889,12.88
2026-07-30 00:45:00,10472678,10485335,10459978,10471978,10.582
2026-07-30 01:00:00,10471603,10479700,10460000,10470953,12.8
2026-07-30 01:15:00,10469044,10498531,10463718,10480000,16.338
2026-07-30 01:30:00,10480048,10488805,10417578,10429464,19.236
2026-07-30 01:45:00,10428834,10451877,10423844,10445286,9.266
2026-07-30 02:00:00,10445014,10456141,10429815,10455822,7.776
2026-07-30 02:15:00,10454743,10454743,10435818,10438778,6.736
2026-07-30 02:30:00,10437130,10471162,10432308,10467473,11.362
2026-07-30 02:45:00,10468024,10516681,10460179,10511141,14.584
2026-07-30 03:00:00,10513470,10583440,10503392,10507304,39.773
2026-07-30 03:15:00,10504069,10515149,10462371,10474881,32.291
2026-07-30 03:30:00,10475989,10526552,10425450,10516892,36.62
2026-07-30 03:45:00,10517774,10549463,10508021,10527351,18.143
2026-07-30 04:00:00,10527112,10539024,10481187,10495400,24.25
2026-07-30 04:15:00,10493674,10514082,10442778,10453761,15.992
2026-07-30 04:30:00,10455830,10469116,10429152,10432805,18.205
2026-07-30 04:45:00,10436297,10436297,10372996,10393889,26.606
2026-07-30 05:00:00,10394435,10398286,10353647,10392062,35.227
2026-07-30 05:15:00,10390986,10410799,10358310,10377722,9.132
2026-07-30 05:30:00,10378200,10408799,10372952,10383523,12.682
2026-07-30 05:45:00,10385685,10387674,10368682,10371351,24.217
2026-07-30 06:00:00,10374628,10374628,10333571,10366118,31.378
2026-07-30 06:15:00,10365031,10381309,10349646,10380010,10.03
2026-07-30 06:30:00,10379354,10394043,10375341,10378760,15.034
2026-07-30 06:45:00,10376592,10425229,10373451,10424255,18.636
2026-07-30 07:00:00,10426416,10469760,10424643,10449731,21.476
2026-07-30 07:15:00,10448274,10468226,10442504,10453767,15.391
2026-07-30 07:30:00,10454145,10455695,10432224,10445983,10.457
2026-07-30 07:45:00,10446893,10447933,10427785,10430077,6.235
2026-07-30 08:00:00,10431544,10434237,10421500,10426784,7.233
2026-07-30 08:15:00,10428453,10452461,10426549,10442025,9.428
2026-07-30 08:30:00,10444851,10446867,10429133,10443218,6.556
2026-07-30 08:45:00,10444084,10450985,10428765,10438226,6.69
2026-07-30 09:00:00,10436371,10451421,10431582,10440028,8.918
2026-07-30 09:15:00,10438450,10455144,10437160,10448213,7.788
2026-07-30 09:30:00,10449351,10450000,10396286,10396286,16.644
2026-07-30 09:45:00,10399346,10407093,10384161,10406930,14.604
2026-07-30 10:00:00,10405840,10432625,10397086,10397086,8.833
2026-07-30 10:15:00,10400383,10428125,10396960,10424455,7.493
2026-07-30 10:30:00,10425985,10461773,10425766,10461209,25.232
2026-07-30 10:45:00,10458561,10509999,10455975,10490095,17.634
2026-07-30 11:00:00,10494143,10514317,10484880,10502146,10.014
2026-07-30 11:15:00,10501115,10516644,10496368,10506091,7.074
2026-07-30 11:30:00,10506953,10506990,10481668,10497045,17.361
2026-07-30 11:45:00,10495644,10497157,10472466,10477403,5.696
2026-07-30 12:00:00,10477733,10490407,10472698,10485900,10.282
2026-07-30 12:15:00,10484065,10501651,10482865,10491772,6.488
2026-07-30 12:30:00,10490983,10490983,10474423,10482817,11.146
2026-07-30 12:45:00,10483212,10490199,10480767,10484926,6.048
2026-07-30 13:00:00,10485186,10485999,10471876,10476645,8.732
2026-07-30 13:15:00,10477374,10478353,10468443,10468514,4.648
2026-07-30 13:30:00,10470139,10479209,10460101,10467409,12.08
2026-07-30 13:45:00,10466250,10473346,10453639,10456274,5.032
2026-07-30 14:00:00,10456274,10459661,10442802,10447284,21.685
2026-07-30 14:15:00,10449727,10453867,10437000,10453520,13.354
2026-07-30 14:30:00,10452921,10480409,10451281,10477235,13.276
2026-07-30 14:45:00,10476138,10481034,10452437,10465147,7.292
2026-07-30 15:00:00,10463180,10470848,10452358,10459420,5.994
2026-07-30 15:15:00,10458477,10474794,10455805,10474794,5.192
2026-07-30 15:30:00,10473312,10474233,10456237,10463641,2.739
2026-07-30 15:45:00,10461273,10465139,10453273,10463239,4.238
2026-07-30 16:00:00,10463948,10485337,10462257,10469752,6.035
2026-07-30 16:15:00,10471892,10483863,10460000,10470087,13.054
2026-07-30 16:30:00,10470453,10473021,10454822,10471227,3.721
2026-07-30 16:45:00,10469661,10474759,10463600,10469684,5.125
2026-07-30 17:00:00,10470725,10474347,10462042,10462611,6.632
2026-07-30 17:15:00,10460960,10511962,10458767,10500852,23.041
2026-07-30 17:30:00,10500134,10516732,10498320,10514955,6.667
2026-07-30 17:45:00,10515341,10521280,10510016,10513286,6.051
2026-07-30 18:00:00,10513290,10522251,10502836,10521841,7.075
2026-07-30 18:15:00,10518596,10536499,10516017,10531307,8.898
2026-07-30 18:30:00,10531606,10550000,10530280,10540236,14.537
2026-07-30 18:45:00,10540223,10547947,10530696,10533486,7.575
2026-07-30 19:00:00,10533879,10537566,10506151,10512446,10.22
2026-07-30 19:15:00,10510930,10517240,10474646,10511100,34.442
2026-07-30 19:30:00,10509202,10510372,10496029,10500678,14.627
2026-07-30 19:45:00,10500833,10502535,10494926,10496329,8.492
2026-07-30 20:00:00,10498112,10506248,10488583,10501548,5.384
2026-07-30 20:15:00,10502075,10511923,10499646,10507155,8.32
2026-07-30 20:30:00,10507371,10538389,10505875,10528327,17.514
2026-07-30 20:45:00,10528101,10555555,10523855,10538000,23.447
2026-07-30 21:00:00,10538261,10576380,10536960,10568196,15.605
2026-07-30 21:15:00,10571474,10578314,10550409,10555889,15.47
2026-07-30 21:30:00,10556603,10564297,10534350,10535132,28.869
2026-07-30 21:45:00,10535604,10564132,10534808,10560034,9.725
2026-07-30 22:00:00,10561453,10567000,10546903,10549748,13.054
2026-07-30 22:15:00,10547277,10552722,10541878,10542327,7.036
2026-07-30 22:30:00,10543104,10546143,10400000,10430764,149.444
2026-07-30 22:45:00,10431289,10482064,10380001,10382880,124.683
2026-07-30 23:00:00,10381512,10388353,10273000,10282461,154.383
2026-07-30 23:15:00,10278416,10316872,10210000,10307727,123.668
2026-07-30 23:30:00,10305299,10337754,10268720,10326834,68.658
2026-07-30 23:45:00,10325738,10343461,10287508,10298832,28.368
2026-07-31 00:00:00,10298609,10318285,10281447,10309205,35.027
2026-07-31 00:15:00,10308339,10341579,10303919,10306912,16.546
2026-07-31 00:30:00,10307675,10315911,10295243,10312806,10.876
2026-07-31 00:45:00,10311480,10320539,10303415,10314152,12.502
2026-07-31 01:00:00,10315787,10353459,10313492,10346370,17.46
2026-07-31 01:15:00,10348001,10358880,10330683,10338486,13.784
2026-07-31 01:30:00,10339491,10345287,10329263,10330792,6.976
2026-07-31 01:45:00,10332186,10348935,10332186,10339174,5.286
2026-07-31 02:00:00,10340165,10351326,10336696,10343829,6.384
2026-07-31 02:15:00,10341253,10377693,10341014,10372794,7.848
2026-07-31 02:30:00,10374833,10375745,10281684,10306478,81.562
2026-07-31 02:45:00,10306393,10321558,10303497,10308802,19.892
2026-07-31 03:00:00,10307894,10313383,10288830,10289441,11.276
2026-07-31 03:15:00,10289513,10298544,10282817,10294866,9.484
2026-07-31 03:30:00,10295129,10300801,10281720,10284933,9.362
2026-07-31 03:45:00,10284186,10286276,10272598,10272598,7.382
2026-07-31 04:00:00,10272240,10314442,10272000,10308525,13.189
2026-07-31 04:15:00,10307474,10328563,10304780,10324351,5.434
2026-07-31 04:30:00,10325037,10330949,10317765,10325277,4.674
2026-07-31 04:45:00,10323827,10328268,10310577,10317336,7.306
2026-07-31 05:00:00,10318420,10340581,10314780,10318779,11.372
2026-07-31 05:15:00,10318274,10339455,10316587,10326027,8.628
2026-07-31 05:30:00,10325829,10343982,10318916,10340752,9.924
2026-07-31 05:45:00,10340805,10348340,10322920,10325135,6.408
2026-07-31 06:00:00,10325135,10330302,10315801,10321645,8.81
2026-07-31 06:15:00,10321639,10324840,10319409,10322790,2.268
2026-07-31 06:30:00,10323830,10335836,10323777,10327127,4.496
2026-07-31 06:45:00,10329729,10332935,10318595,10329144,18.312
2026-07-31 07:00:00,10327683,10371574,10315173,10364194,27.547
2026-07-31 07:15:00,10363887,10380000,10359389,10377495,12.67
2026-07-31 07:30:00,10377207,10381064,10343147,10352875,15.847
2026-07-31 07:45:00,10353093,10356976,10346769,10347343,5.93
2026-07-31 08:00:00,10347171,10373891,10338830,10373043,10.32
2026-07-31 08:15:00,10372900,10376515,10363379,10375890,7.354
2026-07-31 08:30:00,10375177,10417847,10368701,10375553,28.906
2026-07-31 08:45:00,10374396,10388491,10360123,10371034,22.82
2026-07-31 09:00:00,10371375,10402695,10371375,10385870,21.312
2026-07-31 09:15:00,10385870,10388961,10368849,10377328,12.571
2026-07-31 09:30:00,10376590,10397983,10375287,10396414,13.26
2026-07-31 09:45:00,10395464,10406385,10372578,10388241,21.662
2026-07-31 10:00:00,10389549,10496280,10389549,10455001,49.279
2026-07-31 10:15:00,10455763,10460074,10430013,10455969,21.071
2026-07-31 10:30:00,10454334,10457436,10402495,10405057,18.306
2026-07-31 10:45:00,10404853,10415399,10357730,10370887,26.04
2026-07-31 11:00:00,10369090,10375120,10346897,10346897,13.062
2026-07-31 11:15:00,10348531,10348531,10327787,10331492,13.588
2026-07-31 11:30:00,10329725,10340274,10306358,10310912,11.725
2026-07-31 11:45:00,10312291,10332439,10304560,10316129,24.263
2026-07-31 12:00:00,10318442,10333350,10306245,10321954,25.828
2026-07-31 12:15:00,10323818,10354512,10315476,10351820,13.38
2026-07-31 12:30:00,10352395,10355595,10327528,10339810,19.937
2026-07-31 12:45:00,10338854,10346739,10329349,10333850,13.552
2026-07-31 13:00:00,10332825,10343022,10324923,10337398,18.854
2026-07-31 13:15:00,10338827,10341069,10314658,10335524,12.276
2026-07-31 13:30:00,10335814,10341075,10326679,10328346,5.164
2026-07-31 13:45:00,10330673,10334306,10323640,10327112,8.128
2026-07-31 14:00:00,10327693,10344136,10327693,10342418,7.654
2026-07-31 14:15:00,10341613,10343709,10329483,10333725,8.604
2026-07-31 14:30:00,10333046,10336819,10321887,10323166,10.488
2026-07-31 14:45:00,10322504,10334305,10321047,10331924,6.578
2026-07-31 15:00:00,10331225,10332073,10318345,10321736,9.4
2026-07-31 15:15:00,10322834,10331020,10311186,10329739,10.8
2026-07-31 15:30:00,10329480,10341725,10309628,10311172,14.606
2026-07-31 15:45:00,10309753,10310210,10280000,10293917,32.81
2026-07-31 16:00:00,10294600,10299936,10270697,10272176,18.0
2026-07-31 16:15:00,10271820,10281196,10264098,10273987,17.932
2026-07-31 16:30:00,10273304,10283670,10255298,10266818,17.604
2026-07-31 16:45:00,10265746,10278679,10251798,10252036,24.72
2026-07-31 17:00:00,10251873,10261761,10241885,10256752,16.78
2026-07-31 17:15:00,10256761,10261691,10227601,10250225,24.374
2026-07-31 17:30:00,10250690,10252096,10212011,10217403,21.89
2026-07-31 17:45:00,10219307,10227746,10121690,10138814,52.245
2026-07-31 18:00:00,10139397,10183374,10121984,10179162,92.127
2026-07-31 18:15:00,10179972,10185000,10165308,10184128,14.898
2026-07-31 18:30:00,10183977,10192571,10157887,10187813,26.844
2026-07-31 18:45:00,10185975,10199503,10185000,10197827,12.348
2026-07-31 19:00:00,10197462,10204655,10185000,10202245,18.692
2026-07-31 19:15:00,10203240,10221029,10201074,10215930,8.97
2026-07-31 19:30:00,10216122,10232299,10215801,10229210,11.452
2026-07-31 19:45:00,10230452,10236577,10224389,10229589,9.238
2026-07-31 20:00:00,10230416,10249745,10227898,10228634,10.89
2026-07-31 20:15:00,10227562,10242096,10222000,10233428,11.346
2026-07-31 20:30:00,10233871,10237371,10224630,10226596,11.018
2026-07-31 20:45:00,10226481,10230000,10220278,10223882,16.714
2026-07-31 21:00:00,10224355,10228352,10210000,10214832,15.402
2026-07-31 21:15:00,10214121,10232498,10210999,10226710,6.478
2026-07-31 21:30:00,10225250,10229740,10206705,10218413,16.168
2026-07-31 21:45:00,10216012,10232000,10215339,10227755,7.364
2026-07-31 22:00:00,10229412,10244080,10225516,10236631,13.268
2026-07-31 22:15:00,10238156,10247078,10180168,10187286,73.901
2026-07-31 22:30:00,10185943,10187462,10120873,10131112,76.287
2026-07-31 22:45:00,10128785,10154736,10090070,10096710,50.93
2026-07-31 23:00:00,10094862,10104673,9941555,9991721,119.669
2026-07-31 23:15:00,9992235,10001137,9955712,9976001,55.586
2026-07-31 23:30:00,9979929,10019262,9975245,9995711,26.098
2026-07-31 23:45:00,9990624,10021679,9973000,9986511,43.772
2026-08-01 00:00:00,9987928,9993354,9958225,9971854,38.073
2026-08-01 00:15:00,9972040,9980516,9955407,9975516,24.111
2026-08-01 00:30:00,9978118,10000853,9973968,9995539,17.633
2026-08-01 00:45:00,9993487,9999149,9977279,9988961,10.3
2026-08-01 01:00:00,9987400,10026987,9986399,10017414,10.694
2026-08-01 01:15:00,10017208,10034754,10009638,10029493,10.298
2026-08-01 01:30:00,10030186,10030271,10010500,10020392,7.212
2026-08-01 01:45:00,10021387,10027911,10014369,10025225,6.984
2026-08-01 02:00:00,10024360,10037030,10020475,10034615,11.824
2026-08-01 02:15:00,10035600,10046254,10003068,10005000,43.437
2026-08-01 02:30:00,10005000,10008800,9973146,9982089,35.424
2026-08-01 02:45:00,9980323,10035126,9980242,10025753,52.945
2026-08-01 03:00:00,10024454,10040962,10013535,10025326,22.666
2026-08-01 03:15:00,10025956,10028718,10008384,10014158,8.138
2026-08-01 03:30:00,10014707,10024744,10000286,10016507,9.74
2026-08-01 03:45:00,10016832,10047015,10016832,10025299,11.684
2026-08-01 04:00:00,10028262,10036468,10015760,10026173,4.902
2026-08-01 04:15:00,10028538,10036819,10023683,10024861,4.018
2026-08-01 04:30:00,10025387,10028875,10008102,10020288,10.416
2026-08-01 04:45:00,10021646,10030533,10016602,10021990,5.99
2026-08-01 05:00:00,10021147,10027239,9988994,10003804,20.623
2026-08-01 05:15:00,9996521,10002359,9962565,9969884,58.973
2026-08-01 05:30:00,9967294,9974132,9939396,9943868,46.699
2026-08-01 05:45:00,9943868,9959650,9900000,9919031,72.837
2026-08-01 06:00:00,9919127,9921143,9903600,9920182,21.684
2026-08-01 06:15:00,9921002,9928804,9918720,9923007,12.035
2026-08-01 06:30:00,9923801,9946720,9917339,9928673,15.67
2026-08-01 06:45:00,9929722,9937980,9916395,9921781,16.408
2026-08-01 07:00:00,9920791,9932180,9908865,9930369,11.194
2026-08-01 07:15:00,9930369,9935006,9918160,9929461,14.055
2026-08-01 07:30:00,9927504,9931481,9917357,9921533,3.798
2026-08-01 07:45:00,9922280,9925121,9916438,9924597,2.816
2026-08-01 08:00:00,9923438,9932302,9922491,9927878,5.608
2026-08-01 08:15:00,9926960,9933686,9922838,9929662,6.56
2026-08-01 08:30:00,9929813,9931922,9925075,9926805,5.078
2026-08-01 08:45:00,9925526,9925526,9906361,9913928,8.718
2026-08-01 09:00:00,9913928,9915000,9913928,9915000,0.016
2026-08-01 11:00:00,9915826,9941120,9915826,9930125,3.154
2026-08-01 11:15:00,9935812,9946011,9932532,9940557,6.354
2026-08-01 11:30:00,9941338,9948405,9940606,9943523,6.722
2026-08-01 11:45:00,9942960,9948123,9935322,9938486,9.37
2026-08-01 12:00:00,9938486,9939896,9917920,9922169,8.15
2026-08-01 12:15:00,9921055,9934966,9919074,9927145,5.814
2026-08-01 12:30:00,9927109,9931436,9917130,9922988,8.839
2026-08-01 12:45:00,9922463,9929576,9915920,9925357,12.233
2026-08-01 13:00:00,9924445,9930049,9913680,9929496,13.794
2026-08-01 13:15:00,9929671,9934968,9927444,9934236,1.892
2026-08-01 13:30:00,9933640,9938832,9931788,9938258,2.236
2026-08-01 13:45:00,9936277,9943000,9934854,9940073,11.676
2026-08-01 14:00:00,9940167,9947058,9932454,9944055,13.05
2026-08-01 14:15:00,9943000,9944303,9935804,9942775,7.254
2026-08-01 14:30:00,9942361,9945851,9927851,9930531,3.232
2026-08-01 14:45:00,9929491,9937499,9927991,9933795,5.484
2026-08-01 15:00:00,9933924,9938166,9929633,9935634,4.348
2026-08-01 15:15:00,9936792,9944857,9930640,9941156,8.64
2026-08-01 15:30:00,9941507,9945000,9936765,9937884,8.038
2026-08-01 15:45:00,9939749,9944000,9937884,9944000,2.944
2026-08-01 16:00:00,9944000,9946983,9934433,9945145,8.622
2026-08-01 16:15:00,9944542,9948255,9938774,9941353,3.552
2026-08-01 16:30:00,9942445,9942476,9934041,9938387,9.242
2026-08-01 16:45:00,9936525,9940061,9935306,9937131,2.014
2026-08-01 17:00:00,9938289,9944000,9937608,9942660,3.962
2026-08-01 17:15:00,9942662,9944000,9939211,9941469,0.848
2026-08-01 17:30:00,9941190,9944996,9940422,9942747,1.948
2026-08-01 17:45:00,9940940,9952078,9938427,9945361,2.744
2026-08-01 18:00:00,9945443,9952812,9943689,9948896,4.754
2026-08-01 18:15:00,9950496,9952046,9944905,9949829,4.452
2026-08-01 18:30:00,9949358,9951697,9948362,9948942,0.538
2026-08-01 18:45:00,9948771,9949431,9940009,9942104,4.578
2026-08-01 19:00:00,9943501,9952301,9930336,9934553,8.044
2026-08-01 19:15:00,9931818,9945804,9931101,9941605,7.668
2026-08-01 19:30:00,9941439,9945580,9936041,9944912,4.44
2026-08-01 19:45:00,9943367,9944833,9934573,9941034,8.784
2026-08-01 20:00:00,9939637,9941357,9936846,9939862,1.27
2026-08-01 20:15:00,9940243,9944337,9935000,9944337,1.99
2026-08-01 20:30:00,9944337,9945734,9941381,9942559,1.38
2026-08-01 20:45:00,9942381,9942660,9938741,9940725,0.938
2026-08-01 21:00:00,9941760,9948437,9941529,9942486,6.432
2026-08-01 21:15:00,9944714,9945551,9939245,9943121,2.31
2026-08-01 21:30:00,9942664,9946461,9940417,9941780,4.544
2026-08-01 21:45:00,9942934,9945408,9938991,9941357,3.704
2026-08-01 22:00:00,9941785,9945382,9939205,9943941,3.748
2026-08-01 22:15:00,9942473,9943916,9935000,9940358,8.168
2026-08-01 22:30:00,9940358,9944680,9939000,9940495,3.46
2026-08-01 22:45:00,9939311,9941104,9936178,9938118,2.914
2026-08-01 23:00:00,9939690,9948576,9935803,9938058,9.588
2026-08-01 23:15:00,9937715,9943451,9933353,9941351,12.672
2026-08-01 23:30:00,9940216,9943288,9933948,9939546,6.022
2026-08-01 23:45:00,9940006,9941442,9930966,9941442,3.328
2026-08-02 00:00:00,9940721,9940949,9934854,9939443,7.864
2026-08-02 00:15:00,9939432,9939432,9928150,9928150,1.9
2026-08-02 00:30:00,9928578,9931615,9925883,9927949,3.486
2026-08-02 00:45:00,9926348,9928000,9918160,9919195,8.161
2026-08-02 01:00:00,9919089,9920139,9905840,9908512,8.192
2026-08-02 01:15:00,9908512,9913141,9903600,9908766,7.155
2026-08-02 01:30:00,9910489,9923451,9906955,9913555,4.922
2026-08-02 01:45:00,9913555,9913854,9898521,9906788,6.782
2026-08-02 02:00:00,9906919,9918495,9896617,9902112,10.022
2026-08-02 02:15:00,9902349,9902349,9888449,9893500,15.595
2026-08-02 02:30:00,9893500,9893500,9877280,9888865,14.628
2026-08-02 02:45:00,9889058,9889058,9864643,9874250,24.567
2026-08-02 03:00:00,9874272,9879192,9860983,9874314,11.32
2026-08-02 03:15:00,9871975,9872370,9841835,9848263,24.083
2026-08-02 03:30:00,9848254,9850003,9809397,9821054,46.442
2026-08-02 03:45:00,9820746,9853513,9807024,9851564,13.881
2026-08-02 04:00:00,9849720,9862545,9843948,9847220,12.33
2026-08-02 04:15:00,9847249,9857040,9835280,9849441,13.673
2026-08-02 04:30:00,9850500,9856429,9836949,9839738,6.928
2026-08-02 04:45:00,9842583,9854820,9841090,9849972,11.086
2026-08-02 05:00:00,9848300,9864400,9840250,9858162,13.765
2026-08-02 05:15:00,9856237,9869812,9855115,9866812,11.59
2026-08-02 05:30:00,9865824,9867309,9853524,9862000,5.172
2026-08-02 05:45:00,9860297,9874000,9858697,9871491,5.532
2026-08-02 06:00:00,9871491,9895163,9871491,9886903,12.979
2026-08-02 06:15:00,9886962,9893526,9880790,9889272,7.642
2026-08-02 06:30:00,9889453,9900000,9882563,9885974,8.69
2026-08-02 06:45:00,9888170,9895659,9883440,9891796,11.604
2026-08-02 07:00:00,9891796,9902941,9886481,9899946,12.072
2026-08-02 07:15:00,9900123,9903927,9890160,9902145,13.185
2026-08-02 07:30:00,9901857,9908640,9896698,9896698,6.814
2026-08-02 07:45:00,9899021,9900721,9894256,9895957,5.0
2026-08-02 08:00:00,9899734,9901590,9885680,9896160,9.749
2026-08-02 08:15:00,9896160,9896160,9885790,9885792,4.192
2026-08-02 08:30:00,9886588,9900223,9886338,9898003,6.098
2026-08-02 08:45:00,9898186,9901258,9889060,9897846,14.812
2026-08-02 09:00:00,9898467,9920765,9898467,9913687,9.53
2026-08-02 09:15:00,9913287,9916839,9907148,9907148,9.768
2026-08-02 09:30:00,9908897,9913986,9901824,9902308,6.792
2026-08-02 09:45:00,9903511,9905603,9895272,9898526,4.634
2026-08-02 10:00:00,9900353,9928957,9894928,9924135,20.17
2026-08-02 10:15:00,9925588,9936461,9915228,9919215,9.348
2026-08-02 10:30:00,9919285,9925114,9914575,9924140,3.374
2026-08-02 10:45:00,9921701,9922416,9916045,9918102,6.6
2026-08-02 11:00:00,9917013,10003961,9912000,9987557,36.057
2026-08-02 11:15:00,9988846,10004000,9978759,9982190,24.366
2026-08-02 11:30:00,9982790,9990696,9970110,9981534,13.738
2026-08-02 11:45:00,9979975,9999360,9974908,9994543,13.574
2026-08-02 12:00:00,9993797,9995717,9983493,9988063,10.484
2026-08-02 12:15:00,9989970,10006600,9982041,9992400,25.296
2026-08-02 12:30:00,9993630,10001550,9992529,10000784,5.73
2026-08-02 12:45:00,10000996,10003125,9990545,9994690,5.572
2026-08-02 13:00:00,9996585,10007881,9996585,10005975,9.396
2026-08-02 13:15:00,10005576,10012240,10000814,10005718,13.252
2026-08-02 13:30:00,10006888,10009677,10003200,10004235,7.388
2026-08-02 13:45:00,10004254,10020000,10002788,10016193,11.656
2026-08-02 14:00:00,10014745,10022090,9993681,9997208,14.402
2026-08-02 14:15:00,9997438,10000135,9990743,10000135,4.03
2026-08-02 14:30:00,9999533,9999533,9983358,9988159,16.652
2026-08-02 14:45:00,9988159,9992000,9988159,9991517,2.156
2026-08-02 15:00:00,9991914,9997438,9987474,9992067,8.746
2026-08-02 15:15:00,9990126,9998544,9988588,9996673,12.886
2026-08-02 15:30:00,9996673,9998602,9990000,9997762,12.708
2026-08-02 15:45:00,9996351,9999518,9994028,9996255,5.726
2026-08-02 16:00:00,9995276,9997628,9992839,9995807,2.796
2026-08-02 16:15:00,9995807,9995807,9992730,9993809,4.02
2026-08-02 16:30:00,9994979,10001736,9992407,10001353,9.996
2026-08-02 16:45:00,10001406,10007760,9990960,9997504,20.447
2026-08-02 17:00:00,9998133,10002577,9993477,9994531,11.384
2026-08-02 17:15:00,9994433,9996575,9980129,9980821,14.453
2026-08-02 17:30:00,9981252,9981844,9952900,9956332,15.467
2026-08-02 17:45:00,9954229,9958382,9948224,9951566,8.64
2026-08-02 18:00:00,9953161,9968647,9935633,9962134,17.328
2026-08-02 18:15:00,9964618,9968338,9951971,9951971,7.895
2026-08-02 18:30:00,9953812,9971974,9953812,9964325,23.883
2026-08-02 18:45:00,9963658,9965376,9956240,9963341,11.287
2026-08-02 19:00:00,9963507,9963534,9950994,9954443,7.233
2026-08-02 19:15:00,9951898,9963475,9937871,9940908,15.981
2026-08-02 19:30:00,9942600,9954387,9942600,9953011,8.826
2026-08-02 19:45:00,9953011,9953407,9949789,9952575,1.866
2026-08-02 20:00:00,9952373,9952373,9943388,9945594,3.726
2026-08-02 20:15:00,9948077,9955057,9940436,9945766,10.416
2026-08-02 20:30:00,9946862,9950929,9935046,9939443,14.168
2026-08-02 20:45:00,9941213,9947150,9920000,9927138,16.762
2026-08-02 21:00:00,9926834,9948747,9926834,9947592,12.095
2026-08-02 21:15:00,9946117,9954955,9942442,9945077,7.017
2026-08-02 21:30:00,9944882,9952540,9935136,9940779,7.068
2026-08-02 21:45:00,9942504,9945400,9935506,9940692,4.88
2026-08-02 22:00:00,9938489,9943819,9931657,9937859,5.226
2026-08-02 22:15:00,9934882,9939495,9929086,9934960,4.007
2026-08-02 22:30:00,9934473,9938880,9920436,9933766,6.574
2026-08-02 22:45:00,9934319,9938089,9929920,9936593,14.451
2026-08-02 23:00:00,9936108,9936108,9924881,9931669,8.868
2026-08-02 23:15:00,9931253,9942472,9929679,9938051,7.832
2026-08-02 23:30:00,9936647,9946593,9931041,9941553,12.6
2026-08-02 23:45:00,9940878,9943248,9926013,9928417,16.408
2026-08-03 00:00:00,9929792,9938739,9923854,9936553,8.0
2026-08-03 00:15:00,9938004,9939783,9930000,9936847,8.679
2026-08-03 00:30:00,9936749,9945554,9932000,9940163,10.743
2026-08-03 00:45:00,9939203,9940568,9933000,9934500,11.704
2026-08-03 01:00:00,9934500,9936269,9927500,9930417,9.096
2026-08-03 01:15:00,9930000,9937060,9923905,9931945,7.26
2026-08-03 01:30:00,9930653,9956751,9930653,9949258,12.957
2026-08-03 01:45:00,9949516,9954576,9942085,9942085,12.026
2026-08-03 02:00:00,9942215,9948258,9935188,9944322,9.778
2026-08-03 02:15:00,9945097,9966524,9940945,9953846,7.597
2026-08-03 02:30:00,9957320,9963386,9953440,9963386,9.029
2026-08-03 02:45:00,9964158,9967986,9960720,9962225,7.275
2026-08-03 03:00:00,9962770,9967940,9956240,9963640,13.154
2026-08-03 03:15:00,9964427,9966667,9956240,9958865,16.362
2026-08-03 03:30:00,9959109,10009395,9958332,9991498,20.991
2026-08-03 03:45:00,9992775,9994533,9969120,9975315,10.853
2026-08-03 04:00:00,9974029,9974637,9961499,9966959,18.424
2026-08-03 04:15:00,9965964,9971484,9961732,9964087,8.616
2026-08-03 04:30:00,9964521,9979184,9961835,9976433,10.168
2026-08-03 04:45:00,9976849,9990000,9976849,9982900,8.308
2026-08-03 05:00:00,9983528,9988246,9974416,9986611,13.288
2026-08-03 05:15:00,9983481,9992058,9973000,9975972,14.218
2026-08-03 05:30:00,9976416,9983885,9974695,9979033,5.23
2026-08-03 05:45:00,9979783,9992762,9976580,9989441,21.639
2026-08-03 06:00:00,9989162,10005492,9981440,10000645,21.974
2026-08-03 06:15:00,10004399,10010000,9999617,10008435,8.953
2026-08-03 06:30:00,10009334,10041065,10000122,10026990,20.177
2026-08-03 06:45:00,10027927,10040090,10004010,10007626,19.797
2026-08-03 07:00:00,10007244,10027650,9981942,9990000,32.847
2026-08-03 07:15:00,9990000,10017329,9988248,9992647,30.179
2026-08-03 07:30:00,9993007,9997680,9952884,9977826,23.215
2026-08-03 07:45:00,9979342,9987556,9951760,9964715,15.58
2026-08-03 08:00:00,9962586,9971173,9947742,9968585,28.436
2026-08-03 08:15:00,9968480,10015214,9967711,10006289,22.432
2026-08-03 08:30:00,10006592,10019043,9999505,10010083,19.49
2026-08-03 08:45:00,10008713,10013984,9997104,10002597,15.019
2026-08-03 09:00:00,10006059,10013959,9987193,9995748,22.632
2026-08-03 09:15:00,9996083,10002455,9894813,9898931,51.814
2026-08-03 09:30:00,9898220,9903219,9828013,9833981,101.853
2026-08-03 09:45:00,9832481,9878347,9820926,9875463,95.633
2026-08-03 10:00:00,9874514,9897404,9833738,9858161,62.158
2026-08-03 10:15:00,9858161,9873351,9848197,9860518,31.218
2026-08-03 10:30:00,9856862,9878544,9853506,9873949,24.273
2026-08-03 10:45:00,9873808,9877006,9862265,9872238,14.133
2026-08-03 11:00:00,9871508,9886430,9866943,9881174,20.318
2026-08-03 11:15:00,9882545,9892215,9862828,9865479,28.16
2026-08-03 11:30:00,9867159,9877001,9862532,9870352,21.737
2026-08-03 11:45:00,9873233,9878440,9861040,9870645,13.037
2026-08-03 12:00:00,9867928,9882177,9865398,9869734,15.168
2026-08-03 12:15:00,9870119,9872558,9856560,9863429,16.475
2026-08-03 12:30:00,9864476,9866474,9851520,9860354,29.055
2026-08-03 12:45:00,9860248,9860847,9814768,9828671,21.391
2026-08-03 13:00:00,9827348,9837360,9812494,9825126,22.291
2026-08-03 13:15:00,9824366,9847933,9823722,9845344,9.624
2026-08-03 13:30:00,9845390,9849200,9837014,9838440,14.1
2026-08-03 13:45:00,9838440,9838857,9808126,9812186,21.258
2026-08-03 14:00:00,9812807,9825730,9800907,9820109,18.513
2026-08-03 14:15:00,9819823,9826289,9809520,9817623,22.944
2026-08-03 14:30:00,9816345,9824835,9806324,9814690,8.637
2026-08-03 14:45:00,9814644,9825436,9812615,9815609,9.777
2026-08-03 15:00:00,9815470,9823329,9809520,9821065,21.776
2026-08-03 15:15:00,9819223,9827897,9815565,9825869,17.332
2026-08-03 15:30:00,9824642,9837138,9806017,9806017,21.961
2026-08-03 15:45:00,9807116,9817128,9803765,9805628,15.422
2026-08-03 16:00:00,9806054,9812532,9790227,9792597,22.272
2026-08-03 16:15:00,9791659,9805773,9782208,9798604,19.937
2026-08-03 16:30:00,9797548,9810633,9791040,9810633,17.617
2026-08-03 16:45:00,9810428,9814277,9800513,9804903,11.8
2026-08-03 17:00:00,9806448,9809195,9785000,9796826,14.547
2026-08-03 17:15:00,9795704,9799386,9760000,9763303,26.216
2026-08-03 17:30:00,9761920,9783658,9748705,9783658,26.157
2026-08-03 17:45:00,9783233,9803602,9782171,9803602,8.56
2026-08-03 18:00:00,9805097,9813403,9800582,9810326,14.081
2026-08-03 18:15:00,9809201,9826796,9808181,9826796,9.434
2026-08-03 18:30:00,9825771,9841148,9823461,9838730,8.646
2026-08-03 18:45:00,9839510,9859699,9834390,9857300,15.808
2026-08-03 19:00:00,9857224,9858330,9836836,9840782,6.136
2026-08-03 19:15:00,9839210,9848837,9829221,9831740,9.422
2026-08-03 19:30:00,9830662,9831292,9815680,9825890,11.123
2026-08-03 19:45:00,9824787,9831272,9810082,9825206,21.684
2026-08-03 20:00:00,9825206,9826670,9797095,9807727,10.342
2026-08-03 20:15:00,9807294,9834087,9805664,9828465,8.787
2026-08-03 20:30:00,9826728,9840913,9823582,9828224,7.132
2026-08-03 20:45:00,9826522,9828110,9787047,9790017,29.48
2026-08-03 21:00:00,9790564,9800971,9770065,9784612,19.077
2026-08-03 21:15:00,9785670,9807793,9783709,9799212,10.846
2026-08-03 21:30:00,9799036,9832068,9797760,9831793,11.713
2026-08-03 21:45:00,9832583,9836205,9812629,9818387,9.719
2026-08-03 22:00:00,9818436,9837520,9815732,9827340,19.153
2026-08-03 22:15:00,9828562,9849392,9799440,9807087,33.204
2026-08-03 22:30:00,9806523,9830110,9773588,9822156,36.874
2026-08-03 22:45:00,9822758,9908135,9808401,9895353,54.831
2026-08-03 23:00:00,9895222,9924639,9866646,9906906,46.247
2026-08-03 23:15:00,9906539,9973227,9872300,9968210,59.485
2026-08-03 23:30:00,9968709,9994772,9946868,9983264,44.833
2026-08-03 23:45:00,9983076,10010000,9961661,10006056,36.381
2026-08-04 00:00:00,10004603,10010000,9981608,9991073,23.787
2026-08-04 00:15:00,9991738,9998549,9972379,9976015,17.003
2026-08-04 00:30:00,9976381,10006523,9972613,10001000,32.593
2026-08-04 00:45:00,10001509,10013120,9984654,9991635,14.11
2026-08-04 01:00:00,9992456,10022320,9985047,10002488,18.147
2026-08-04 01:15:00,10002271,10020417,9997511,10014092,28.929
2026-08-04 01:30:00,10013534,10014897,9985000,9992788,9.484
2026-08-04 01:45:00,9994669,10009935,9988637,9992471,5.954
2026-08-04 02:00:00,9993126,10011452,9984131,10009413,10.604
2026-08-04 02:15:00,10010014,10040000,10005823,10008994,37.762
2026-08-04 02:30:00,10007527,10026205,10002504,10018538,12.416
2026-08-04 02:45:00,10018705,10028193,10014196,10022613,13.466
2026-08-04 03:00:00,10022943,10034677,10017000,10028446,20.828
2026-08-04 03:15:00,10029936,10032233,10000540,10008452,11.442
2026-08-04 03:30:00,10010000,10019522,9999565,10005112,8.676
2026-08-04 03:45:00,10006605,10013185,9992123,10004417,17.518
2026-08-04 04:00:00,10004079,10016592,9999360,10015000,8.233
2026-08-04 04:15:00,10016040,10033087,10015479,10024877,8.81
2026-08-04 04:30:00,10026291,10047292,10012137,10025545,11.946
2026-08-04 04:45:00,10026148,10029803,10013525,10013980,7.796
2026-08-04 05:00:00,10014027,10033429,10007435,10023136,8.03
2026-08-04 05:15:00,10025202,10047473,10023663,10039815,23.024
2026-08-04 05:30:00,10041492,10041937,10027647,10033971,7.301
2026-08-04 05:45:00,10034352,10035735,10016811,10021818,16.984
2026-08-04 06:00:00,10021773,10022880,10013466,10014571,9.111
2026-08-04 06:15:00,10013357,10023519,10007241,10012455,8.805
2026-08-04 06:30:00,10012248,10014244,9999885,10002941,5.188
2026-08-04 06:45:00,10002543,10002543,9982862,9990913,8.695
2026-08-04 07:00:00,9990161,9996559,9970000,9988901,15.692
2026-08-04 07:15:00,9987775,10015480,9987391,9995945,8.879
2026-08-04 07:30:00,9994518,9997346,9985634,9989771,8.142
2026-08-04 07:45:00,9990054,10007896,9989234,10003256,5.214
2026-08-04 08:00:00,10001258,10002960,9987011,9988844,6.834
2026-08-04 08:15:00,9990504,10000931,9988000,9997095,7.459
2026-08-04 08:30:00,9996253,9999793,9989092,9996301,9.472
2026-08-04 08:45:00,9997008,10010000,9995277,10004400,9.837
2026-08-04 09:00:00,10004844,10007034,9982024,9984631,16.064
2026-08-04 09:15:00,9985222,9985409,9964215,9973146,14.976
2026-08-04 09:30:00,9973146,9976542,9960000,9972169,15.524
2026-08-04 09:45:00,9971998,9988409,9961620,9971633,18.954
2026-08-04 10:00:00,9974001,9995599,9972698,9994806,15.552
2026-08-04 10:15:00,9995000,10007535,9983243,9999826,11.633
2026-08-04 10:30:00,10000461,10052000,9998266,10036496,25.236
2026-08-04 10:45:00,10038852,10052000,10029656,10051833,18.365
2026-08-04 11:00:00,10051842,10057808,10041651,10041651,17.742
2026-08-04 11:15:00,10044478,10046371,10032197,10036986,10.392
2026-08-04 11:30:00,10034815,10077169,10031992,10063148,25.329
2026-08-04 11:45:00,10064195,10067951,10051666,10056858,9.512
2026-08-04 12:00:00,10055321,10056554,10032253,10033088,13.42
2026-08-04 12:15:00,10032347,10045800,10023115,10042121,15.746
2026-08-04 12:30:00,10044173,10056804,10040443,10052201,18.686
2026-08-04 12:45:00,10052227,10052715,10047220,10051901,6.774
2026-08-04 13:00:00,10049336,10055072,10041497,10051132,6.617
2026-08-04 13:15:00,10052297,10063130,10050349,10052595,9.856
2026-08-04 13:30:00,10054803,10081000,10054803,10080387,11.778
2026-08-04 13:45:00,10080558,10112000,10076871,10084722,32.657
2026-08-04 14:00:00,10087000,10088002,10054892,10054892,10.82
2026-08-04 14:15:00,10054892,10065216,10050000,10052850,4.186
2026-08-04 14:30:00,10051966,10068543,10051319,10068543,6.773
2026-08-04 14:45:00,10067460,10067601,10057810,10060005,10.648
2026-08-04 15:00:00,10058597,10068234,10053251,10056664,21.036
2026-08-04 15:15:00,10056663,10063627,10044086,10048411,12.25
2026-08-04 15:30:00,10048379,10049959,10036886,10042938,9.864
2026-08-04 15:45:00,10042924,10044877,10032490,10035661,9.528
2026-08-04 16:00:00,10035661,10039179,10023000,10026363,10.079
2026-08-04 16:15:00,10026123,10028491,10006301,10028235,13.558
2026-08-04 16:30:00,10026785,10044149,10025253,10037075,7.758
2026-08-04 16:45:00,10038145,10050000,10037440,10041000,14.945
2026-08-04 17:00:00,10040340,10046384,10029238,10032516,7.704
2026-08-04 17:15:00,10032944,10036821,10023707,10028478,6.6
2026-08-04 17:30:00,10029047,10029047,10018277,10028078,6.518
2026-08-04 17:45:00,10028864,10030571,10023239,10025046,5.654
2026-08-04 18:00:00,10024915,10032712,10023500,10027738,13.656
2026-08-04 18:15:00,10027716,10034029,10020622,10030557,5.084
2026-08-04 18:30:00,10028981,10034520,10023281,10029720,6.016
2026-08-04 18:45:00,10029637,10039000,10027017,10035505,6.176
2026-08-04 19:00:00,10036988,10038673,10023356,10023762,5.737
2026-08-04 19:15:00,10022644,10031855,10014292,10015199,6.05
2026-08-04 19:30:00,10015018,10045000,10014000,10041644,13.245
2026-08-04 19:45:00,10040939,10066340,10039283,10051893,17.152
2026-08-04 20:00:00,10053792,10058794,10043250,10046403,8.452
2026-08-04 20:15:00,10045465,10062790,10041031,10052797,11.058
2026-08-04 20:30:00,10050830,10057344,10032344,10054830,18.463
2026-08-04 20:45:00,10054735,10070393,10050899,10055879,25.1
2026-08-04 21:00:00,10054823,10054823,10035760,10038621,12.818
2026-08-04 21:15:00,10038751,10053358,10038751,10053358,7.032
2026-08-04 21:30:00,10053670,10081716,10046379,10065085,25.003
2026-08-04 21:45:00,10066473,10071600,10052924,10057423,8.49
2026-08-04 22:00:00,10056708,10075887,10047915,10065473,9.868
2026-08-04 22:15:00,10065832,10075228,10048370,10053378,17.212
2026-08-04 22:30:00,10052516,10076229,10039902,10063274,26.987
2026-08-04 22:45:00,10062115,10063694,10008320,10014974,35.058
2026-08-04 23:00:00,10018068,10047198,10001040,10027983,18.608
2026-08-04 23:15:00,10026091,10049901,10001600,10047904,15.115
2026-08-04 23:30:00,10048946,10099212,10043600,10091153,26.051
2026-08-04 23:45:00,10093141,10101631,10080002,10092856,15.198
2026-08-05 00:00:00,10096214,10109830,10071941,10080538,14.269
2026-08-05 00:15:00,10081091,10085451,10065272,10067459,5.848
2026-08-05 00:30:00,10067643,10089666,10045491,10088332,14.536
2026-08-05 00:45:00,10088653,10104500,10082739,10085535,18.122
2026-08-05 01:00:00,10087861,10087926,10068553,10076815,5.547
2026-08-05 01:15:00,10075891,10086234,10072623,10075513,10.056
2026-08-05 01:30:00,10074387,10081493,10059640,10067589,9.504
2026-08-05 01:45:00,10067488,10076476,10063855,10066834,6.636
2026-08-05 02:00:00,10065952,10102902,10065171,10085537,13.848
2026-08-05 02:15:00,10085657,10107103,10081462,10104045,8.591
2026-08-05 02:30:00,10103338,10106971,10092782,10093154,6.638
2026-08-05 02:45:00,10092835,10094637,10062409,10076219,8.224
2026-08-05 03:00:00,10074703,10115800,10074693,10113464,9.076
2026-08-05 03:15:00,10114107,10147773,10113328,10139585,17.463
2026-08-05 03:30:00,10142428,10145890,10116208,10130063,11.682
2026-08-05 03:45:00,10130415,10136759,10127423,10132943,10.602
2026-08-05 04:00:00,10132943,10147097,10128714,10144338,15.6
2026-08-05 04:15:00,10145261,10149166,10131109,10132971,7.108
2026-08-05 04:30:00,10131978,10153770,10127222,10148838,11.913
2026-08-05 04:45:00,10150726,10152300,10126307,10128349,8.728
2026-08-05 05:00:00,10130512,10132640,10110932,10122756,19.511
2026-08-05 05:15:00,10120932,10120932,10088331,10110000,9.927
2026-08-05 05:30:00,10112693,10155492,10112693,10150631,17.395
2026-08-05 05:45:00,10149609,10149609,10136220,10142705,6.848
2026-08-05 06:00:00,10142905,10143306,10125000,10128235,9.108
2026-08-05 06:15:00,10130935,10137535,10121770,10131680,4.664
2026-08-05 06:30:00,10130226,10137202,10122183,10133206,5.954
2026-08-05 06:45:00,10132000,10134667,10119689,10124213,7.388
2026-08-05 07:00:00,10124422,10128426,10112544,10126776,6.814
2026-08-05 07:15:00,10125786,10132640,10118864,10131517,5.699
2026-08-05 07:30:00,10129907,10137607,10123002,10123002,3.732
2026-08-05 07:45:00,10125303,10130589,10117538,10129243,5.486
2026-08-05 08:00:00,10130227,10162858,10120430,10155104,16.698
2026-08-05 08:15:00,10154305,10174419,10120523,10120523,15.653
2026-08-05 08:30:00,10120453,10135752,10116710,10128657,8.526
2026-08-05 08:45:00,10127778,10129583,10100160,10102409,9.979
2026-08-05 09:00:00,10101302,10106709,10084840,10089696,13.565
2026-08-05 09:15:00,10087808,10092229,10080000,10090733,8.68
2026-08-05 09:30:00,10091957,10107956,10081991,10091274,10.278
2026-08-05 09:45:00,10091109,10091109,10070500,10075090,12.863
2026-08-05 10:00:00,10076524,10079751,10068720,10076145,6.964
2026-08-05 10:15:00,10074881,10100000,10070044,10097362,8.5
2026-08-05 10:30:00,10098556,10128358,10098556,10110000,9.316
2026-08-05 10:45:00,10108394,10136655,10108213,10133358,9.008
2026-08-05 11:00:00,10134770,10158902,10132628,10147865,16.128
2026-08-05 11:15:00,10148343,10149440,10127476,10140664,20.801
2026-08-05 11:30:00,10142006,10148925,10128897,10130294,7.624
2026-08-05 11:45:00,10130423,10139412,10126912,10129696,5.776
2026-08-05 12:00:00,10128508,10139768,10123450,10124352,6.412
2026-08-05 12:15:00,10123438,10124614,10082000,10083574,24.939
2026-08-05 12:30:00,10083349,10105968,10082512,10097469,8.031
2026-08-05 12:45:00,10098187,10102846,10093646,10099156,6.532
2026-08-05 13:00:00,10101154,10103625,10087828,10089018,6.849
2026-08-05 13:15:00,10088286,10101245,10084564,10097821,7.099
2026-08-05 13:30:00,10100157,10110580,10097859,10108832,2.548
2026-08-05 13:45:00,10109690,10116470,10103338,10113827,3.584
2026-08-05 14:00:00,10114427,10137914,10111780,10134250,6.562
2026-08-05 14:15:00,10132858,10162393,10130357,10148691,10.814
2026-08-05 14:30:00,10149023,10149023,10135991,10137790,4.836
2026-08-05 14:45:00,10140000,10140242,10131328,10133516,4.85
2026-08-05 15:00:00,10132553,10140864,10126482,10132628,5.21
2026-08-05 15:15:00,10132530,10140888,10130000,10134151,5.766
2026-08-05 15:30:00,10134950,10140305,10126602,10126602,6.672
2026-08-05 15:45:00,10126938,10126938,10116010,10119335,6.014
2026-08-05 16:00:00,10118872,10123731,10110795,10115493,7.788
2026-08-05 16:15:00,10112975,10114179,10089264,10100006,11.655
2026-08-05 16:30:00,10099868,10101181,10085285,10085582,4.64
2026-08-05 16:45:00,10089140,10112899,10088937,10111569,6.732
2026-08-05 17:00:00,10112899,10131748,10110544,10128525,17.241
2026-08-05 17:15:00,10129172,10139058,10121185,10137110,4.197
2026-08-05 17:30:00,10136583,10140787,10118813,10121964,3.648
2026-08-05 17:45:00,10120370,10125360,10111099,10114998,19.853
2026-08-05 18:00:00,10114528,10124219,10110978,10118851,4.508
2026-08-05 18:15:00,10115642,10125218,10115537,10120933,3.396
2026-08-05 18:30:00,10120481,10126514,10116000,10116000,2.996
2026-08-05 18:45:00,10116633,10120000,10113780,10117403,2.92
2026-08-05 19:00:00,10116071,10125434,10110588,10119719,4.46
2026-08-05 19:15:00,10117000,10129816,10106400,10125587,4.448
2026-08-05 19:30:00,10124900,10128488,10120858,10124587,2.401
2026-08-05 19:45:00,10122985,10125485,10094527,10097400,10.73
2026-08-05 20:00:00,10099039,10106688,10094880,10096250,8.539
2026-08-05 20:15:00,10098218,10099258,10086278,10090696,11.813
2026-08-05 20:30:00,10090020,10104137,10087896,10095327,6.239
2026-08-05 20:45:00,10094120,10096883,10085998,10089582,7.028
2026-08-05 21:00:00,10090179,10118331,10087612,10111994,11.132
2026-08-05 21:15:00,10111319,10160000,10106685,10152640,42.495
2026-08-05 21:30:00,10153998,10157000,10137681,10150343,14.321
2026-08-05 21:45:00,10150000,10150000,10131390,10133465,7.324
2026-08-05 22:00:00,10133542,10135927,10098704,10104290,18.825
2026-08-05 22:15:00,10104111,10119760,10101374,10104000,7.099
2026-08-05 22:30:00,10104856,10123233,10058506,10101183,33.314
2026-08-05 22:45:00,10103761,10141243,10081246,10141243,23.891
2026-08-05 23:00:00,10140575,10152551,10122257,10137723,16.413
2026-08-05 23:15:00,10138773,10156988,10118750,10127439,18.416
2026-08-05 23:30:00,10126699,10146422,10120339,10141607,10.698
2026-08-05 23:45:00,10140464,10159213,10129391,10145636,12.56
2026-08-06 00:00:00,10147111,10194771,10140476,10174000,30.97
2026-08-06 00:15:00,10175862,10178709,10150564,10158795,14.436
2026-08-06 00:30:00,10159454,10194998,10159454,10170018,8.086
2026-08-06 00:45:00,10168965,10172272,10146101,10147083,7.334
2026-08-06 01:00:00,10151617,10182252,10147231,10182252,9.032
2026-08-06 01:15:00,10180516,10204320,10173158,10201735,11.092
2026-08-06 01:30:00,10202385,10202963,10188774,10192569,5.196
2026-08-06 01:45:00,10190359,10197313,10183000,10194060,5.348
2026-08-06 02:00:00,10195410,10198735,10179189,10181807,7.796
2026-08-06 02:15:00,10180250,10187857,10174069,10182055,7.792
2026-08-06 02:30:00,10180284,10200242,10177676,10191844,11.062
2026-08-06 02:45:00,10191488,10208562,10189000,10202000,12.584
2026-08-06 03:00:00,10202432,10209078,10186209,10209078,10.008
2026-08-06 03:15:00,10207652,10210369,10188018,10196023,7.801
2026-08-06 03:30:00,10194342,10208918,10187831,10208517,4.528
2026-08-06 03:45:00,10209068,10215272,10203282,10210226,8.054
2026-08-06 04:00:00,10209373,10229638,10207433,10221680,13.335
2026-08-06 04:15:00,10222619,10230205,10221168,10228764,5.237
2026-08-06 04:30:00,10227925,10229636,10220459,10224821,2.684
2026-08-06 04:45:00,10226112,10231543,10215520,10217471,4.112
2026-08-06 05:00:00,10216830,10232307,10211419,10232307,7.547
2026-08-06 05:15:00,10232436,10249045,10226492,10243600,23.173
2026-08-06 05:30:00,10243901,10253600,10233754,10243320,21.992
2026-08-06 05:45:00,10242605,10246257,10219469,10219829,4.326
2026-08-06 06:00:00,10218812,10219637,10199955,10212482,8.304
2026-08-06 06:15:00,10212109,10213859,10191960,10195791,5.662
2026-08-06 06:30:00,10194465,10210294,10193718,10202377,13.01
2026-08-06 06:45:00,10200326,10207657,10192675,10200172,9.286
2026-08-06 07:00:00,10200108,10204179,10186584,10195238,6.32
2026-08-06 07:15:00,10194533,10207120,10192690,10203190,5.139
2026-08-06 07:30:00,10203386,10211957,10195510,10198103,8.042
2026-08-06 07:45:00,10198352,10202063,10185284,10187000,4.458
2026-08-06 08:00:00,10186669,10195349,10177276,10191713,3.868
2026-08-06 08:15:00,10189769,10203170,10182702,10194435,5.63
2026-08-06 08:30:00,10194435,10197751,10188343,10188343,5.426
2026-08-06 08:45:00,10187466,10188215,10171338,10186602,7.855
2026-08-06 09:00:00,10187200,10194025,10180518,10180518,7.712
2026-08-06 09:15:00,10181992,10200602,10176160,10196319,5.382
2026-08-06 09:30:00,10198592,10202404,10188846,10190523,2.448
2026-08-06 09:45:00,10190505,10201012,10185203,10192931,4.959
2026-08-06 10:00:00,10190719,10193152,10181615,10187904,4.768
2026-08-06 10:15:00,10186568,10188084,10166343,10166960,5.206
2026-08-06 10:30:00,10166808,10180631,10160663,10173176,6.776
2026-08-06 10:45:00,10172505,10190000,10172505,10178674,3.526
2026-08-06 11:00:00,10176590,10185445,10166448,10170733,6.794
2026-08-06 11:15:00,10170733,10174958,10154718,10168480,13.211
2026-08-06 11:30:00,10168263,10175175,10160813,10175175,4.9
2026-08-06 11:45:00,10175954,10179625,10170000,10176474,4.091
2026-08-06 12:00:00,10176325,10178907,10167369,10177323,2.662
2026-08-06 12:15:00,10177549,10177549,10168648,10173435,1.832
2026-08-06 12:30:00,10173964,10178685,10167243,10167243,3.384
2026-08-06 12:45:00,10168324,10177051,10167000,10174262,2.348
2026-08-06 13:00:00,10172650,10183353,10164625,10179832,4.11
2026-08-06 13:15:00,10179168,10199140,10179143,10198460,8.68
2026-08-06 13:30:00,10198650,10205776,10192285,10193065,4.968
2026-08-06 13:45:00,10193995,10205283,10189303,10204077,3.154
2026-08-06 14:00:00,10205582,10244795,10205011,10232846,17.738
2026-08-06 14:15:00,10234765,10247998,10229772,10231413,7.524
2026-08-06 14:30:00,10231272,10236080,10224219,10230984,7.777
2026-08-06 14:45:00,10231287,10233249,10221745,10231220,9.674
2026-08-06 15:00:00,10230996,10230996,10209915,10212983,5.744
2026-08-06 15:15:00,10212283,10225289,10205665,10223532,7.326
2026-08-06 15:30:00,10223803,10228963,10222226,10227186,2.758
2026-08-06 15:45:00,10226752,10230922,10221317,10230589,2.014
2026-08-06 16:00:00,10230502,10241534,10222618,10240477,5.08
2026-08-06 16:15:00,10238949,10240863,10227353,10229303,5.464
2026-08-06 16:30:00,10229314,10232867,10216080,10223203,8.477
2026-08-06 16:45:00,10223827,10228740,10219528,10223759,4.684
2026-08-06 17:00:00,10225534,10230990,10217087,10220418,8.044
2026-08-06 17:15:00,10219943,10239332,10216660,10239195,4.978
2026-08-06 17:30:00,10239473,10242281,10229499,10235271,7.752
2026-08-06 17:45:00,10234730,10251919,10233733,10246123,12.899
2026-08-06 18:00:00,10246395,10246395,10220000,10221409,20.334
2026-08-06 18:15:00,10221680,10234000,10211040,10212578,13.681
2026-08-06 18:30:00,10213317,10213317,10197041,10205506,7.132
2026-08-06 18:45:00,10203952,10210000,10197538,10207716,9.342
2026-08-06 19:00:00,10205258,10209679,10191284,10195541,11.569
2026-08-06 19:15:00,10195641,10209490,10195000,10205991,10.519
2026-08-06 19:30:00,10205246,10206140,10198907,10198907,3.501
2026-08-06 19:45:00,10198011,10202640,10197109,10199913,4.604
2026-08-06 20:00:00,10200400,10200960,10182587,10193754,12.713
2026-08-06 20:15:00,10196187,10204320,10191990,10192980,7.213
2026-08-06 20:30:00,10192974,10206238,10192423,10203624,3.066
2026-08-06 20:45:00,10204180,10205801,10192693,10198000,7.124
2026-08-06 21:00:00,10198435,10200643,10172073,10175624,13.803
2026-08-06 21:15:00,10175359,10180507,10162549,10178646,14.431
2026-08-06 21:30:00,10178417,10191675,10173792,10180348,11.939
2026-08-06 21:45:00,10180853,10181579,10159520,10167533,8.72
2026-08-06 22:00:00,10163365,10165838,10129513,10140398,18.0
2026-08-06 22:15:00,10139695,10148378,10125943,10135385,14.622
2026-08-06 22:30:00,10137088,10164951,10120740,10159844,25.834
2026-08-06 22:45:00,10160401,10177531,10152921,10165000,12.652
2026-08-06 23:00:00,10164379,10204509,10155934,10187428,33.01
2026-08-06 23:15:00,10186769,10204385,10178293,10180000,23.532
2026-08-06 23:30:00,10179344,10247747,10168087,10236894,21.364
2026-08-06 23:45:00,10240810,10246605,10224851,10234000,20.848
2026-08-07 00:00:00,10235050,10278800,10234104,10263218,58.993
2026-08-07 00:15:00,10261802,10269026,10240720,10258162,28.64
2026-08-07 00:30:00,10260670,10265390,10239691,10250703,5.974
2026-08-07 00:45:00,10247315,10266925,10229479,10235850,9.48
2026-08-07 01:00:00,10237046,10253966,10231694,10240189,5.85
2026-08-07 01:15:00,10240395,10246272,10225492,10235893,16.733
2026-08-07 01:30:00,10238071,10254458,10233050,10247163,9.256
2026-08-07 01:45:00,10247481,10257540,10239023,10252203,6.548
2026-08-07 02:00:00,10254913,10264000,10244448,10244448,8.085
2026-08-07 02:15:00,10243377,10248647,10234992,10237151,5.606
2026-08-07 02:30:00,10235455,10241918,10213517,10221406,9.236
2026-08-07 02:45:00,10221696,10228853,10217761,10224784,3.388
2026-08-07 03:00:00,10223075,10228226,10200981,10212206,5.8
2026-08-07 03:15:00,10213158,10222658,10206340,10208832,5.83
2026-08-07 03:30:00,10211589,10211589,10193288,10195950,5.474
2026-08-07 03:45:00,10195916,10198977,10185785,10190414,2.296
2026-08-07 04:00:00,10190373,10201814,10189776,10198473,6.3
2026-08-07 04:15:00,10193937,10201823,10193922,10196715,3.626
2026-08-07 04:30:00,10198629,10205859,10190059,10201202,2.446
2026-08-07 04:45:00,10205015,10208948,10199802,10204210,5.398
2026-08-07 05:00:00,10205345,10221247,10205345,10220310,4.394
2026-08-07 05:15:00,10220164,10222713,10212662,10217413,18.267
2026-08-07 05:30:00,10216663,10218898,10211801,10213136,1.787
2026-08-07 05:45:00,10213278,10216080,10208653,10208653,2.398
2026-08-07 06:00:00,10208653,10218832,10208155,10214205,6.019
2026-08-07 06:15:00,10214205,10219263,10208090,10208090,2.742
2026-08-07 06:30:00,10209142,10215520,10200083,10208826,7.647
2026-08-07 06:45:00,10207190,10212616,10205109,10207027,2.883
2026-08-07 07:00:00,10207721,10210133,10198616,10207554,3.876
2026-08-07 07:15:00,10208090,10209000,10191055,10195694,3.908
2026-08-07 07:30:00,10196437,10199180,10190564,10192486,3.522
2026-08-07 07:45:00,10193793,10196461,10190350,10192939,1.66
2026-08-07 08:00:00,10190991,10195516,10187756,10188617,3.43
2026-08-07 08:15:00,10189440,10190699,10170874,10173813,5.917
2026-08-07 08:30:00,10174725,10177127,10167627,10172730,5.313
2026-08-07 08:45:00,10170227,10189531,10165480,10188379,5.244
2026-08-07 09:00:00,10187933,10202436,10185133,10186973,7.498
2026-08-07 09:15:00,10187464,10188970,10176928,10182629,3.526
2026-08-07 09:30:00,10183149,10193992,10177514,10192494,6.312
2026-08-07 09:45:00,10194290,10197338,10179206,10190000,8.654
2026-08-07 10:00:00,10193329,10212720,10190826,10192769,6.155
2026-08-07 10:15:00,10191505,10202026,10183541,10201566,4.438
2026-08-07 10:30:00,10200294,10208799,10176792,10186206,8.398
2026-08-07 10:45:00,10187760,10200124,10187760,10195683,3.623
2026-08-07 11:00:00,10195673,10198075,10171054,10188524,6.232
2026-08-07 11:15:00,10190448,10212195,10175270,10177248,23.471
2026-08-07 11:30:00,10180390,10191884,10170781,10190108,10.136
2026-08-07 11:45:00,10190185,10199307,10185497,10188597,9.054
2026-08-07 12:00:00,10186767,10192560,10175000,10181342,11.955
2026-08-07 12:15:00,10181323,10183343,10171795,10179339,7.65
2026-08-07 12:30:00,10179569,10188326,10176346,10184005,6.862
2026-08-07 12:45:00,10181433,10189501,10172000,10175689,5.562
2026-08-07 13:00:00,10174799,10181376,10168681,10178085,11.346
2026-08-07 13:15:00,10178000,10184832,10171840,10174914,8.032
2026-08-07 13:30:00,10173807,10183504,10169995,10170821,6.526
2026-08-07 13:45:00,10171645,10173634,10153887,10168212,9.876
2026-08-07 14:00:00,10168475,10169530,10158091,10166692,2.988
2026-08-07 14:15:00,10165174,10168898,10154848,10157877,2.888
2026-08-07 14:30:00,10157856,10176228,10157856,10173027,2.504
2026-08-07 14:45:00,10173850,10186581,10165369,10178672,5.26
2026-08-07 15:00:00,10176361,10190500,10173870,10188808,3.99
2026-08-07 15:15:00,10187161,10194970,10182185,10188945,4.943
2026-08-07 15:30:00,10189228,10190115,10175078,10180995,5.322
2026-08-07 15:45:00,10180609,10184316,10171053,10175007,8.904
2026-08-07 16:00:00,10173555,10185774,10168033,10180263,6.751
2026-08-07 16:15:00,10179686,10197000,10179680,10193680,11.718
2026-08-07 16:30:00,10194155,10197254,10188518,10190460,5.61
2026-08-07 16:45:00,10190095,10199321,10184775,10188551,6.008
2026-08-07 17:00:00,10186400,10197893,10182425,10194522,7.06
2026-08-07 17:15:00,10194481,10207462,10194167,10205815,5.684
2026-08-07 17:30:00,10207623,10234298,10207012,10229921,19.701
2026-08-07 17:45:00,10227622,10227622,10220033,10225025,3.391
2026-08-07 18:00:00,10225729,10250000,10223167,10245296,15.285
2026-08-07 18:15:00,10243642,10266102,10241894,10257173,9.518
2026-08-07 18:30:00,10258500,10275000,10254160,10267799,12.244
2026-08-07 18:45:00,10269000,10269033,10255091,10259666,11.24
2026-08-07 19:00:00,10260000,10265141,10253343,10261217,6.56
2026-08-07 19:15:00,10260702,10269519,10256144,10267743,2.13
2026-08-07 19:30:00,10268440,10272340,10256960,10258000,4.222
2026-08-07 19:45:00,10260075,10267779,10259208,10263578,3.304
2026-08-07 20:00:00,10265011,10278211,10262560,10276794,11.459
2026-08-07 20:15:00,10276794,10326400,10273273,10298967,33.051
2026-08-07 20:30:00,10300801,10302787,10283280,10285976,15.281
2026-08-07 20:45:00,10287505,10291109,10282500,10287039,4.694
2026-08-07 21:00:00,10286812,10330000,10286422,10317581,20.544
2026-08-07 21:15:00,10318458,10320728,10300000,10307683,12.65
2026-08-07 21:30:00,10307625,10400000,10204481,10254729,104.174
2026-08-07 21:45:00,10255021,10288788,10253087,10280710,21.526
2026-08-07 22:00:00,10283262,10291120,10263538,10266023,15.123
2026-08-07 22:15:00,10266352,10280641,10254261,10263555,12.054
2026-08-07 22:30:00,10263256,10296557,10254587,10290943,19.995
2026-08-07 22:45:00,10291785,10297308,10250000,10255554,21.665
2026-08-07 23:00:00,10255554,10262372,10223462,10233280,31.818
2026-08-07 23:15:00,10232871,10295253,10226755,10289563,17.345
2026-08-07 23:30:00,10289416,10300000,10272641,10278729,15.49
2026-08-07 23:45:00,10277881,10287499,10258416,10263509,8.848
2026-08-08 00:00:00,10264931,10273760,10256182,10260564,8.428
2026-08-08 00:15:00,10258939,10268387,10250285,10259988,6.862
2026-08-08 00:30:00,10259823,10278240,10240942,10248809,9.631
2026-08-08 00:45:00,10245847,10254875,10232000,10233054,9.391
2026-08-08 01:00:00,10234857,10250453,10231093,10244673,6.743
2026-08-08 01:15:00,10242547,10246000,10217217,10222134,11.261
2026-08-08 01:30:00,10225040,10230644,10212402,10227628,4.89
2026-08-08 01:45:00,10227706,10227706,10210000,10210000,5.56
2026-08-08 02:00:00,10210352,10214232,10187637,10189679,9.07
2026-08-08 02:15:00,10189241,10199280,10168897,10174874,17.415
2026-08-08 02:30:00,10172245,10191399,10160000,10189027,9.594
2026-08-08 02:45:00,10190115,10204104,10185853,10202982,4.746
2026-08-08 03:00:00,10204881,10228025,10203267,10224214,4.326
2026-08-08 03:15:00,10225686,10225686,10213743,10217391,3.266
2026-08-08 03:30:00,10217696,10221025,10203448,10203448,3.678
2026-08-08 03:45:00,10203520,10207109,10194262,10203679,3.244
2026-08-08 04:00:00,10205500,10227162,10204555,10221891,5.796
2026-08-08 04:15:00,10223720,10240168,10222736,10231188,5.542
2026-08-08 04:30:00,10231888,10241389,10228375,10234169,5.306
2026-08-08 04:45:00,10233640,10241948,10232417,10238455,3.634
2026-08-08 05:00:00,10239941,10252577,10237837,10251395,3.626
2026-08-08 05:15:00,10251406,10259195,10249952,10254376,1.724
2026-08-08 05:30:00,10253973,10261469,10251298,10256026,1.94
2026-08-08 05:45:00,10256456,10260881,10254621,10256515,2.77
2026-08-08 06:00:00,10257980,10268000,10257980,10265256,3.312
2026-08-08 06:15:00,10265487,10267892,10255000,10263587,2.76
2026-08-08 06:30:00,10263460,10280840,10260952,10265577,5.554
2026-08-08 06:45:00,10267371,10269035,10253386,10253479,1.86
2026-08-08 07:00:00,10253565,10253944,10247684,10251715,3.976
2026-08-08 07:15:00,10252000,10255832,10244848,10248820,2.772
2026-08-08 07:30:00,10249890,10249890,10232458,10232458,3.764
2026-08-08 07:45:00,10236849,10245799,10235425,10239269,3.268
2026-08-08 08:00:00,10238090,10238263,10228969,10237651,3.743
2026-08-08 08:15:00,10237651,10238828,10234451,10235723,1.534
2026-08-08 08:30:00,10235104,10241329,10235104,10239587,1.338
2026-08-08 08:45:00,10240187,10242880,10237008,10241573,1.464
2026-08-08 09:00:00,10241573,10241573,10240222,10240222,0.174
2026-08-08 11:00:00,10239952,10242811,10237011,10241940,0.574
2026-08-08 11:15:00,10241621,10244459,10240860,10242911,1.544
2026-08-08 11:30:00,10243806,10248659,10240320,10243892,2.092
2026-08-08 11:45:00,10243892,10244406,10242509,10244321,1.128
2026-08-08 12:00:00,10244321,10248565,10242901,10245464,1.95
2026-08-08 12:15:00,10248413,10260650,10248413,10258621,3.882
2026-08-08 12:30:00,10258768,10264940,10254120,10256192,2.23
2026-08-08 12:45:00,10257048,10261107,10253501,10259402,6.252
2026-08-08 13:00:00,10258766,10265366,10252259,10254330,4.328
2026-08-08 13:15:00,10253888,10260010,10253888,10259287,1.348
2026-08-08 13:30:00,10259287,10265366,10258792,10261810,3.25
2026-08-08 13:45:00,10261646,10265015,10259759,10260194,1.946
2026-08-08 14:00:00,10261249,10265918,10261022,10261022,1.908
2026-08-08 14:15:00,10261859,10270000,10261859,10269328,5.518
2026-08-08 14:30:00,10269564,10269991,10267186,10267752,0.584
2026-08-08 14:45:00,10267752,10269280,10262474,10267098,1.574
2026-08-08 15:00:00,10267043,10267043,10261903,10262500,0.51
2026-08-08 15:15:00,10262500,10263903,10260003,10262183,1.182
2026-08-08 15:30:00,10262094,10262412,10251804,10261712,3.126
2026-08-08 15:45:00,10263557,10266769,10262253,10262417,0.544
2026-08-08 16:00:00,10262320,10263788,10258206,10261907,2.266
2026-08-08 16:15:00,10262968,10264312,10260208,10262554,1.25
2026-08-08 16:30:00,10262554,10262554,10256085,10257103,3.265
2026-08-08 16:45:00,10256902,10261434,10256902,10259737,1.128
2026-08-08 17:00:00,10257725,10260482,10256717,10259972,1.245
2026-08-08 17:15:00,10259466,10262000,10258231,10262000,0.354
2026-08-08 17:30:00,10260614,10266498,10259794,10263564,1.41
2026-08-08 17:45:00,10261740,10261893,10254449,10258046,2.198
2026-08-08 18:00:00,10258543,10260601,10257564,10258272,0.426
2026-08-08 18:15:00,10258845,10262612,10258000,10262259,0.926
2026-08-08 18:30:00,10262999,10268420,10261626,10263639,3.998
2026-08-08 18:45:00,10264056,10265762,10261013,10261423,0.602
2026-08-08 19:00:00,10261001,10266053,10261000,10262508,1.888
2026-08-08 19:15:00,10262454,10265930,10260272,10265400,0.896
2026-08-08 19:30:00,10265593,10265593,10261120,10262836,0.744
2026-08-08 19:45:00,10262198,10263123,10261031,10261096,0.276
2026-08-08 20:00:00,10260045,10264612,10260045,10262164,0.67
2026-08-08 20:15:00,10260504,10260504,10255120,10256806,0.868
2026-08-08 20:30:00,10256369,10258166,10255731,10255895,0.354
2026-08-08 20:45:00,10255749,10257182,10253103,10256102,0.914
2026-08-08 21:00:00,10256102,10263887,10245904,10263887,2.636
2026-08-08 21:15:00,10262350,10269180,10254634,10255957,4.258
2026-08-08 21:30:00,10256042,10261499,10256042,10258821,1.774
2026-08-08 21:45:00,10259978,10265076,10259095,10261093,2.232
2026-08-08 22:00:00,10260787,10263476,10259200,10261726,0.954
2026-08-08 22:15:00,10262129,10264693,10259635,10260647,0.79
2026-08-08 22:30:00,10261502,10261502,10260000,10260441,1.162
2026-08-08 22:45:00,10260362,10263170,10258682,10262196,0.748
2026-08-08 23:00:00,10262196,10267510,10261441,10265774,1.048
2026-08-08 23:15:00,10268102,10280000,10264526,10276500,6.654
2026-08-08 23:30:00,10276500,10288821,10274650,10277859,13.646
2026-08-08 23:45:00,10275740,10287062,10275740,10278393,7.096
2026-08-09 00:00:00,10278577,10281898,10273000,10274263,2.376
2026-08-09 00:15:00,10274719,10275531,10270477,10272591,2.606
2026-08-09 00:30:00,10272311,10272311,10267847,10268028,1.092
2026-08-09 00:45:00,10267941,10271684,10265499,10266748,1.734
2026-08-09 01:00:00,10266778,10272319,10265625,10266172,0.844
2026-08-09 01:15:00,10265000,10267037,10262749,10266864,1.874
2026-08-09 01:30:00,10263881,10264148,10256006,10261717,1.772
2026-08-09 01:45:00,10261724,10270026,10260710,10267809,1.36
2026-08-09 02:00:00,10269344,10279358,10266563,10274077,2.358
2026-08-09 02:15:00,10275679,10275679,10271142,10274539,0.862
2026-08-09 02:30:00,10272884,10279300,10272108,10275604,1.404
2026-08-09 02:45:00,10275909,10276770,10273825,10276770,2.256
2026-08-09 03:00:00,10276977,10278117,10272995,10274320,0.488
2026-08-09 03:15:00,10272808,10273112,10260584,10263080,2.802
2026-08-09 03:30:00,10261916,10266845,10260957,10264897,1.346
2026-08-09 03:45:00,10263904,10263904,10262769,10262769,0.044
2026-08-09 04:00:00,10262816,10262816,10258858,10259700,1.528
2026-08-09 04:15:00,10260737,10261242,10259952,10261242,0.126
2026-08-09 04:30:00,10260485,10264316,10260379,10264316,0.582
2026-08-09 04:45:00,10263000,10271520,10263000,10269628,1.814
2026-08-09 05:00:00,10268098,10269709,10266692,10268462,0.71
2026-08-09 05:15:00,10269469,10269469,10265817,10268268,0.424
2026-08-09 05:30:00,10267978,10271063,10266746,10268570,0.646
2026-08-09 05:45:00,10269272,10272113,10266928,10268114,2.072
2026-08-09 06:00:00,10268546,10269862,10264581,10264581,0.758
2026-08-09 06:15:00,10264386,10266174,10263358,10263814,0.638
2026-08-09 06:30:00,10263583,10267102,10261599,10266787,0.584
2026-08-09 06:45:00,10266545,10266545,10255673,10260633,1.614
2026-08-09 07:00:00,10261106,10264199,10256882,10258178,2.268
2026-08-09 07:15:00,10257197,10261430,10255164,10257378,0.796
2026-08-09 07:30:00,10257344,10258351,10253000,10253844,1.935
2026-08-09 07:45:00,10253844,10253861,10248132,10248132,1.966
2026-08-09 08:00:00,10248548,10250369,10246164,10249642,0.984
2026-08-09 08:15:00,10249639,10253465,10247598,10247598,1.521
2026-08-09 08:30:00,10248176,10254000,10247902,10252016,1.154
2026-08-09 08:45:00,10252933,10252933,10249318,10250769,0.628
2026-08-09 09:00:00,10250945,10251525,10249097,10250229,0.39
2026-08-09 09:15:00,10248079,10251534,10247445,10249514,0.604
2026-08-09 09:30:00,10249514,10253038,10249160,10250000,2.642
2026-08-09 09:45:00,10250173,10251084,10245471,10248536,1.02
2026-08-09 10:00:00,10247920,10253500,10247920,10250361,1.248
2026-08-09 10:15:00,10250584,10251000,10232178,10234223,5.83
2026-08-09 10:30:00,10234215,10239393,10233677,10237632,1.924
2026-08-09 10:45:00,10238330,10239784,10230242,10232944,2.166
2026-08-09 11:00:00,10233000,10234399,10226371,10231203,2.604
2026-08-09 11:15:00,10232481,10232874,10228917,10231548,0.91
2026-08-09 11:30:00,10232132,10232132,10222409,10222409,2.662
2026-08-09 11:45:00,10222409,10227257,10218740,10226387,3.015
2026-08-09 12:00:00,10225146,10225146,10212703,10213870,1.714
2026-08-09 12:15:00,10212425,10223464,10210489,10220283,3.893
2026-08-09 12:30:00,10220674,10223704,10216361,10223216,1.342
2026-08-09 12:45:00,10223096,10223360,10216325,10218404,5.449
2026-08-09 13:00:00,10218404,10224334,10216936,10224334,1.976
2026-08-09 13:15:00,10224334,10226709,10213950,10225733,5.114
2026-08-09 13:30:00,10226311,10227136,10222701,10223378,1.955
2026-08-09 13:45:00,10223378,10224480,10220000,10222240,0.566
2026-08-09 14:00:00,10220761,10222800,10216162,10220393,2.243
2026-08-09 14:15:00,10220518,10221276,10218791,10220229,0.326
2026-08-09 14:30:00,10219389,10221667,10219389,10221667,0.13
2026-08-09 14:45:00,10218844,10224405,10218619,10223834,0.772
2026-08-09 15:00:00,10223304,10227214,10222975,10227000,0.593
2026-08-09 15:15:00,10226423,10232345,10226423,10232313,2.911
2026-08-09 15:30:00,10232718,10233718,10231164,10232048,1.466
2026-08-09 15:45:00,10232914,10233923,10228799,10228799,0.982
2026-08-09 16:00:00,10227157,10230267,10226614,10229225,1.584
2026-08-09 16:15:00,10227919,10229399,10225365,10228960,1.209
2026-08-09 16:30:00,10228283,10230080,10225815,10227283,0.911
2026-08-09 16:45:00,10227283,10227283,10223328,10224483,1.27
2026-08-09 17:00:00,10223961,10242648,10223961,10239938,5.925
2026-08-09 17:15:00,10240227,10243900,10234040,10234562,2.448
2026-08-09 17:30:00,10235013,10237597,10220367,10220591,3.112
2026-08-09 17:45:00,10221227,10225404,10218505,10222900,3.878
2026-08-09 18:00:00,10224273,10226594,10223347,10225233,0.544
2026-08-09 18:15:00,10225233,10227550,10221347,10221998,1.508
2026-08-09 18:30:00,10222707,10225271,10222313,10224946,0.724
2026-08-09 18:45:00,10225271,10233579,10224577,10233543,1.884
2026-08-09 19:00:00,10234075,10244728,10233026,10243669,2.17
2026-08-09 19:15:00,10243270,10248073,10241821,10245640,1.672
2026-08-09 19:30:00,10245640,10247781,10240758,10242563,2.136
2026-08-09 19:45:00,10243322,10248223,10243134,10245468,1.828
2026-08-09 20:00:00,10245676,10248627,10244930,10248000,1.194
2026-08-09 20:15:00,10248248,10248620,10245740,10245740,1.056
2026-08-09 20:30:00,10245741,10251412,10245741,10248560,1.726
2026-08-09 20:45:00,10249836,10253826,10243795,10244727,5.755
2026-08-09 21:00:00,10242888,10247434,10238802,10245385,2.198
2026-08-09 21:15:00,10244696,10247684,10244560,10245281,1.172
2026-08-09 21:30:00,10245051,10245854,10241745,10242367,0.984
2026-08-09 21:45:00,10244171,10246589,10242463,10246589,0.336
2026-08-09 22:00:00,10246589,10258000,10246589,10253098,2.058
2026-08-09 22:15:00,10254697,10265000,10253042,10263466,5.024
2026-08-09 22:30:00,10264642,10290000,10261060,10281600,14.326
2026-08-09 22:45:00,10283299,10284727,10280000,10282640,2.356
2026-08-09 23:00:00,10282500,10283730,10276572,10282720,9.543
2026-08-09 23:15:00,10282160,10282160,10273000,10276440,3.257
2026-08-09 23:30:00,10277897,10281200,10270514,10272084,8.583
2026-08-09 23:45:00,10272084,10293899,10272028,10286000,4.142
2026-08-10 00:00:00,10287850,10288697,10280000,10285678,5.766
2026-08-10 00:15:00,10286644,10286886,10282538,10282696,1.095
2026-08-10 00:30:00,10283472,10286525,10282644,10284736,0.492
2026-08-10 00:45:00,10284736,10286129,10282388,10283013,2.002
2026-08-10 01:00:00,10284014,10288426,10280470,10284033,3.318
2026-08-10 01:15:00,10284308,10285204,10274430,10278000,2.796
2026-08-10 01:30:00,10280246,10287960,10280075,10284960,1.365
2026-08-10 01:45:00,10286332,10287189,10281600,10281874,0.95
2026-08-10 02:00:00,10280946,10283083,10280000,10283083,1.014
2026-08-10 02:15:00,10282730,10285935,10281837,10284423,0.8
2026-08-10 02:30:00,10284376,10285000,10281814,10284415,0.282
2026-08-10 02:45:00,10283220,10283220,10280000,10281421,1.105
2026-08-10 03:00:00,10281008,10284769,10281008,10284087,3.138
2026-08-10 03:15:00,10282417,10284034,10280044,10284033,1.96
2026-08-10 03:30:00,10282528,10284616,10281112,10282959,0.388
2026-08-10 03:45:00,10282370,10282370,10279095,10280746,1.684
2026-08-10 04:00:00,10281044,10282941,10278207,10279760,1.23
2026-08-10 04:15:00,10281028,10283205,10281028,10281921,0.508
2026-08-10 04:30:00,10282613,10282650,10280807,10280907,0.262
2026-08-10 04:45:00,10281673,10282223,10277992,10279229,1.154
2026-08-10 05:00:00,10280189,10280896,10260572,10262678,5.047
2026-08-10 05:15:00,10261999,10272086,10261352,10267689,5.045
2026-08-10 05:30:00,10269397,10273952,10267471,10269319,2.172
2026-08-10 05:45:00,10270155,10272398,10266845,10270344,1.922
2026-08-10 06:00:00,10271022,10271184,10267622,10268249,1.336
2026-08-10 06:15:00,10269489,10269750,10264251,10268934,1.534
2026-08-10 06:30:00,10268934,10287175,10268186,10281500,8.133
2026-08-10 06:45:00,10281875,10283682,10277313,10278110,1.587
2026-08-10 07:00:00,10278535,10328080,10276001,10318000,15.752
2026-08-10 07:15:00,10316682,10319163,10289854,10295618,9.927
2026-08-10 07:30:00,10296130,10296967,10254171,10263900,11.751
2026-08-10 07:45:00,10263139,10276575,10255929,10271218,6.857
2026-08-10 08:00:00,10269638,10274942,10253720,10257039,6.504
2026-08-10 08:15:00,10256000,10262986,10242076,10245760,14.299
2026-08-10 08:30:00,10244199,10248560,10235285,10243291,9.874
2026-08-10 08:45:00,10243909,10249018,10232188,10245115,6.734
2026-08-10 09:00:00,10242770,10309900,10233046,10273300,15.468
2026-08-10 09:15:00,10275054,10283956,10253949,10260000,8.472
2026-08-10 09:30:00,10260000,10268670,10235164,10239600,11.289
2026-08-10 09:45:00,10240160,10264973,10238794,10253699,8.634
2026-08-10 10:00:00,10256031,10272026,10251680,10265168,8.041
2026-08-10 10:15:00,10269808,10283655,10267239,10272541,4.454
2026-08-10 10:30:00,10270962,10274201,10258421,10271144,8.517
2026-08-10 10:45:00,10271235,10331059,10267544,10309216,30.895
2026-08-10 11:00:00,10309632,10309741,10290000,10295775,9.093
2026-08-10 11:15:00,10294962,10296340,10265273,10271811,11.992
2026-08-10 11:30:00,10275130,10315062,10273567,10309991,8.006
2026-08-10 11:45:00,10309144,10309524,10289896,10291726,6.666
2026-08-10 12:00:00,10289790,10293693,10270000,10270000,9.232
2026-08-10 12:15:00,10270727,10300000,10263545,10276396,9.963
2026-08-10 12:30:00,10278623,10290017,10274573,10279899,6.878
2026-08-10 12:45:00,10282395,10285969,10271431,10274273,4.126
2026-08-10 13:00:00,10274273,10291133,10271593,10290208,5.225
2026-08-10 13:15:00,10290346,10295957,10283179,10283290,2.742
2026-08-10 13:30:00,10283731,10287457,10270000,10284399,6.185
2026-08-10 13:45:00,10283826,10290266,10279660,10288259,3.306
2026-08-10 14:00:00,10286892,10294139,10281960,10285937,2.72
2026-08-10 14:15:00,10286953,10296464,10286731,10291199,3.634
2026-08-10 14:30:00,10291489,10298666,10289966,10298053,3.836
2026-08-10 14:45:00,10298261,10307766,10293749,10304160,11.275
2026-08-10 15:00:00,10304533,10325284,10302305,10317349,25.661
2026-08-10 15:15:00,10317377,10323997,10312954,10315423,11.932
2026-08-10 15:30:00,10316317,10323818,10312400,10323000,4.355
2026-08-10 15:45:00,10323000,10342080,10320202,10331731,16.878
2026-08-10 16:00:00,10331731,10334990,10327023,10329269,5.674
2026-08-10 16:15:00,10329402,10346205,10326001,10345029,15.339
2026-08-10 16:30:00,10344214,10351994,10342189,10344115,11.82
2026-08-10 16:45:00,10343638,10345592,10327270,10330000,7.268
2026-08-10 17:00:00,10330000,10344000,10329514,10337971,5.347
2026-08-10 17:15:00,10336445,10347766,10332934,10341934,2.558
2026-08-10 17:30:00,10343637,10347947,10328772,10336147,4.254
2026-08-10 17:45:00,10336001,10348082,10334397,10345953,2.508
2026-08-10 18:00:00,10344997,10348200,10339449,10343297,2.818
2026-08-10 18:15:00,10343159,10346099,10332969,10334833,2.246
2026-08-10 18:30:00,10333384,10333384,10321137,10323121,5.168
2026-08-10 18:45:00,10324100,10324100,10312746,10315036,10.257
2026-08-10 19:00:00,10315467,10330490,10314979,10327231,5.657
2026-08-10 19:15:00,10328205,10330500,10320414,10320766,7.167
2026-08-10 19:30:00,10322000,10325426,10316873,10317126,1.864
2026-08-10 19:45:00,10316966,10323111,10316669,10319062,2.147
2026-08-10 20:00:00,10320312,10326851,10314748,10320893,3.868
2026-08-10 20:15:00,10322040,10330000,10321899,10327184,1.686
2026-08-10 20:30:00,10328281,10332000,10323643,10323643,2.042
2026-08-10 20:45:00,10323807,10338165,10321134,10334501,4.574
2026-08-10 21:00:00,10334726,10354590,10320153,10325652,26.999
2026-08-10 21:15:00,10327436,10327436,10317183,10319573,4.124
2026-08-10 21:30:00,10320340,10323595,10303627,10321418,10.363
2026-08-10 21:45:00,10323439,10323439,10301410,10305367,8.992
2026-08-10 22:00:00,10305081,10313878,10300601,10308627,4.93
2026-08-10 22:15:00,10308627,10320769,10308000,10314237,4.754
2026-08-10 22:30:00,10313773,10315037,10264222,10274359,29.296
2026-08-10 22:45:00,10272744,10279930,10250168,10258260,17.405
2026-08-10 23:00:00,10257212,10283234,10256675,10281215,10.598
2026-08-10 23:15:00,10280197,10293239,10272747,10286078,6.71
2026-08-10 23:30:00,10284243,10300936,10281980,10291108,6.64
2026-08-10 23:45:00,10291520,10294254,10257737,10260497,10.163
2026-08-11 00:00:00,10259912,10277276,10251122,10252486,10.339
2026-08-11 00:15:00,10251122,10266300,10214466,10229365,20.159
2026-08-11 00:30:00,10230020,10234164,10202403,10221650,22.483
2026-08-11 00:45:00,10218643,10222970,10193995,10211960,12.198
2026-08-11 01:00:00,10209908,10223932,10193325,10200734,13.585
2026-08-11 01:15:00,10200000,10200038,10164092,10184009,13.491
2026-08-11 01:30:00,10182145,10196772,10161709,10165796,18.614
2026-08-11 01:45:00,10166872,10167782,10140000,10155291,22.727
2026-08-11 02:00:00,10157618,10181022,10145184,10175975,9.596
2026-08-11 02:15:00,10175335,10175335,10162256,10162256,3.92
2026-08-11 02:30:00,10160624,10179825,10156715,10169859,8.547
2026-08-11 02:45:00,10168161,10172252,10158308,10169617,5.926
2026-08-11 03:00:00,10170859,10180400,10160042,10165313,4.794
2026-08-11 03:15:00,10163066,10178186,10158671,10160856,3.793
2026-08-11 03:30:00,10161475,10164754,10147296,10160817,14.17
2026-08-11 03:45:00,10161625,10176910,10155930,10169040,10.958
2026-08-11 04:00:00,10166779,10176277,10166393,10174572,1.93
2026-08-11 04:15:00,10174236,10190418,10169819,10190418,3.594
2026-08-11 04:30:00,10191426,10207627,10177632,10194564,12.178
2026-08-11 04:45:00,10196390,10199902,10185442,10199902,3.454
2026-08-11 05:00:00,10199902,10207120,10194324,10200599,3.968
2026-08-11 05:15:00,10201153,10213629,10199296,10212918,2.66
2026-08-11 05:30:00,10213573,10227280,10210944,10220037,5.638
2026-08-11 05:45:00,10221042,10221042,10210824,10213000,4.83
2026-08-11 06:00:00,10212442,10213590,10201520,10207512,4.675
2026-08-11 06:15:00,10208150,10211147,10198986,10208883,4.308
2026-08-11 06:30:00,10209508,10209597,10195817,10198246,5.91
2026-08-11 06:45:00,10197303,10197303,10183433,10184000,5.155
2026-08-11 07:00:00,10184000,10197432,10179270,10194537,10.38
2026-08-11 07:15:00,10194403,10197732,10186227,10188566,2.166
2026-08-11 07:30:00,10188615,10190664,10173261,10180437,5.114
2026-08-11 07:45:00,10180824,10187342,10179558,10187342,1.326
2026-08-11 08:00:00,10185853,10187062,10181278,10183000,2.59
2026-08-11 08:15:00,10184324,10187637,10177499,10185459,4.02
2026-08-11 08:30:00,10185813,10185909,10174586,10181627,3.96
2026-08-11 08:45:00,10181519,10181675,10172052,10173280,2.932
2026-08-11 09:00:00,10172921,10175023,10160000,10173852,8.57
2026-08-11 09:15:00,10175929,10181637,10166891,10178056,3.416
2026-08-11 09:30:00,10180092,10181687,10162441,10167442,8.138
2026-08-11 09:45:00,10166692,10187351,10165065,10183674,6.948
2026-08-11 10:00:00,10184754,10191097,10173781,10186755,4.98
2026-08-11 10:15:00,10186340,10188867,10173025,10187038,6.496
2026-08-11 10:30:00,10186459,10186866,10171338,10177522,4.806
2026-08-11 10:45:00,10178969,10196125,10177773,10189641,3.416
2026-08-11 11:00:00,10190848,10202304,10190783,10194621,4.826
2026-08-11 11:15:00,10194718,10202627,10194718,10200012,2.52
2026-08-11 11:30:00,10199000,10202420,10193951,10200452,2.378
2026-08-11 11:45:00,10199033,10201136,10194443,10196137,1.212
2026-08-11 12:00:00,10196137,10202995,10190320,10198212,5.77
2026-08-11 12:15:00,10199152,10207720,10198212,10199755,5.758
2026-08-11 12:30:00,10199755,10206940,10199750,10204241,2.612
2026-08-11 12:45:00,10202658,10203883,10197687,10203883,2.86
2026-08-11 13:00:00,10203263,10205343,10196560,10198248,3.216
2026-08-11 13:15:00,10197877,10198722,10191854,10193679,2.168
2026-08-11 13:30:00,10193527,10195744,10191440,10193279,1.929
2026-08-11 13:45:00,10193162,10194320,10183008,10183040,3.895
2026-08-11 14:00:00,10182404,10187129,10179065,10184345,2.564
2026-08-11 14:15:00,10185047,10185871,10171798,10174533,3.664
2026-08-11 14:30:00,10174533,10186155,10172920,10182407,2.308
2026-08-11 14:45:00,10183102,10184402,10177795,10177795,1.038
2026-08-11 15:00:00,10176892,10190474,10174300,10187036,3.198
2026-08-11 15:15:00,10186003,10187641,10170587,10170587,2.594
2026-08-11 15:30:00,10171721,10176713,10165592,10169661,4.152
2026-08-11 15:45:00,10169649,10177323,10158628,10176173,7.062
2026-08-11 16:00:00,10177069,10188822,10177069,10181193,3.65
2026-08-11 16:15:00,10179625,10182122,10173648,10174212,2.141
2026-08-11 16:30:00,10172787,10200000,10172787,10199011,7.986
2026-08-11 16:45:00,10198837,10204430,10196827,10203282,4.637
2026-08-11 17:00:00,10204159,10207178,10196252,10196252,7.815
2026-08-11 17:15:00,10196163,10204289,10195873,10195954,4.976
2026-08-11 17:30:00,10195954,10206844,10195714,10205365,1.764
2026-08-11 17:45:00,10205258,10213611,10200681,10208799,3.935
2026-08-11 18:00:00,10210000,10216328,10208862,10212441,1.828
2026-08-11 18:15:00,10213886,10222476,10213562,10218365,4.066
2026-08-11 18:30:00,10219073,10226595,10216046,10225332,6.25
2026-08-11 18:45:00,10224510,10232771,10222800,10231951,3.346
2026-08-11 19:00:00,10232532,10236346,10224200,10225413,6.101
2026-08-11 19:15:00,10223842,10233746,10217385,10231300,5.368
2026-08-11 19:30:00,10232377,10233716,10224073,10227467,1.664
2026-08-11 19:45:00,10227379,10229106,10216640,10217368,5.152
2026-08-11 20:00:00,10218249,10236358,10217760,10230785,10.247
2026-08-11 20:15:00,10229170,10233584,10225040,10230706,3.863
2026-08-11 20:30:00,10229897,10233403,10228400,10232546,3.045
2026-08-11 20:45:00,10232310,10247398,10232310,10240720,9.869
2026-08-11 21:00:00,10241064,10258450,10241064,10255000,17.512
2026-08-11 21:15:00,10254720,10255000,10231242,10234560,11.717
2026-08-11 21:30:00,10234885,10248029,10233208,10237368,7.767
2026-08-11 21:45:00,10237368,10242491,10234204,10240436,4.538
2026-08-11 22:00:00,10240197,10243704,10229000,10236348,5.484
2026-08-11 22:15:00,10235975,10238178,10211212,10217881,7.642
2026-08-11 22:30:00,10215555,10223224,10193536,10215236,13.67
2026-08-11 22:45:00,10214032,10221107,10195000,10218461,17.045
2026-08-11 23:00:00,10217237,10229815,10205211,10223909,11.104
2026-08-11 23:15:00,10226438,10230800,10175000,10196480,20.342
2026-08-11 23:30:00,10195001,10199041,10170807,10182784,15.933
2026-08-11 23:45:00,10185266,10190000,10143593,10155155,20.986
2026-08-12 00:00:00,10154648,10165680,10143996,10153040,14.05
2026-08-12 00:15:00,10152287,10165088,10141301,10163571,14.406
2026-08-12 00:30:00,10163571,10164284,10106968,10124085,30.036
2026-08-12 00:45:00,10122917,10135892,10107862,10128788,7.245
2026-08-12 01:00:00,10126614,10133082,10117444,10123851,7.028
2026-08-12 01:15:00,10125987,10133043,10120000,10125573,6.474
2026-08-12 01:30:00,10124708,10128856,10107193,10107365,5.226
2026-08-12 01:45:00,10107365,10115817,10100000,10107835,6.242
2026-08-12 02:00:00,10108681,10115240,10104125,10111189,2.898
2026-08-12 02:15:00,10108907,10127745,10108179,10123665,2.876
2026-08-12 02:30:00,10125039,10128522,10117445,10121321,1.428
2026-08-12 02:45:00,10118176,10130111,10117229,10126180,6.911
2026-08-12 03:00:00,10124997,10133302,10119591,10126379,3.742
2026-08-12 03:15:00,10124136,10130839,10110643,10110643,4.726
2026-08-12 03:30:00,10111960,10116145,10077020,10083767,25.444
2026-08-12 03:45:00,10084480,10096027,10083348,10094560,2.809
2026-08-12 04:00:00,10093681,10095680,10070000,10074400,8.232
2026-08-12 04:15:00,10074781,10094377,10073966,10087585,5.381
2026-08-12 04:30:00,10088387,10103179,10086250,10101794,2.69
2026-08-12 04:45:00,10100881,10115727,10089407,10115254,3.466
2026-08-12 05:00:00,10116507,10144268,10114875,10135280,15.961
2026-08-12 05:15:00,10136060,10136060,10123120,10132260,5.161
2026-08-12 05:30:00,10131202,10145263,10131202,10140100,6.326
2026-08-12 05:45:00,10139167,10148000,10139167,10142808,4.489
2026-08-12 06:00:00,10142835,10146024,10140595,10142368,3.92
2026-08-12 06:15:00,10142857,10150000,10128721,10131027,6.307
2026-08-12 06:30:00,10131027,10134010,10123013,10129432,4.49
2026-08-12 06:45:00,10131040,10136256,10127040,10134208,1.873
2026-08-12 07:00:00,10133687,10149076,10133687,10143051,7.924
2026-08-12 07:15:00,10142209,10147504,10135440,10139519,6.51
2026-08-12 07:30:00,10139896,10141000,10128000,10128096,3.462
2026-08-12 07:45:00,10128039,10131358,10122743,10127938,2.694
2026-08-12 08:00:00,10127938,10127938,10111362,10117050,4.332
2026-08-12 08:15:00,10116959,10122033,10109118,10118418,6.292
2026-08-12 08:30:00,10118867,10125109,10116190,10124953,2.148
2026-08-12 08:45:00,10123475,10129034,10116324,10117549,2.608
2026-08-12 09:00:00,10116012,10117596,10105559,10116654,3.984
2026-08-12 09:15:00,10116564,10134387,10111703,10129304,3.462
2026-08-12 09:30:00,10129304,10137250,10129304,10135699,2.85
2026-08-12 09:45:00,10137053,10145813,10137053,10144996,2.676
2026-08-12 10:00:00,10144560,10152417,10141230,10150995,3.353
2026-08-12 10:15:00,10150101,10150101,10143583,10146465,2.331
2026-08-12 10:30:00,10146195,10157000,10136557,10157000,6.035
2026-08-12 10:45:00,10155013,10161807,10151911,10157834,7.864
2026-08-12 11:00:00,10157834,10169298,10157834,10165618,6.708
2026-08-12 11:15:00,10166694,10175881,10156863,10174660,6.08
2026-08-12 11:30:00,10175878,10177716,10153778,10156236,6.416
2026-08-12 11:45:00,10155876,10157782,10150489,10154000,1.736
2026-08-12 12:00:00,10154000,10160578,10148335,10149876,4.24
2026-08-12 12:15:00,10149739,10160803,10148772,10156361,4.434
2026-08-12 12:30:00,10153855,10170714,10152533,10165082,5.006
2026-08-12 12:45:00,10165576,10170344,10158710,10168023,5.712
2026-08-12 13:00:00,10168023,10170755,10158932,10161570,4.884
2026-08-12 13:15:00,10163602,10178825,10160968,10162619,7.91
2026-08-12 13:30:00,10163117,10163117,10154130,10157456,4.088
2026-08-12 13:45:00,10156264,10166730,10153876,10155388,6.918
2026-08-12 14:00:00,10156677,10165223,10151719,10165223,2.594
2026-08-12 14:15:00,10164580,10168943,10163530,10168943,1.454
2026-08-12 14:30:00,10168943,10172154,10158545,10163727,7.226
2026-08-12 14:45:00,10163981,10168359,10159162,10164825,3.772
2026-08-12 15:00:00,10164825,10164825,10144002,10144718,4.908
2026-08-12 15:15:00,10144612,10152790,10133219,10136946,8.27
2026-08-12 15:30:00,10135912,10141365,10130321,10136761,3.298
2026-08-12 15:45:00,10138916,10145900,10134243,10145900,3.418
2026-08-12 16:00:00,10146605,10157533,10142659,10153715,3.951
2026-08-12 16:15:00,10153643,10154391,10147411,10149205,1.874
2026-08-12 16:30:00,10148220,10154921,10140000,10142794,1.922
2026-08-12 16:45:00,10141483,10164043,10133760,10164043,4.167
2026-08-12 17:00:00,10162234,10168000,10151967,10153221,5.414
2026-08-12 17:15:00,10153227,10160000,10152914,10158487,3.194
2026-08-12 17:30:00,10158465,10158465,10148433,10150054,5.102
2026-08-12 17:45:00,10150177,10157316,10150177,10151444,4.289
2026-08-12 18:00:00,10151835,10161065,10147976,10159573,2.706
2026-08-12 18:15:00,10158223,10172777,10140000,10160943,27.268
2026-08-12 18:30:00,10164301,10181000,10162728,10175678,18.431
2026-08-12 18:45:00,10175651,10195478,10175520,10192000,11.27
2026-08-12 19:00:00,10192073,10209184,10191465,10196749,16.041
2026-08-12 19:15:00,10197688,10197688,10183568,10186000,11.902
2026-08-12 19:30:00,10187285,10202269,10186773,10196700,3.31
2026-08-12 19:45:00,10195025,10201027,10189418,10197212,4.701
2026-08-12 20:00:00,10198000,10207467,10189760,10195549,8.513
2026-08-12 20:15:00,10196301,10210000,10193959,10206299,7.986
2026-08-12 20:30:00,10205940,10208000,10196429,10199981,7.742
2026-08-12 20:45:00,10200094,10210282,10199981,10207272,5.656
2026-08-12 21:00:00,10207836,10217259,10203200,10207626,10.902
2026-08-12 21:15:00,10209293,10230000,10208240,10228896,23.85
2026-08-12 21:30:00,10229358,10235138,10164582,10175556,50.535
2026-08-12 21:45:00,10176938,10192118,10160490,10176699,18.43
2026-08-12 22:00:00,10177067,10183389,10152653,10161725,15.994
2026-08-12 22:15:00,10162366,10170885,10150242,10159017,9.026
2026-08-12 22:30:00,10158695,10172730,10145290,10169205,18.842
2026-08-12 22:45:00,10169695,10182333,10146474,10148782,15.7
2026-08-12 23:00:00,10148064,10168479,10113378,10145325,27.539
2026-08-12 23:15:00,10146124,10152171,10122403,10122403,7.746
2026-08-12 23:30:00,10121000,10128701,10100695,10117338,23.764
2026-08-12 23:45:00,10116205,10123493,10080731,10080731,14.112
2026-08-13 00:00:00,10081124,10110484,10075657,10099702,13.897
2026-08-13 00:15:00,10100874,10108360,10091639,10104625,4.896
2026-08-13 00:30:00,10105924,10118081,10086720,10112369,8.047
2026-08-13 00:45:00,10110246,10114562,10092515,10098015,6.444
2026-08-13 01:00:00,10096009,10108586,10089720,10104887,9.114
2026-08-13 01:15:00,10107348,10125059,10103078,10122404,5.511
2026-08-13 01:30:00,10123857,10126202,10116917,10117729,1.957
2026-08-13 01:45:00,10117389,10120908,10111951,10116620,3.294
2026-08-13 02:00:00,10115760,10125664,10112353,10124692,2.1
2026-08-13 02:15:00,10123676,10126427,10104885,10108598,3.018
2026-08-13 02:30:00,10106535,10121848,10104647,10118791,1.938
2026-08-13 02:45:00,10118822,10128356,10114353,10119672,2.186
2026-08-13 03:00:00,10119410,10124190,10112695,10118030,1.97
2026-08-13 03:15:00,10116726,10116726,10102850,10111270,4.37
2026-08-13 03:30:00,10110812,10125290,10106985,10110638,3.554
2026-08-13 03:45:00,10112057,10112057,10102448,10104821,0.94
2026-08-13 04:00:00,10104821,10110942,10103649,10103649,2.07
2026-08-13 04:15:00,10101671,10114587,10087478,10102268,6.375
2026-08-13 04:30:00,10101815,10104060,10095427,10096214,2.979
2026-08-13 04:45:00,10095650,10110177,10092819,10106180,3.426
2026-08-13 05:00:00,10108903,10123015,10108341,10117435,3.326
2026-08-13 05:15:00,10115863,10124468,10110244,10121773,2.172
2026-08-13 05:30:00,10121657,10129436,10121657,10124125,7.275
2026-08-13 05:45:00,10124275,10131830,10120143,10131830,7.944
2026-08-13 06:00:00,10131548,10139000,10127042,10130454,7.082
2026-08-13 06:15:00,10131428,10134000,10114629,10118249,9.107
2026-08-13 06:30:00,10116143,10128134,10106370,10125920,4.2
2026-08-13 06:45:00,10126850,10129000,10109305,10112311,5.328
2026-08-13 07:00:00,10113036,10125725,10105758,10119051,8.433
2026-08-13 07:15:00,10120450,10124169,10116173,10116173,4.824
2026-08-13 07:30:00,10114763,10117503,10094895,10099923,7.202
2026-08-13 07:45:00,10098933,10105704,10096942,10103528,4.164
2026-08-13 08:00:00,10103528,10105331,10094795,10099792,5.094
2026-08-13 08:15:00,10103390,10106035,10091309,10099265,5.038
2026-08-13 08:30:00,10099634,10109815,10097668,10099272,2.944
2026-08-13 08:45:00,10101802,10108214,10096737,10106784,4.523
2026-08-13 09:00:00,10106977,10128282,10104014,10127803,9.067
2026-08-13 09:15:00,10128195,10146621,10122246,10128033,11.11
2026-08-13 09:30:00,10127857,10127857,10105316,10109335,7.648
2026-08-13 09:45:00,10109018,10125123,10107925,10118959,6.596
2026-08-13 10:00:00,10118432,10130949,10112920,10130209,5.186
2026-08-13 10:15:00,10129783,10131135,10095381,10098226,14.391
2026-08-13 10:30:00,10098226,10114485,10095000,10095890,5.198
2026-08-13 10:45:00,10095000,10113160,10090130,10104231,4.922
2026-08-13 11:00:00,10104176,10110338,10100213,10110224,4.658
2026-08-13 11:15:00,10110224,10114453,10104559,10111541,2.836
2026-08-13 11:30:00,10111000,10116519,10098231,10114288,9.186
2026-08-13 11:45:00,10116622,10126022,10110829,10119967,6.99
2026-08-13 12:00:00,10119346,10124449,10112158,10121132,3.389
2026-08-13 12:15:00,10121810,10136767,10121302,10124299,11.256
2026-08-13 12:30:00,10124805,10132501,10122568,10124785,6.103
2026-08-13 12:45:00,10125744,10143402,10125744,10136119,11.356
2026-08-13 13:00:00,10136149,10140689,10131225,10138240,4.566
2026-08-13 13:15:00,10139213,10139213,10126715,10130017,2.156
2026-08-13 13:30:00,10128299,10145000,10128031,10142833,5.711
2026-08-13 13:45:00,10143230,10154250,10127733,10131905,15.565
2026-08-13 14:00:00,10131644,10164522,10128633,10160640,15.026
2026-08-13 14:15:00,10162950,10182700,10162950,10177000,16.956
2026-08-13 14:30:00,10177000,10179456,10168464,10172918,9.728
2026-08-13 14:45:00,10172255,10174459,10163518,10163518,5.179
2026-08-13 15:00:00,10163855,10167426,10156264,10164727,8.08
2026-08-13 15:15:00,10164570,10166906,10159604,10165680,1.7
2026-08-13 15:30:00,10165142,10166388,10153373,10154538,3.764
2026-08-13 15:45:00,10154490,10178670,10152501,10177846,8.207
2026-08-13 16:00:00,10178178,10179329,10165863,10170791,4.27
2026-08-13 16:15:00,10170905,10174059,10166135,10171698,2.798
2026-08-13 16:30:00,10173125,10174397,10168356,10168356,2.05
2026-08-13 16:45:00,10168628,10169538,10165459,10167889,1.752
2026-08-13 17:00:00,10168623,10174090,10163336,10163336,3.847
2026-08-13 17:15:00,10163336,10165192,10159540,10159556,2.706
2026-08-13 17:30:00,10158900,10163343,10157662,10162262,2.792
2026-08-13 17:45:00,10162218,10163000,10155000,10158934,6.654
2026-08-13 18:00:00,10159134,10159555,10132833,10133518,4.8
2026-08-13 18:15:00,10132833,10146288,10127258,10138719,5.402
2026-08-13 18:30:00,10138946,10146632,10138412,10145078,2.148
2026-08-13 18:45:00,10144120,10155555,10143645,10153144,3.46
2026-08-13 19:00:00,10154641,10160000,10132083,10135049,17.996
2026-08-13 19:15:00,10134714,10142280,10132230,10135311,3.571
2026-08-13 19:30:00,10133448,10134113,10125875,10133894,3.737
2026-08-13 19:45:00,10134245,10137885,10132326,10137504,1.382
2026-08-13 20:00:00,10137186,10139606,10129280,10131104,7.403
2026-08-13 20:15:00,10131209,10132506,10102650,10102955,12.359
2026-08-13 20:30:00,10102563,10107392,10089000,10104397,16.874
2026-08-13 20:45:00,10105073,10110311,10103071,10109813,4.804
2026-08-13 21:00:00,10109082,10119257,10102404,10119257,10.591
2026-08-13 21:15:00,10120568,10125431,10118830,10122079,2.544
2026-08-13 21:30:00,10121365,10134589,10104922,10122406,18.318
2026-08-13 21:45:00,10122275,10140120,10116557,10132170,8.046
2026-08-13 22:00:00,10133095,10155555,10133095,10140253,8.376
2026-08-13 22:15:00,10138973,10142349,10117748,10125876,6.464
2026-08-13 22:30:00,10122646,10162739,10118911,10152501,14.1
2026-08-13 22:45:00,10153414,10159224,10134903,10140778,8.951
2026-08-13 23:00:00,10138872,10147738,10129604,10141887,8.453
2026-08-13 23:15:00,10142474,10153756,10135107,10144490,11.194
2026-08-13 23:30:00,10143429,10171939,10137592,10166755,16.728
2026-08-13 23:45:00,10167962,10167962,10150000,10152801,8.437
2026-08-14 00:00:00,10153091,10165813,10148500,10155587,5.508
2026-08-14 00:15:00,10155587,10165824,10123751,10131900,9.546
2026-08-14 00:30:00,10130946,10146584,10127049,10140925,13.452
2026-08-14 00:45:00,10139924,10141257,10097180,10097669,12.168
2026-08-14 01:00:00,10098756,10112734,10094743,10110541,10.594
2026-08-14 01:15:00,10110989,10130316,10090253,10097629,12.207
2026-08-14 01:30:00,10099857,10111521,10013393,10039001,42.619
2026-08-14 01:45:00,10037432,10079516,10028437,10065383,11.307
2026-08-14 02:00:00,10065972,10067527,10052170,10064662,7.23
2026-08-14 02:15:00,10063083,10084987,10058279,10075780,9.416
2026-08-14 02:30:00,10077231,10088776,10064080,10084948,5.114
2026-08-14 02:45:00,10083284,10092725,10068992,10069223,8.052
2026-08-14 03:00:00,10068867,10096230,10066333,10076050,9.548
2026-08-14 03:15:00,10077202,10083669,10065000,10065799,6.261
2026-08-14 03:30:00,10066560,10075064,10063240,10073562,5.58
2026-08-14 03:45:00,10074108,10098349,10072363,10090763,13.612
2026-08-14 04:00:00,10088174,10120000,10088174,10101553,7.738
2026-08-14 04:15:00,10101913,10107127,10097497,10104730,3.648
2026-08-14 04:30:00,10104730,10110500,10100236,10106012,3.254
2026-08-14 04:45:00,10107856,10114647,10100943,10102741,7.302
2026-08-14 05:00:00,10104214,10113149,10095658,10104609,4.64
2026-08-14 05:15:00,10105742,10114442,10105598,10112375,1.264
2026-08-14 05:30:00,10111669,10116424,10104735,10107505,2.112
2026-08-14 05:45:00,10106789,10106789,10097927,10101101,3.511
2026-08-14 06:00:00,10100329,10113457,10099000,10104895,8.812
2026-08-14 06:15:00,10106852,10110423,10102792,10107647,2.794
2026-08-14 06:30:00,10108986,10115774,10106965,10109149,5.428
2026-08-14 06:45:00,10108590,10114829,10107346,10113109,3.568
2026-08-14 07:00:00,10112654,10136970,10111617,10131858,10.847
2026-08-14 07:15:00,10131973,10140000,10127327,10135574,5.883
2026-08-14 07:30:00,10136925,10139645,10127351,10127981,2.864
2026-08-14 07:45:00,10129759,10130822,10125000,10125000,2.246
2026-08-14 08:00:00,10125760,10126228,10111752,10114073,6.84
2026-08-14 08:15:00,10114073,10117872,10110234,10114475,2.95
2026-08-14 08:30:00,10115928,10120000,10111492,10112045,2.69
2026-08-14 08:45:00,10110975,10114705,10101420,10112959,4.69
2026-08-14 09:00:00,10115852,10120779,10104180,10117741,6.79
2026-08-14 09:15:00,10117452,10122927,10101179,10105988,5.938
2026-08-14 09:30:00,10105403,10120474,10097699,10116404,6.848
2026-08-14 09:45:00,10115891,10121885,10109920,10119354,6.61
2026-08-14 10:00:00,10118251,10127900,10110952,10114868,12.374
2026-08-14 10:15:00,10114111,10126861,10108127,10110924,7.288
2026-08-14 10:30:00,10112604,10123478,10107754,10121687,4.292
2026-08-14 10:45:00,10121992,10125993,10116170,10124490,5.504
2026-08-14 11:00:00,10125182,10131413,10117037,10122900,7.694
2026-08-14 11:15:00,10122713,10127197,10109000,10111111,5.72
2026-08-14 11:30:00,10112000,10123351,10112000,10116347,4.648
2026-08-14 11:45:00,10117185,10123525,10110165,10111060,3.788
2026-08-14 12:00:00,10110165,10115000,10105000,10114767,6.706
2026-08-14 12:15:00,10115000,10125881,10104813,10105814,5.534
2026-08-14 12:30:00,10105996,10105996,10091547,10094959,6.712
2026-08-14 12:45:00,10095608,10095608,10083212,10086806,7.638
2026-08-14 13:00:00,10086100,10103000,10074578,10101035,13.232
2026-08-14 13:15:00,10101868,10111875,10095337,10104118,9.259
2026-08-14 13:30:00,10103145,10104578,10096488,10097991,1.584
2026-08-14 13:45:00,10096968,10100171,10093511,10094000,2.406
2026-08-14 14:00:00,10095718,10097553,10083636,10083636,3.454
2026-08-14 14:15:00,10083636,10089983,10076757,10083070,5.084
2026-08-14 14:30:00,10080025,10091057,10080025,10085463,10.927
2026-08-14 14:45:00,10086379,10094914,10085018,10090668,1.596
2026-08-14 15:00:00,10090313,10090313,10073823,10075321,12.254
2026-08-14 15:15:00,10075349,10077000,10061219,10062459,6.59
2026-08-14 15:30:00,10063172,10071950,10058760,10060399,8.746
2026-08-14 15:45:00,10060109,10067473,10026803,10031753,20.968
2026-08-14 16:00:00,10031753,10049006,10027564,10048158,8.752
2026-08-14 16:15:00,10049612,10057834,10049612,10054578,3.65
2026-08-14 16:30:00,10054000,10054000,10028067,10037425,8.358
2026-08-14 16:45:00,10038144,10038605,10020256,10020534,8.854
2026-08-14 17:00:00,10021945,10028263,10015569,10019849,9.31
2026-08-14 17:15:00,10021754,10036738,9990000,9994335,29.627
2026-08-14 17:30:00,9993000,10005784,9976590,9998754,16.822
2026-08-14 17:45:00,9997145,10020000,9994316,10020000,5.014
2026-08-14 18:00:00,10018365,10019784,10006743,10009422,4.124
2026-08-14 18:15:00,10009770,10017145,9999058,10000197,3.236
2026-08-14 18:30:00,10000006,10003520,9990068,9993449,5.384
2026-08-14 18:45:00,9993449,10004432,9993157,9997909,6.556
2026-08-14 19:00:00,9996039,10007650,9990000,10005922,6.568
2026-08-14 19:15:00,10005611,10018096,10003973,10016189,8.282
2026-08-14 19:30:00,10016801,10023517,10010469,10012851,4.572
2026-08-14 19:45:00,10013108,10015676,10003068,10007119,2.722
2026-08-14 20:00:00,10005890,10015040,10003042,10008979,9.011
2026-08-14 20:15:00,10009000,10015153,10005873,10009148,7.142
2026-08-14 20:30:00,10009704,10013134,9995743,10005255,8.378
2026-08-14 20:45:00,10003710,10010570,9997429,9999478,8.816
2026-08-14 21:00:00,10001680,10006192,9982355,9991981,15.152
2026-08-14 21:15:00,9992645,9999053,9980300,9987486,12.782
2026-08-14 21:30:00,9987881,9988068,9962400,9968834,20.814
2026-08-14 21:45:00,9970412,9975000,9960000,9965193,16.858
2026-08-14 22:00:00,9965632,9972856,9950080,9969376,19.872
2026-08-14 22:15:00,9969466,9982835,9965355,9980789,12.472
2026-08-14 22:30:00,9980709,9989701,9950000,9963918,28.684
2026-08-14 22:45:00,9964242,9969201,9952955,9963268,12.776
2026-08-14 23:00:00,9963268,9974056,9953046,9959276,12.086
2026-08-14 23:15:00,9961075,9970027,9952919,9964840,10.164
2026-08-14 23:30:00,9965144,9987196,9962945,9976414,10.686
2026-08-14 23:45:00,9978491,9983659,9945453,9959035,20.906
2026-08-15 00:00:00,9958249,9978458,9958025,9977000,7.502
2026-08-15 00:15:00,9977000,10002205,9975246,9999874,9.496
2026-08-15 00:30:00,10000254,10027563,9990379,10020873,17.756
2026-08-15 00:45:00,10021552,10035839,10012315,10022515,15.56
2026-08-15 01:00:00,10022119,10045756,10021498,10036760,11.122
2026-08-15 01:15:00,10036395,10056000,10034948,10049310,15.26
2026-08-15 01:30:00,10050000,10062511,10046370,10061412,10.354
2026-08-15 01:45:00,10061338,10061850,10046000,10049770,5.701
2026-08-15 02:00:00,10052131,10059459,10050104,10059459,5.258
2026-08-15 02:15:00,10058706,10073785,10056000,10067762,3.974
2026-08-15 02:30:00,10069187,10071876,10045389,10051491,7.84
2026-08-15 02:45:00,10051985,10053168,10032796,10034778,5.656
2026-08-15 03:00:00,10034175,10044757,10023178,10034893,5.786
2026-08-15 03:15:00,10036646,10045737,10034701,10037549,1.866
2026-08-15 03:30:00,10036658,10039142,10024806,10028062,4.62
2026-08-15 03:45:00,10026738,10027313,10013271,10021394,4.384
2026-08-15 04:00:00,10020093,10020093,10004990,10009723,7.86
2026-08-15 04:15:00,10009273,10019389,10003045,10018642,7.488
2026-08-15 04:30:00,10018303,10030000,10012413,10030000,4.182
2026-08-15 04:45:00,10030000,10031804,10021686,10025566,6.218
2026-08-15 05:00:00,10024811,10036191,10023835,10029274,4.964
2026-08-15 05:15:00,10024015,10030700,10021070,10023959,2.388
2026-08-15 05:30:00,10026918,10026918,10020082,10021809,0.812
2026-08-15 05:45:00,10021659,10024366,10016865,10016866,4.016
2026-08-15 06:00:00,10018649,10024653,10014164,10018647,3.75
2026-08-15 06:15:00,10017657,10021575,10013941,10013941,2.896
2026-08-15 06:30:00,10016078,10018050,10011141,10013776,2.058
2026-08-15 06:45:00,10014158,10021529,10011897,10021096,2.4
2026-08-15 07:00:00,10019272,10025526,10004409,10004409,4.968
2026-08-15 07:15:00,10004285,10006491,9993760,10004501,5.033
2026-08-15 07:30:00,10004017,10012222,10004017,10011080,1.77
2026-08-15 07:45:00,10011996,10014444,10010063,10013703,1.26
2026-08-15 08:00:00,10013936,10021732,10013551,10020000,0.774
2026-08-15 08:15:00,10020875,10027008,10010129,10025701,5.708
2026-08-15 08:30:00,10027550,10043244,10018048,10038362,7.804
2026-08-15 08:45:00,10038374,10048640,10038012,10043674,3.4
2026-08-15 11:00:00,10043282,10045043,10042366,10045043,0.85
2026-08-15 11:15:00,10045460,10054478,10044957,10047934,3.34
2026-08-15 11:30:00,10047934,10054638,10046960,10052265,2.126
2026-08-15 11:45:00,10051834,10054548,10046960,10052355,3.278
2026-08-15 12:00:00,10050794,10056417,10046960,10054300,4.956
2026-08-15 12:15:00,10056117,10060844,10042821,10044671,4.685
2026-08-15 12:30:00,10043370,10043765,10033933,10035510,3.407
2026-08-15 12:45:00,10034296,10036448,10030160,10032936,5.731
2026-08-15 13:00:00,10034082,10042800,10033992,10042100,1.858
2026-08-15 13:15:00,10042100,10046749,10041131,10045151,1.93
2026-08-15 13:30:00,10045151,10048820,10043631,10048289,1.61
2026-08-15 13:45:00,10049098,10049098,10041361,10043599,1.324
2026-08-15 14:00:00,10043507,10048941,10042480,10047983,1.417
2026-08-15 14:15:00,10048400,10049339,10043726,10044381,1.016
2026-08-15 14:30:00,10043726,10046076,10036470,10040354,2.306
2026-08-15 14:45:00,10041012,10042801,10032640,10039906,2.838
2026-08-15 15:00:00,10039906,10041887,10032400,10033029,1.282
2026-08-15 15:15:00,10033343,10038294,10030845,10032184,1.86
2026-08-15 15:30:00,10033271,10038170,10033271,10038125,1.106
2026-08-15 15:45:00,10037313,10045930,10037267,10043484,3.963
2026-08-15 16:00:00,10042682,10046718,10036154,10045909,4.454
2026-08-15 16:15:00,10045604,10047239,10036400,10039353,3.428
2026-08-15 16:30:00,10038000,10042658,10037440,10038000,1.175
2026-08-15 16:45:00,10038404,10041649,10035166,10039663,3.695
2026-08-15 17:00:00,10039484,10042418,10034270,10034971,1.134
2026-08-15 17:15:00,10034970,10036665,10029659,10034091,2.268
2026-08-15 17:30:00,10033470,10033687,10029569,10030000,0.424
2026-08-15 17:45:00,10030000,10034399,10017813,10019986,6.188
2026-08-15 18:00:00,10020000,10023129,10016000,10023129,5.256
2026-08-15 18:15:00,10021332,10026444,10021029,10025099,1.396
2026-08-15 18:30:00,10025668,10032506,10024519,10030405,1.79
2026-08-15 18:45:00,10031406,10035924,10030684,10030684,0.904
2026-08-15 19:00:00,10031597,10032968,10026240,10032036,1.254
2026-08-15 19:15:00,10031640,10033000,10031331,10031331,0.24
2026-08-15 19:30:00,10032991,10035289,10030696,10032194,1.836
2026-08-15 19:45:00,10034189,10035000,10029816,10034506,1.462
2026-08-15 20:00:00,10032997,10035602,10030677,10032333,2.044
2026-08-15 20:15:00,10033323,10033476,10031340,10031785,0.628
2026-08-15 20:30:00,10032765,10034848,10030747,10034848,0.376
2026-08-15 20:45:00,10035408,10035408,10026396,10030499,1.464
2026-08-15 21:00:00,10029764,10030708,10024079,10025207,1.022
2026-08-15 21:15:00,10025170,10028555,10022733,10027997,0.886
2026-08-15 21:30:00,10027564,10027564,10023276,10024887,2.38
2026-08-15 21:45:00,10022901,10040004,10022210,10038685,4.244
2026-08-15 22:00:00,10040056,10045695,10036735,10041096,5.68
2026-08-15 22:15:00,10044110,10044626,10037367,10039453,2.836
2026-08-15 22:30:00,10038757,10041728,10037325,10037325,0.988
2026-08-15 22:45:00,10037997,10044643,10037368,10044153,5.476
2026-08-15 23:00:00,10044743,10045000,10040344,10042978,3.279
2026-08-15 23:15:00,10042341,10042341,10032553,10041505,2.128
2026-08-15 23:30:00,10041555,10042911,10040055,10042262,0.582
2026-08-15 23:45:00,10041210,10044103,10040404,10041796,0.866
2026-08-16 00:00:00,10042472,10042480,10039762,10042176,0.466
2026-08-16 00:15:00,10039769,10047116,10039000,10046298,2.806
2026-08-16 00:30:00,10046310,10053602,10045555,10052231,2.114
2026-08-16 00:45:00,10051037,10052741,10049263,10049263,0.188
2026-08-16 01:00:00,10049263,10050737,10047006,10047052,1.122
2026-08-16 01:15:00,10046725,10051183,10044007,10051183,3.757
2026-08-16 01:30:00,10052528,10052650,10046950,10048780,1.04
2026-08-16 01:45:00,10048829,10051914,10047000,10048606,0.516
2026-08-16 02:00:00,10048561,10048561,10047059,10047091,0.304
2026-08-16 02:15:00,10047092,10047449,10039120,10041604,6.008
2026-08-16 02:30:00,10042714,10042922,10041021,10041666,0.426
2026-08-16 02:45:00,10042374,10042986,10039389,10042316,0.908
2026-08-16 03:00:00,10041146,10046031,10036880,10043915,3.088
2026-08-16 03:15:00,10043580,10044600,10035874,10035955,1.246
2026-08-16 03:30:00,10037526,10038515,10036208,10037520,0.242
2026-08-16 03:45:00,10037812,10038996,10036120,10037967,0.354
2026-08-16 04:00:00,10037801,10041491,10036620,10040371,0.55
2026-08-16 04:15:00,10040972,10045373,10040774,10041974,0.432
2026-08-16 04:30:00,10042184,10047000,10042184,10043804,0.794
2026-08-16 04:45:00,10043820,10046587,10043327,10046475,0.78
2026-08-16 05:00:00,10046734,10046915,10039033,10039908,1.208
2026-08-16 05:15:00,10040044,10042135,10038779,10042135,1.02
2026-08-16 05:30:00,10041761,10042119,10040062,10041958,0.48
2026-08-16 05:45:00,10041826,10044614,10041000,10042976,1.576
