timestamp,open,high,low,close,volume
2026-07-01 06:00:00,9531222,9539932,9502917,9513244,6.731
2026-07-01 06:15:00,9510754,9520746,9498720,9512138,4.376
2026-07-01 06:30:00,9510302,9522404,9507293,9507293,6.034
2026-07-01 06:45:00,9508025,9519650,9498876,9517856,6.402
2026-07-01 07:00:00,9518742,9539511,9518742,9538655,4.216
2026-07-01 07:15:00,9537315,9551819,9524430,9526755,4.778
2026-07-01 07:30:00,9525859,9527864,9505746,9517194,8.106
2026-07-01 07:45:00,9516222,9522564,9509258,9518142,2.812
2026-07-01 08:00:00,9517834,9522447,9507230,9516269,2.486
2026-07-01 08:15:00,9516555,9522675,9508273,9516783,4.088
2026-07-01 08:30:00,9515791,9520325,9509511,9516690,2.312
2026-07-01 08:45:00,9517616,9530000,9512686,9522264,4.214
2026-07-01 09:00:00,9524174,9550240,9520880,9528078,11.078
2026-07-01 09:15:00,9526510,9532551,9473737,9488754,15.189
2026-07-01 09:30:00,9484822,9515420,9484273,9503640,7.268
2026-07-01 09:45:00,9506196,9526785,9501145,9516510,5.858
2026-07-01 10:00:00,9518725,9520059,9391200,9452560,56.772
2026-07-01 10:15:00,9450966,9488856,9424386,9476770,40.907
2026-07-01 10:30:00,9481367,9576561,9477503,9562019,42.919
2026-07-01 10:45:00,9561441,9582858,9531852,9541840,8.716
2026-07-01 11:00:00,9544669,9563908,9526729,9546880,14.071
2026-07-01 11:15:00,9548588,9588028,9543987,9575201,9.471
2026-07-01 11:30:00,9575723,9608000,9574088,9606785,14.174
2026-07-01 11:45:00,9604863,9614907,9583460,9601584,13.498
2026-07-01 12:00:00,9599169,9604845,9583280,9585326,9.532
2026-07-01 12:15:00,9585348,9588635,9567040,9576586,11.16
2026-07-01 12:30:00,9578920,9615000,9564510,9583599,13.684
2026-07-01 12:45:00,9580403,9644879,9580222,9621985,26.675
2026-07-01 13:00:00,9618869,9619058,9598295,9608331,14.057
2026-07-01 13:15:00,9608213,9639033,9604353,9634949,6.801
2026-07-01 13:30:00,9633728,9646821,9617823,9644889,12.38
2026-07-01 13:45:00,9644407,9660116,9637541,9643300,6.844
2026-07-01 14:00:00,9641520,9647842,9624161,9631384,5.305
2026-07-01 14:15:00,9630942,9644318,9612521,9615697,17.33
2026-07-01 14:30:00,9614006,9620218,9605541,9613441,3.818
2026-07-01 14:45:00,9616016,9616687,9605504,9608000,1.899
2026-07-01 15:00:00,9608000,9608000,9572350,9576352,8.811
2026-07-01 15:15:00,9575162,9589440,9538718,9552387,47.012
2026-07-01 15:30:00,9551228,9562610,9512702,9540000,19.169
2026-07-01 15:45:00,9540000,9553383,9524772,9546000,7.845
2026-07-01 16:00:00,9550673,9554326,9523360,9537319,9.627
2026-07-01 16:15:00,9538000,9566480,9530000,9549958,15.236
2026-07-01 16:30:00,9550686,9550686,9532147,9539778,5.277
2026-07-01 16:45:00,9539433,9557856,9536276,9556960,15.14
2026-07-01 17:00:00,9557394,9559337,9538153,9545847,18.852
2026-07-01 17:15:00,9544738,9546880,9522822,9525600,27.748
2026-07-01 17:30:00,9525400,9544174,9504880,9544174,12.735
2026-07-01 17:45:00,9543843,9589566,9533811,9588012,20.463
2026-07-01 18:00:00,9586074,9602312,9572501,9580000,24.36
2026-07-01 18:15:00,9580283,9590516,9568190,9571005,9.3
2026-07-01 18:30:00,9569540,9581483,9563064,9572155,3.662
2026-07-01 18:45:00,9570974,9588254,9565610,9582068,7.205
2026-07-01 19:00:00,9583922,9583922,9549003,9550019,4.71
2026-07-01 19:15:00,9550567,9556919,9536425,9547385,11.216
2026-07-01 19:30:00,9545378,9548479,9525392,9527093,4.26
2026-07-01 19:45:00,9527556,9541302,9527556,9535788,3.642
2026-07-01 20:00:00,9535428,9548937,9523103,9543067,4.494
2026-07-01 20:15:00,9543088,9550490,9535215,9540419,2.684
2026-07-01 20:30:00,9539300,9549242,9528180,9536716,4.02
2026-07-01 20:45:00,9536279,9541647,9514484,9527576,12.748
2026-07-01 21:00:00,9529354,9538413,9490125,9498483,19.821
2026-07-01 21:15:00,9500000,9523870,9500000,9517234,6.386
2026-07-01 21:30:00,9516535,9522235,9491000,9495430,14.191
2026-07-01 21:45:00,9494527,9515000,9482415,9510828,15.466
2026-07-01 22:00:00,9514206,9550000,9511858,9539035,22.704
2026-07-01 22:15:00,9538788,9568127,9531718,9556935,31.329
2026-07-01 22:30:00,9556935,9588127,9520312,9573939,56.861
2026-07-01 22:45:00,9575647,9653588,9561530,9651092,52.386
2026-07-01 23:00:00,9650495,9730000,9614831,9726460,52.6
2026-07-01 23:15:00,9725716,9744982,9696961,9701130,43.205
2026-07-01 23:30:00,9699563,9702874,9655049,9667432,23.1
2026-07-01 23:45:00,9665900,9697522,9638822,9660652,27.381
2026-07-02 00:00:00,9659202,9732651,9656173,9721594,30.037
2026-07-02 00:15:00,9721775,9824677,9712310,9785902,53.063
2026-07-02 00:30:00,9787261,9796005,9761173,9776157,29.377
2026-07-02 00:45:00,9775270,9781466,9752651,9762383,19.292
2026-07-02 01:00:00,9760711,9774569,9751250,9760625,3.919
2026-07-02 01:15:00,9758174,9780354,9728099,9758130,11.363
2026-07-02 01:30:00,9761143,9767498,9743000,9754439,6.252
2026-07-02 01:45:00,9754439,9754439,9715970,9723623,13.356
2026-07-02 02:00:00,9724084,9729182,9702481,9725673,14.289
2026-07-02 02:15:00,9727954,9777498,9727954,9766762,15.459
2026-07-02 02:30:00,9767445,9783699,9758300,9768129,6.386
2026-07-02 02:45:00,9770000,9782087,9765134,9778077,3.35
2026-07-02 03:00:00,9776607,9781215,9748658,9757303,8.008
2026-07-02 03:15:00,9756133,9778908,9752150,9771591,2.964
2026-07-02 03:30:00,9771492,9785971,9760015,9781244,4.688
2026-07-02 03:45:00,9781255,9793016,9755469,9769522,10.182
2026-07-02 04:00:00,9767881,9790132,9767681,9787710,4.968
2026-07-02 04:15:00,9790500,9807840,9761777,9770153,14.511
2026-07-02 04:30:00,9769755,9788561,9768515,9776013,4.838
2026-07-02 04:45:00,9777168,9777524,9738960,9749515,8.714
2026-07-02 05:00:00,9752340,9755188,9729887,9743363,6.556
2026-07-02 05:15:00,9742889,9748478,9724933,9741755,4.594
2026-07-02 05:30:00,9743066,9759776,9738769,9755775,4.082
2026-07-02 05:45:00,9756186,9780337,9753950,9769204,4.028
2026-07-02 06:00:00,9766938,9822598,9765392,9815600,16.408
2026-07-02 06:15:00,9819763,9843680,9798838,9832651,24.045
2026-07-02 06:30:00,9832651,9883440,9832650,9876793,17.657
2026-07-02 06:45:00,9876281,9879759,9870560,9876481,5.038
2026-07-02 07:00:00,9877048,9877999,9870000,9873960,3.495
2026-07-02 07:15:00,9872000,9964000,9833345,9838392,69.249
2026-07-02 07:30:00,9833392,9856286,9820000,9823859,9.954
2026-07-02 07:45:00,9825824,9827748,9800196,9822545,6.895
2026-07-02 08:00:00,9821881,9821994,9783049,9786728,8.994
2026-07-02 08:15:00,9786570,9807020,9782065,9782574,5.752
2026-07-02 08:30:00,9785365,9792409,9753979,9774476,10.001
2026-07-02 08:45:00,9775617,9775617,9741760,9751228,16.578
2026-07-02 09:00:00,9751229,9752364,9727827,9736396,7.194
2026-07-02 09:15:00,9736485,9742979,9706663,9712693,10.699
2026-07-02 09:30:00,9716072,9716072,9681000,9689957,16.161
2026-07-02 09:45:00,9690000,9724588,9690000,9708000,6.838
2026-07-02 10:00:00,9709368,9737602,9699489,9735299,12.016
2026-07-02 10:15:00,9736104,9752470,9721095,9747920,7.464
2026-07-02 10:30:00,9752583,9799340,9752583,9779000,18.312
2026-07-02 10:45:00,9777239,9798427,9754968,9771758,9.611
2026-07-02 11:00:00,9775787,9776552,9746953,9766409,3.676
2026-07-02 11:15:00,9767655,9788415,9766313,9779837,3.888
2026-07-02 11:30:00,9778077,9814056,9774608,9811168,9.194
2026-07-02 11:45:00,9813000,9826219,9796378,9812584,9.641
2026-07-02 12:00:00,9814633,9821975,9808408,9820754,1.946
2026-07-02 12:15:00,9821351,9858934,9792835,9831052,15.423
2026-07-02 12:30:00,9833100,9873373,9820253,9870511,9.056
2026-07-02 12:45:00,9870465,9918254,9860427,9908687,21.945
2026-07-02 13:00:00,9906819,9907239,9872906,9885937,16.36
2026-07-02 13:15:00,9887640,9892194,9865464,9873651,7.81
2026-07-02 13:30:00,9873651,9873651,9855000,9860187,9.28
2026-07-02 13:45:00,9861505,9883440,9857009,9865567,7.381
2026-07-02 14:00:00,9865833,9879247,9842053,9877862,10.65
2026-07-02 14:15:00,9878463,9878463,9854691,9855719,5.102
2026-07-02 14:30:00,9854365,9879000,9827205,9830801,10.91
2026-07-02 14:45:00,9830343,9838556,9809966,9812597,8.626
2026-07-02 15:00:00,9811406,9813490,9791079,9791717,10.506
2026-07-02 15:15:00,9791496,9814556,9791288,9802149,5.524
2026-07-02 15:30:00,9802208,9831360,9802208,9810681,8.599
2026-07-02 15:45:00,9810674,9812558,9719586,9740026,37.772
2026-07-02 16:00:00,9740464,9750275,9725196,9725200,13.251
2026-07-02 16:15:00,9725200,9733000,9710400,9714498,7.564
2026-07-02 16:30:00,9714132,9723931,9696439,9696439,14.888
2026-07-02 16:45:00,9702128,9715574,9694823,9700000,11.297
2026-07-02 17:00:00,9697322,9728880,9694854,9716560,24.734
2026-07-02 17:15:00,9718610,9732771,9718610,9727733,9.754
2026-07-02 17:30:00,9724894,9746647,9721650,9736259,12.813
2026-07-02 17:45:00,9737291,9756237,9730980,9737539,12.986
2026-07-02 18:00:00,9736488,9749946,9719172,9743159,6.44
2026-07-02 18:15:00,9744415,9766671,9736021,9760554,6.085
2026-07-02 18:30:00,9759754,9849103,9759432,9838442,45.265
2026-07-02 18:45:00,9835841,9890000,9795520,9850335,44.918
2026-07-02 19:00:00,9849343,9862704,9832526,9859809,25.686
2026-07-02 19:15:00,9860120,9873236,9842486,9871369,15.478
2026-07-02 19:30:00,9872039,9889438,9865526,9865788,14.49
2026-07-02 19:45:00,9868090,9885402,9856734,9873596,8.318
2026-07-02 20:00:00,9875000,9890000,9866358,9878362,10.813
2026-07-02 20:15:00,9877721,9892159,9872801,9879268,5.882
2026-07-02 20:30:00,9879139,9890299,9875379,9885572,3.502
2026-07-02 20:45:00,9884205,9898000,9857323,9894082,14.482
2026-07-02 21:00:00,9893003,9903139,9885691,9901369,17.838
2026-07-02 21:15:00,9901592,9913534,9871120,9897261,22.267
2026-07-02 21:30:00,9897927,9926000,9828328,9853643,56.571
2026-07-02 21:45:00,9855720,9907198,9855059,9900213,20.691
2026-07-02 22:00:00,9900340,9928516,9891136,9921095,24.384
2026-07-02 22:15:00,9923719,9976400,9923719,9930200,62.245
2026-07-02 22:30:00,9933731,9980336,9904541,9964878,69.447
2026-07-02 22:45:00,9963377,9975000,9931600,9953842,27.17
2026-07-02 23:00:00,9953498,9992804,9944090,9977000,43.85
2026-07-02 23:15:00,9977000,9995000,9903040,9921180,44.129
2026-07-02 23:30:00,9915188,9939240,9877671,9887695,22.716
2026-07-02 23:45:00,9887480,9937074,9887480,9929168,23.486
2026-07-03 00:00:00,9923758,9936336,9876307,9902471,11.275
2026-07-03 00:15:00,9904725,9940000,9886944,9918541,15.213
2026-07-03 00:30:00,9922684,9935306,9892360,9916498,31.902
2026-07-03 00:45:00,9918983,9923681,9894114,9905143,8.958
2026-07-03 01:00:00,9907000,9932632,9890642,9923151,6.106
2026-07-03 01:15:00,9916419,9926000,9838640,9847379,34.029
2026-07-03 01:30:00,9850621,9889527,9850621,9886583,14.076
2026-07-03 01:45:00,9887275,9941211,9887275,9923137,17.973
2026-07-03 02:00:00,9922785,9949260,9915194,9943007,16.783
2026-07-03 02:15:00,9942781,9967728,9940081,9959521,27.174
2026-07-03 02:30:00,9959040,9959040,9921039,9947387,13.71
2026-07-03 02:45:00,9948919,9949735,9922763,9924340,8.842
2026-07-03 03:00:00,9926184,9956848,9925874,9951382,5.61
2026-07-03 03:15:00,9948954,9958493,9937760,9957996,4.962
2026-07-03 03:30:00,9957939,9959990,9941970,9943428,3.238
2026-07-03 03:45:00,9941988,9958268,9926821,9937876,8.781
2026-07-03 04:00:00,9935108,9937478,9916352,9926070,6.746
2026-07-03 04:15:00,9925906,9925906,9903800,9918006,3.728
2026-07-03 04:30:00,9921793,9924298,9909016,9918119,2.28
2026-07-03 04:45:00,9916636,9934906,9891139,9899086,10.066
2026-07-03 05:00:00,9896763,9909375,9885301,9892663,2.554
2026-07-03 05:15:00,9892428,9902864,9880387,9883734,4.109
2026-07-03 05:30:00,9882237,9887030,9872896,9877044,4.158
2026-07-03 05:45:00,9878335,9915853,9878335,9912000,11.947
2026-07-03 06:00:00,9912000,9922979,9903032,9904646,8.536
2026-07-03 06:15:00,9904679,9908083,9902000,9906820,2.684
2026-07-03 06:30:00,9905917,9910499,9903000,9903931,2.588
2026-07-03 06:45:00,9903299,9918603,9902887,9913244,4.3
2026-07-03 07:00:00,9912386,9912386,9902450,9905035,9.476
2026-07-03 07:15:00,9904608,9912189,9904608,9907887,1.6
2026-07-03 07:30:00,9908168,9919276,9905843,9914741,3.14
2026-07-03 07:45:00,9913801,9919728,9896736,9903548,6.329
2026-07-03 08:00:00,9901546,9901546,9878400,9884965,7.043
2026-07-03 08:15:00,9884850,9914060,9882631,9910136,1.93
2026-07-03 08:30:00,9909337,9925374,9900891,9908134,6.652
2026-07-03 08:45:00,9909193,9932794,9909193,9925605,4.191
2026-07-03 09:00:00,9926155,9928092,9900000,9906781,10.398
2026-07-03 09:15:00,9906940,9911918,9886639,9886639,5.542
2026-07-03 09:30:00,9887544,9898560,9878262,9892947,16.102
2026-07-03 09:45:00,9888290,9902727,9870412,9870840,5.823
2026-07-03 10:00:00,9871898,9936505,9871898,9920608,8.271
2026-07-03 10:15:00,9917953,9923203,9894493,9906355,8.471
2026-07-03 10:30:00,9905905,9943920,9902321,9925386,8.917
2026-07-03 10:45:00,9927595,9933317,9918057,9919304,5.534
2026-07-03 11:00:00,9920176,9928572,9903911,9906438,12.206
2026-07-03 11:15:00,9906438,9915311,9887675,9887972,5.804
2026-07-03 11:30:00,9887478,9900000,9870292,9878632,6.294
2026-07-03 11:45:00,9879157,9898715,9870883,9896320,3.353
2026-07-03 12:00:00,9891017,9896835,9877369,9877801,2.829
2026-07-03 12:15:00,9881173,9918347,9881173,9911622,5.778
2026-07-03 12:30:00,9910018,9914000,9884772,9891853,4.545
2026-07-03 12:45:00,9889666,9896920,9878350,9893373,4.422
2026-07-03 13:00:00,9894041,9899628,9881480,9894608,3.954
2026-07-03 13:15:00,9893441,9896787,9881140,9895282,2.166
2026-07-03 13:30:00,9894103,9908000,9892008,9905292,4.392
2026-07-03 13:45:00,9907240,9907524,9885019,9894589,7.932
2026-07-03 14:00:00,9892945,9908547,9892945,9903392,2.838
2026-07-03 14:15:00,9903371,9926754,9898532,9921477,10.64
2026-07-03 14:30:00,9920000,9946280,9917644,9934469,19.395
2026-07-03 14:45:00,9932952,9943000,9924510,9935579,6.91
2026-07-03 15:00:00,9935326,9957460,9932546,9935109,12.376
2026-07-03 15:15:00,9936703,9945746,9927352,9930704,7.052
2026-07-03 15:30:00,9930107,9939433,9896690,9904611,21.219
2026-07-03 15:45:00,9906571,9929126,9903778,9922347,5.172
2026-07-03 16:00:00,9922976,9931245,9911165,9913360,5.592
2026-07-03 16:15:00,9914633,9926000,9914633,9922464,5.37
2026-07-03 16:30:00,9924276,9942000,9923122,9940250,13.636
2026-07-03 16:45:00,9940250,9945262,9923068,9923068,7.246
2026-07-03 17:00:00,9923068,9940497,9920401,9926504,2.514
2026-07-03 17:15:00,9926639,9941215,9923822,9933213,2.774
2026-07-03 17:30:00,9932329,9951152,9923900,9946108,11.652
2026-07-03 17:45:00,9945060,9946064,9903829,9908907,6.554
2026-07-03 18:00:00,9910317,9928244,9898490,9927911,5.866
2026-07-03 18:15:00,9928226,9933419,9917153,9926863,3.989
2026-07-03 18:30:00,9922335,9926115,9905468,9921335,4.946
2026-07-03 18:45:00,9920719,9941004,9920719,9934683,4.915
2026-07-03 19:00:00,9934367,9944517,9929457,9937983,5.187
2026-07-03 19:15:00,9937923,9943878,9928240,9939420,3.401
2026-07-03 19:30:00,9939677,9987102,9938320,9979533,31.508
2026-07-03 19:45:00,9983827,9983827,9961013,9966047,20.87
2026-07-03 20:00:00,9966680,9990000,9955000,9984353,26.224
2026-07-03 20:15:00,9982795,9993908,9971103,9978834,11.962
2026-07-03 20:30:00,9978834,9986072,9961783,9964000,5.698
2026-07-03 20:45:00,9965229,9995000,9965161,9986946,12.784
2026-07-03 21:00:00,9985439,10010000,9978996,10008390,28.148
2026-07-03 21:15:00,10007258,10009000,9972367,9978864,15.034
2026-07-03 21:30:00,9978539,9983956,9963545,9975850,9.866
2026-07-03 21:45:00,9978842,9987416,9978211,9985672,3.744
2026-07-03 22:00:00,9986454,10005000,9980428,10002448,9.266
2026-07-03 22:15:00,10002500,10009000,9991332,10006864,19.544
2026-07-03 22:30:00,10002990,10022715,9990828,10015908,15.568
2026-07-03 22:45:00,10018052,10039193,10000469,10013508,21.528
2026-07-03 23:00:00,10010625,10014272,9948298,9960000,15.856
2026-07-03 23:15:00,9960000,9980980,9954592,9979438,11.548
2026-07-03 23:30:00,9979466,10005263,9967996,10002000,6.928
2026-07-03 23:45:00,9999167,10035000,9997485,10019141,9.49
2026-07-04 00:00:00,10019730,10058999,10018496,10025130,23.312
2026-07-04 00:15:00,10023779,10030635,9993973,9997981,11.428
2026-07-04 00:30:00,9999016,10012231,9968045,9974285,12.104
2026-07-04 00:45:00,9975433,9993525,9970098,9989134,5.334
2026-07-04 01:00:00,9990000,9997570,9983672,9986728,7.166
2026-07-04 01:15:00,9989284,10014790,9987361,10010565,6.59
2026-07-04 01:30:00,10012559,10019607,9999561,10011469,2.664
2026-07-04 01:45:00,10007041,10019351,10002179,10014988,2.97
2026-07-04 02:00:00,10013420,10046740,10007860,10032793,23.82
2026-07-04 02:15:00,10032968,10042480,10018142,10027671,7.86
2026-07-04 02:30:00,10026412,10046000,10024294,10036932,9.728
2026-07-04 02:45:00,10042034,10042127,10024531,10029079,4.63
2026-07-04 03:00:00,10030921,10031394,10017447,10023210,0.704
2026-07-04 03:15:00,10021760,10031864,10018829,10022313,1.504
2026-07-04 03:30:00,10026230,10036715,10026105,10032698,9.648
2026-07-04 03:45:00,10032114,10040346,10028931,10030000,4.84
2026-07-04 04:00:00,10032999,10037989,10017387,10028542,7.974
2026-07-04 04:15:00,10028075,10044877,10026475,10032414,3.702
2026-07-04 04:30:00,10031984,10051270,10023717,10039391,9.142
2026-07-04 04:45:00,10036713,10043416,10031557,10035056,4.048
2026-07-04 05:00:00,10035260,10075719,10029952,10064189,20.432
2026-07-04 05:15:00,10065798,10107723,10061433,10092352,18.486
2026-07-04 05:30:00,10097059,10136066,10089300,10108488,21.033
2026-07-04 05:45:00,10106404,10132801,10104795,10120527,7.415
2026-07-04 06:00:00,10122974,10149316,10110800,10116940,12.527
2026-07-04 06:15:00,10116500,10124404,10094704,10099803,10.31
2026-07-04 06:30:00,10093143,10097068,10077083,10095625,7.888
2026-07-04 06:45:00,10095749,10130506,10093417,10113852,4.37
2026-07-04 07:00:00,10112204,10119418,10090000,10096201,3.134
2026-07-04 07:15:00,10095689,10110831,10095213,10097659,3.231
2026-07-04 07:30:00,10099506,10099506,10083964,10094663,4.88
2026-07-04 07:45:00,10094354,10104233,10087255,10087677,2.116
2026-07-04 08:00:00,10087987,10093581,10080392,10086615,2.588
2026-07-04 08:15:00,10083082,10103964,10083082,10094707,5.176
2026-07-04 08:30:00,10098212,10106727,10098212,10103675,0.904
2026-07-04 08:45:00,10103970,10103970,10082800,10090080,2.962
2026-07-04 09:00:00,10090080,10090080,10090080,10090080,0.002
2026-07-04 11:00:00,10086612,10094240,10083202,10085470,3.622
2026-07-04 11:15:00,10087987,10088319,10077299,10082000,6.102
2026-07-04 11:30:00,10080322,10082000,10073114,10079999,5.118
2026-07-04 11:45:00,10079999,10100000,10076000,10088911,9.486
2026-07-04 12:00:00,10089862,10096734,10083000,10092144,8.888
2026-07-04 12:15:00,10092926,10098154,10088948,10088948,0.796
2026-07-04 12:30:00,10091638,10118834,10085008,10110497,10.372
2026-07-04 12:45:00,10114508,10114508,10099468,10099468,4.224
2026-07-04 13:00:00,10099569,10110000,10095000,10102839,4.464
2026-07-04 13:15:00,10102839,10114898,10095000,10106213,4.996
2026-07-04 13:30:00,10108440,10130400,10105936,10108140,11.727
2026-07-04 13:45:00,10112387,10118444,10102480,10109577,7.89
2026-07-04 14:00:00,10107812,10109810,10092000,10092000,12.81
2026-07-04 14:15:00,10093524,10094178,10073099,10081826,14.31
2026-07-04 14:30:00,10083779,10090000,10080325,10089233,1.456
2026-07-04 14:45:00,10086560,10093400,10068288,10072375,8.86
2026-07-04 15:00:00,10073409,10088702,10068384,10068533,4.105
2026-07-04 15:15:00,10069377,10071000,10052707,10068672,6.338
2026-07-04 15:30:00,10071029,10086779,10068589,10073997,4.748
2026-07-04 15:45:00,10074031,10083217,10072290,10080222,2.652
2026-07-04 16:00:00,10079669,10089378,10071749,10086205,5.738
2026-07-04 16:15:00,10086230,10102782,10082331,10087370,2.944
2026-07-04 16:30:00,10088951,10091728,10075128,10079564,3.054
2026-07-04 16:45:00,10078043,10094915,10077559,10092414,2.708
2026-07-04 17:00:00,10092476,10093311,10080483,10087000,1.438
2026-07-04 17:15:00,10086427,10094272,10082499,10087516,1.428
2026-07-04 17:30:00,10086161,10105273,10086161,10092222,6.317
2026-07-04 17:45:00,10094565,10105000,10086161,10086161,3.753
2026-07-04 18:00:00,10089130,10091925,10070195,10079668,7.978
2026-07-04 18:15:00,10078762,10079244,10070873,10074761,7.844
2026-07-04 18:30:00,10076922,10078892,10067058,10071844,3.552
2026-07-04 18:45:00,10073707,10079529,10073707,10076111,1.694
2026-07-04 19:00:00,10075423,10076666,10067979,10073739,1.284
2026-07-04 19:15:00,10070000,10082004,10069976,10076231,1.838
2026-07-04 19:30:00,10076361,10077429,10069557,10075337,0.384
2026-07-04 19:45:00,10075337,10084452,10070649,10078880,3.201
2026-07-04 20:00:00,10076980,10082720,10071714,10079657,2.814
2026-07-04 20:15:00,10080171,10085125,10071694,10076069,2.366
2026-07-04 20:30:00,10075267,10087797,10075267,10077806,4.652
2026-07-04 20:45:00,10077806,10082860,10074804,10078882,4.94
2026-07-04 21:00:00,10078882,10094000,10078882,10090550,4.61
2026-07-04 21:15:00,10090758,10096166,10084760,10090809,12.278
2026-07-04 21:30:00,10091780,10103350,10090508,10094324,4.076
2026-07-04 21:45:00,10093316,10109060,10090683,10101330,3.116
2026-07-04 22:00:00,10101957,10102893,10091345,10093000,3.536
2026-07-04 22:15:00,10093864,10121054,10093864,10102609,14.822
2026-07-04 22:30:00,10102240,10102240,10085283,10093278,5.66
2026-07-04 22:45:00,10090471,10093050,10083864,10092712,1.73
2026-07-04 23:00:00,10092382,10106837,10092382,10102081,4.66
2026-07-04 23:15:00,10103024,10115097,10097921,10104069,16.249
2026-07-04 23:30:00,10105622,10109000,10096871,10106996,3.928
2026-07-04 23:45:00,10106340,10112830,10102000,10109645,8.846
2026-07-05 00:00:00,10108590,10170000,10107518,10128000,27.275
2026-07-05 00:15:00,10128110,10149138,10120000,10147683,20.49
2026-07-05 00:30:00,10146915,10161200,10136804,10149063,23.464
2026-07-05 00:45:00,10148357,10163346,10142470,10154773,5.28
2026-07-05 01:00:00,10154551,10163440,10128883,10132412,11.087
2026-07-05 01:15:00,10132412,10148046,10130573,10143444,5.233
2026-07-05 01:30:00,10144608,10156213,10144608,10151483,1.36
2026-07-05 01:45:00,10150613,10158457,10144687,10151000,2.376
2026-07-05 02:00:00,10150332,10154198,10132295,10139470,4.28
2026-07-05 02:15:00,10144092,10163076,10142435,10160908,2.35
2026-07-05 02:30:00,10162710,10194899,10162360,10191518,16.888
2026-07-05 02:45:00,10194899,10230158,10189938,10212114,34.885
2026-07-05 03:00:00,10210555,10218096,10194174,10215119,6.4
2026-07-05 03:15:00,10215119,10218286,10188324,10193195,1.358
2026-07-05 03:30:00,10191572,10191572,10178914,10186675,2.708
2026-07-05 03:45:00,10185070,10194809,10178782,10191054,2.314
2026-07-05 04:00:00,10191623,10204977,10181801,10193569,8.228
2026-07-05 04:15:00,10193576,10224124,10193482,10223550,3.144
2026-07-05 04:30:00,10220244,10237381,10208455,10223429,11.178
2026-07-05 04:45:00,10221130,10228400,10209528,10212616,12.987
2026-07-05 05:00:00,10212722,10225673,10209475,10218487,3.004
2026-07-05 05:15:00,10218163,10219071,10186960,10188909,11.993
2026-07-05 05:30:00,10189944,10215470,10188909,10210500,3.536
2026-07-05 05:45:00,10210935,10215670,10196248,10197000,19.068
2026-07-05 06:00:00,10197000,10219238,10193766,10218000,15.972
2026-07-05 06:15:00,10215773,10228761,10212860,10228000,9.472
2026-07-05 06:30:00,10227318,10229862,10205642,10205642,10.752
2026-07-05 06:45:00,10209744,10214554,10202978,10209503,4.324
2026-07-05 07:00:00,10208348,10211260,10196530,10200017,4.364
2026-07-05 07:15:00,10202057,10210252,10193929,10197872,11.107
2026-07-05 07:30:00,10197925,10203680,10192527,10198313,2.148
2026-07-05 07:45:00,10195292,10201748,10190105,10195570,4.254
2026-07-05 08:00:00,10194517,10199388,10160377,10162705,12.75
2026-07-05 08:15:00,10162705,10177010,10150000,10177010,17.332
2026-07-05 08:30:00,10176517,10195465,10176517,10192700,3.822
2026-07-05 08:45:00,10194793,10200000,10185000,10187403,7.128
2026-07-05 09:00:00,10187421,10187421,10166000,10171275,6.246
2026-07-05 09:15:00,10169868,10173312,10160000,10169828,4.328
2026-07-05 09:30:00,10168969,10180333,10160000,10174139,3.054
2026-07-05 09:45:00,10174572,10177824,10145366,10156177,5.869
2026-07-05 10:00:00,10157680,10167497,10146714,10160791,7.806
2026-07-05 10:15:00,10160880,10160880,10136056,10153843,6.52
2026-07-05 10:30:00,10150714,10150714,10127651,10137358,8.244
2026-07-05 10:45:00,10140674,10146087,10132784,10142626,2.39
2026-07-05 11:00:00,10142192,10147106,10120000,10120000,6.095
2026-07-05 11:15:00,10120000,10127508,10104344,10124001,7.058
2026-07-05 11:30:00,10121881,10129052,10103933,10103933,3.428
2026-07-05 11:45:00,10104891,10113040,10096651,10112090,8.674
2026-07-05 12:00:00,10112767,10127480,10112767,10125000,3.13
2026-07-05 12:15:00,10125000,10126919,10106110,10106341,2.212
2026-07-05 12:30:00,10109864,10125219,10107000,10118427,3.07
2026-07-05 12:45:00,10119871,10128015,10116822,10124869,1.976
2026-07-05 13:00:00,10124382,10134000,10115681,10126948,4.501
2026-07-05 13:15:00,10129065,10144796,10126822,10141674,2.551
2026-07-05 13:30:00,10143069,10157030,10142912,10156433,7.087
2026-07-05 13:45:00,10155266,10156215,10133185,10135840,2.857
2026-07-05 14:00:00,10135840,10135840,10121584,10124105,4.376
2026-07-05 14:15:00,10123470,10129105,10121891,10124944,3.089
2026-07-05 14:30:00,10124933,10134880,10107886,10110262,7.132
2026-07-05 14:45:00,10112031,10126066,10108726,10119861,2.118
2026-07-05 15:00:00,10120446,10121181,10109787,10117520,2.756
2026-07-05 15:15:00,10119200,10132069,10116698,10132069,0.976
2026-07-05 15:30:00,10129907,10133218,10121074,10122437,0.716
2026-07-05 15:45:00,10122437,10130680,10120572,10126093,3.49
2026-07-05 16:00:00,10125536,10128160,10122577,10123124,2.399
2026-07-05 16:15:00,10119653,10133373,10116201,10121734,7.65
2026-07-05 16:30:00,10123188,10149238,10123188,10144587,8.982
2026-07-05 16:45:00,10143472,10164707,10142762,10160576,11.182
2026-07-05 17:00:00,10159325,10175492,10153007,10161242,16.722
2026-07-05 17:15:00,10163070,10167508,10144000,10148386,4.338
2026-07-05 17:30:00,10149675,10161640,10144547,10148403,6.572
2026-07-05 17:45:00,10152168,10158000,10144000,10145062,5.87
2026-07-05 18:00:00,10146091,10147425,10138000,10138269,9.422
2026-07-05 18:15:00,10138269,10140745,10110800,10114925,12.305
2026-07-05 18:30:00,10114925,10124703,10070000,10083523,23.018
2026-07-05 18:45:00,10083268,10102603,10080838,10100722,12.984
2026-07-05 19:00:00,10099534,10117402,10084503,10111556,5.926
2026-07-05 19:15:00,10107649,10114769,10100081,10111438,2.99
2026-07-05 19:30:00,10111452,10118639,10104770,10107692,4.132
2026-07-05 19:45:00,10108497,10120654,10106924,10119088,3.176
2026-07-05 20:00:00,10120436,10128489,10106641,10109620,2.912
2026-07-05 20:15:00,10108692,10109302,10095552,10097545,7.698
2026-07-05 20:30:00,10096607,10114324,10094189,10111858,2.974
2026-07-05 20:45:00,10110161,10116000,10100000,10102223,2.91
2026-07-05 21:00:00,10101793,10101793,10086720,10097873,3.893
2026-07-05 21:15:00,10097282,10118934,10097282,10118000,3.724
2026-07-05 21:30:00,10118000,10122724,10102960,10112460,4.208
2026-07-05 21:45:00,10112365,10116225,10110312,10116225,0.758
2026-07-05 22:00:00,10114138,10128254,10108571,10114000,5.148
2026-07-05 22:15:00,10114000,10119625,10100721,10109782,2.456
2026-07-05 22:30:00,10108237,10119305,10106674,10117651,5.777
2026-07-05 22:45:00,10118909,10129205,10118909,10125793,5.408
2026-07-05 23:00:00,10127395,10130000,10112837,10119572,4.736
2026-07-05 23:15:00,10119136,10119283,10106228,10112687,2.888
2026-07-05 23:30:00,10113755,10125136,10102852,10120360,2.998
2026-07-05 23:45:00,10119097,10130000,10112313,10128416,2.376
2026-07-06 00:00:00,10127593,10150560,10125326,10130531,17.993
2026-07-06 00:15:00,10127200,10131923,10115244,10120917,6.75
2026-07-06 00:30:00,10120028,10143840,10107993,10110985,8.243
2026-07-06 00:45:00,10110323,10120835,10105521,10117881,6.304
2026-07-06 01:00:00,10118002,10123761,10109767,10109767,3.914
2026-07-06 01:15:00,10111861,10114499,10095928,10099445,9.796
2026-07-06 01:30:00,10098121,10104718,10093707,10096949,4.939
2026-07-06 01:45:00,10099470,10104007,10094206,10099697,5.492
2026-07-06 02:00:00,10100281,10114071,10099795,10110000,6.157
2026-07-06 02:15:00,10110979,10126617,10106362,10106924,4.882
2026-07-06 02:30:00,10106650,10110408,10093023,10093023,3.502
2026-07-06 02:45:00,10093023,10103989,10092643,10098748,1.388
2026-07-06 03:00:00,10097894,10107759,10096056,10101992,2.514
2026-07-06 03:15:00,10104046,10113647,10104046,10105407,2.5
2026-07-06 03:30:00,10107608,10118822,10106373,10118022,6.183
2026-07-06 03:45:00,10118613,10136330,10113648,10126042,15.225
2026-07-06 04:00:00,10123680,10133360,10116961,10129162,2.944
2026-07-06 04:15:00,10128647,10134320,10111364,10116961,2.05
2026-07-06 04:30:00,10120490,10128885,10118342,10124107,0.678
2026-07-06 04:45:00,10122904,10129559,10118836,10120177,1.112
2026-07-06 05:00:00,10121000,10129057,10119188,10127342,1.644
2026-07-06 05:15:00,10129490,10129490,10108758,10112500,4.263
2026-07-06 05:30:00,10113011,10114710,10107745,10114161,10.032
2026-07-06 05:45:00,10116385,10119683,10113931,10113931,3.572
2026-07-06 06:00:00,10113658,10122119,10095000,10116129,10.321
2026-07-06 06:15:00,10114258,10148706,10113180,10144339,11.382
2026-07-06 06:30:00,10145769,10162000,10138493,10160873,14.41
2026-07-06 06:45:00,10159566,10190450,10147000,10167360,23.0
2026-07-06 07:00:00,10170357,10199458,10158406,10195000,21.291
2026-07-06 07:15:00,10194348,10277220,10190962,10273717,45.26
2026-07-06 07:30:00,10274779,10304506,10244000,10246675,41.992
2026-07-06 07:45:00,10251068,10280000,10245850,10277561,18.435
2026-07-06 08:00:00,10277172,10321651,10273478,10319528,15.739
2026-07-06 08:15:00,10319811,10323858,10268720,10271363,22.951
2026-07-06 08:30:00,10271941,10284400,10262982,10275588,6.752
2026-07-06 08:45:00,10275762,10275762,10255880,10264091,9.176
2026-07-06 09:00:00,10265771,10281600,10250000,10266097,25.313
2026-07-06 09:15:00,10266676,10280520,10235523,10236240,25.323
2026-07-06 09:30:00,10234359,10273000,10222869,10263583,9.538
2026-07-06 09:45:00,10264430,10292317,10264430,10287439,21.034
2026-07-06 10:00:00,10287411,10307803,10280848,10301502,20.792
2026-07-06 10:15:00,10303974,10310252,10277797,10299466,8.463
2026-07-06 10:30:00,10297613,10327000,10293998,10297605,21.649
2026-07-06 10:45:00,10293086,10295002,10272001,10277535,4.622
2026-07-06 11:00:00,10279163,10292339,10254600,10260649,19.531
2026-07-06 11:15:00,10260478,10290000,10258423,10271526,8.588
2026-07-06 11:30:00,10270892,10290597,10243520,10250071,13.974
2026-07-06 11:45:00,10250071,10262496,10244766,10260000,4.13
2026-07-06 12:00:00,10255836,10264707,10251098,10251444,4.378
2026-07-06 12:15:00,10254350,10255395,10215228,10226656,17.245
2026-07-06 12:30:00,10223920,10238891,10207919,10219820,10.238
2026-07-06 12:45:00,10217962,10235000,10215197,10235000,6.916
2026-07-06 13:00:00,10233932,10246709,10225633,10244640,8.246
2026-07-06 13:15:00,10240379,10244361,10215784,10224770,4.465
2026-07-06 13:30:00,10222764,10255280,10218709,10243271,7.274
2026-07-06 13:45:00,10240157,10250125,10232745,10237404,3.808
2026-07-06 14:00:00,10235169,10235606,10223382,10227534,5.286
2026-07-06 14:15:00,10228492,10234451,10195491,10199334,16.729
2026-07-06 14:30:00,10199840,10220000,10188927,10210298,10.337
2026-07-06 14:45:00,10210808,10225746,10208240,10220575,6.426
2026-07-06 15:00:00,10220356,10225598,10212065,10225164,10.239
2026-07-06 15:15:00,10226686,10232603,10208043,10218192,11.406
2026-07-06 15:30:00,10213233,10219424,10202149,10218314,4.762
2026-07-06 15:45:00,10220560,10221008,10208145,10211445,2.552
2026-07-06 16:00:00,10211122,10214844,10197312,10206386,15.028
2026-07-06 16:15:00,10209465,10223360,10204320,10210299,7.73
2026-07-06 16:30:00,10210202,10227094,10196488,10226127,12.515
2026-07-06 16:45:00,10224480,10228752,10219689,10221296,3.363
2026-07-06 17:00:00,10222086,10251015,10215248,10223303,11.255
2026-07-06 17:15:00,10224562,10228435,10209748,10224820,4.708
2026-07-06 17:30:00,10224558,10224558,10185007,10197542,19.295
2026-07-06 17:45:00,10199233,10206089,10194960,10200000,7.866
2026-07-06 18:00:00,10200001,10201864,10190860,10194603,6.111
2026-07-06 18:15:00,10195920,10197488,10174748,10176278,8.646
2026-07-06 18:30:00,10178592,10178921,10153360,10165007,12.597
2026-07-06 18:45:00,10165908,10170290,10154480,10165444,12.228
2026-07-06 19:00:00,10165004,10195851,10164002,10188921,18.694
2026-07-06 19:15:00,10190119,10198000,10187781,10196474,19.094
2026-07-06 19:30:00,10197747,10221648,10194830,10202394,30.287
2026-07-06 19:45:00,10201138,10202991,10183304,10188234,10.864
2026-07-06 20:00:00,10188313,10198385,10181440,10185755,5.299
2026-07-06 20:15:00,10185609,10202481,10178456,10197205,7.988
2026-07-06 20:30:00,10195577,10216231,10194800,10210027,9.59
2026-07-06 20:45:00,10207411,10216833,10130400,10136839,24.086
2026-07-06 21:00:00,10132818,10135981,10031764,10054689,82.018
2026-07-06 21:15:00,10054412,10078355,10042097,10069677,20.395
2026-07-06 21:30:00,10068986,10090926,10021200,10029582,25.702
2026-07-06 21:45:00,10028024,10042858,10003669,10021825,15.518
2026-07-06 22:00:00,10021825,10032400,9992263,10001813,34.688
2026-07-06 22:15:00,10003313,10012091,9961737,9964982,45.003
2026-07-06 22:30:00,9962603,10000894,9943920,10000293,54.206
2026-07-06 22:45:00,10001102,10064880,9999694,10022255,60.548
2026-07-06 23:00:00,10021156,10055042,10017398,10046133,14.897
2026-07-06 23:15:00,10049018,10125123,10010603,10069767,65.293
2026-07-06 23:30:00,10067007,10093305,10050000,10069721,28.848
2026-07-06 23:45:00,10069522,10072621,10042551,10069831,8.809
2026-07-07 00:00:00,10071061,10151261,10069720,10137192,26.422
2026-07-07 00:15:00,10135903,10148853,10110000,10132111,18.881
2026-07-07 00:30:00,10131913,10217200,10103093,10203061,44.704
2026-07-07 00:45:00,10200862,10306000,10181921,10300719,63.999
2026-07-07 01:00:00,10303052,10355020,10277762,10336480,73.81
2026-07-07 01:15:00,10336000,10345244,10278249,10289028,32.312
2026-07-07 01:30:00,10289883,10345470,10289883,10337520,22.442
2026-07-07 01:45:00,10337520,10343075,10323607,10332306,9.33
2026-07-07 02:00:00,10332331,10366666,10324372,10351326,29.63
2026-07-07 02:15:00,10354067,10369442,10346997,10357794,19.306
2026-07-07 02:30:00,10357651,10366042,10315390,10324871,17.311
2026-07-07 02:45:00,10317172,10330156,10298901,10301864,8.468
2026-07-07 03:00:00,10302642,10332553,10297840,10320913,11.526
2026-07-07 03:15:00,10320913,10350000,10306714,10330698,8.2
2026-07-07 03:30:00,10331581,10344184,10318765,10335725,8.03
2026-07-07 03:45:00,10334365,10336253,10310000,10313829,7.416
2026-07-07 04:00:00,10315021,10325279,10306000,10323229,9.351
2026-07-07 04:15:00,10321401,10348290,10321401,10341082,10.015
2026-07-07 04:30:00,10339975,10342967,10326511,10342040,6.671
2026-07-07 04:45:00,10340432,10348361,10316155,10322214,7.524
2026-07-07 05:00:00,10320749,10324628,10296058,10302364,9.264
2026-07-07 05:15:00,10303627,10326442,10302144,10324812,4.078
2026-07-07 05:30:00,10327859,10348820,10325025,10339497,12.488
2026-07-07 05:45:00,10339130,10349503,10330795,10341975,8.404
2026-07-07 06:00:00,10341328,10480000,10334031,10416044,53.648
2026-07-07 06:15:00,10416762,10427427,10398191,10403256,14.212
2026-07-07 06:30:00,10400312,10420744,10392607,10402752,17.848
2026-07-07 06:45:00,10403795,10454222,10397298,10446909,23.241
2026-07-07 07:00:00,10449312,10449431,10411626,10428543,9.146
2026-07-07 07:15:00,10425335,10444068,10395678,10400739,8.884
2026-07-07 07:30:00,10400926,10404618,10392519,10400000,10.212
2026-07-07 07:45:00,10400514,10414645,10391910,10405852,7.866
2026-07-07 08:00:00,10405340,10417250,10398779,10409016,10.928
2026-07-07 08:15:00,10408398,10411471,10377399,10380693,7.532
2026-07-07 08:30:00,10381766,10393650,10375000,10378888,7.752
2026-07-07 08:45:00,10378888,10389898,10372826,10378138,6.72
2026-07-07 09:00:00,10378138,10388230,10372163,10376043,8.151
2026-07-07 09:15:00,10375015,10424703,10371848,10414368,10.938
2026-07-07 09:30:00,10411067,10413716,10375971,10385388,6.177
2026-07-07 09:45:00,10385055,10415884,10385055,10402511,10.818
2026-07-07 10:00:00,10402915,10402915,10352528,10368670,20.834
2026-07-07 10:15:00,10369514,10377354,10352142,10356375,4.76
2026-07-07 10:30:00,10357777,10357921,10320000,10351409,43.805
2026-07-07 10:45:00,10352974,10362551,10326943,10328158,5.512
2026-07-07 11:00:00,10330436,10338222,10318405,10328488,8.525
2026-07-07 11:15:00,10327291,10335913,10287353,10289856,23.557
2026-07-07 11:30:00,10290570,10294235,10265425,10290816,11.062
2026-07-07 11:45:00,10291922,10294073,10243520,10249040,12.79
2026-07-07 12:00:00,10249040,10265611,10241833,10253367,8.321
2026-07-07 12:15:00,10253600,10256399,10232665,10240447,11.675
2026-07-07 12:30:00,10241789,10253599,10227185,10232884,9.168
2026-07-07 12:45:00,10231369,10231760,10216731,10226565,10.63
2026-07-07 13:00:00,10225131,10239040,10218460,10229239,5.566
2026-07-07 13:15:00,10224371,10237920,10219823,10235630,3.661
2026-07-07 13:30:00,10234300,10239600,10210950,10213097,11.966
2026-07-07 13:45:00,10213103,10215099,10195640,10204008,13.505
2026-07-07 14:00:00,10206734,10212159,10153000,10162009,18.026
2026-07-07 14:15:00,10161778,10197240,10153000,10183776,8.576
2026-07-07 14:30:00,10185520,10225499,10185520,10224072,7.0
2026-07-07 14:45:00,10223406,10239596,10218082,10218999,6.953
2026-07-07 15:00:00,10217498,10231161,10196506,10204465,7.62
2026-07-07 15:15:00,10205447,10234684,10205447,10230387,8.719
2026-07-07 15:30:00,10230387,10249797,10224645,10246587,5.824
2026-07-07 15:45:00,10243774,10268364,10240488,10258921,6.144
2026-07-07 16:00:00,10252856,10279017,10251803,10264942,4.884
2026-07-07 16:15:00,10263118,10267359,10234000,10237263,15.538
2026-07-07 16:30:00,10236702,10243307,10212598,10222492,10.765
2026-07-07 16:45:00,10225607,10229682,10209920,10212631,5.811
2026-07-07 17:00:00,10212712,10221721,10200941,10212589,4.373
2026-07-07 17:15:00,10211603,10220000,10203032,10208880,6.312
2026-07-07 17:30:00,10210781,10216123,10191652,10210885,10.681
2026-07-07 17:45:00,10212098,10216774,10199840,10211625,5.728
2026-07-07 18:00:00,10211825,10234930,10200960,10233204,11.356
2026-07-07 18:15:00,10231768,10234701,10224366,10224860,3.208
2026-07-07 18:30:00,10223524,10245492,10219380,10244564,6.656
2026-07-07 18:45:00,10252340,10253600,10233410,10240711,4.807
2026-07-07 19:00:00,10242090,10273039,10239632,10256691,17.063
2026-07-07 19:15:00,10257455,10268041,10243400,10243400,4.986
2026-07-07 19:30:00,10244203,10244203,10230778,10241181,3.876
2026-07-07 19:45:00,10237348,10241760,10232410,10241760,2.876
2026-07-07 20:00:00,10241760,10241760,10210668,10218000,9.987
2026-07-07 20:15:00,10218325,10229163,10215580,10219569,6.72
2026-07-07 20:30:00,10221139,10234780,10214413,10234780,4.712
2026-07-07 20:45:00,10236248,10269885,10236248,10261585,15.163
2026-07-07 21:00:00,10260206,10339385,10258958,10323076,31.415
2026-07-07 21:15:00,10324698,10324698,10293147,10303650,14.755
2026-07-07 21:30:00,10303916,10304559,10267676,10292296,11.921
2026-07-07 21:45:00,10292154,10292154,10261721,10269835,7.086
2026-07-07 22:00:00,10268043,10269354,10240000,10249048,8.164
2026-07-07 22:15:00,10249082,10253391,10203200,10210000,18.58
2026-07-07 22:30:00,10210431,10234230,10188349,10217990,28.266
2026-07-07 22:45:00,10215769,10258867,10192973,10205091,22.652
2026-07-07 23:00:00,10203484,10242039,10173028,10196044,26.146
2026-07-07 23:15:00,10195534,10221207,10185718,10221207,15.856
2026-07-07 23:30:00,10222279,10237781,10149289,10190869,31.791
2026-07-07 23:45:00,10193374,10304000,10193374,10288178,24.631
2026-07-08 00:00:00,10289755,10298716,10258867,10282318,17.495
2026-07-08 00:15:00,10278724,10325300,10277123,10317398,15.104
2026-07-08 00:30:00,10316371,10354399,10305899,10326952,24.044
2026-07-08 00:45:00,10329735,10374771,10329735,10340125,31.802
2026-07-08 01:00:00,10340286,10357595,10321467,10330790,13.67
2026-07-08 01:15:00,10333162,10365000,10323040,10355932,17.131
2026-07-08 01:30:00,10353328,10366956,10346471,10363133,4.271
2026-07-08 01:45:00,10361779,10394564,10351386,10352629,21.496
2026-07-08 02:00:00,10352629,10374389,10350474,10356865,9.866
2026-07-08 02:15:00,10359484,10382056,10336756,10379160,6.721
2026-07-08 02:30:00,10381273,10389396,10373910,10389386,5.312
2026-07-08 02:45:00,10389373,10389373,10372410,10378641,1.99
2026-07-08 03:00:00,10382223,10384985,10350859,10354897,4.68
2026-07-08 03:15:00,10352934,10375169,10347806,10352609,10.343
2026-07-08 03:30:00,10347850,10367710,10347425,10367214,8.388
2026-07-08 03:45:00,10368949,10376134,10307168,10307365,7.721
2026-07-08 04:00:00,10309434,10326189,10291359,10295013,8.01
2026-07-08 04:15:00,10295733,10319562,10273482,10310132,7.46
2026-07-08 04:30:00,10310148,10339031,10305695,10336388,2.982
2026-07-08 04:45:00,10338614,10353278,10333357,10340694,3.782
2026-07-08 05:00:00,10340527,10354491,10320439,10336526,6.07
2026-07-08 05:15:00,10334247,10343996,10324398,10328736,2.68
2026-07-08 05:30:00,10330293,10331151,10307321,10318078,6.278
2026-07-08 05:45:00,10318114,10323000,10306693,10319144,5.163
2026-07-08 06:00:00,10319676,10346881,10319304,10334756,9.75
2026-07-08 06:15:00,10332273,10332273,10274888,10294765,11.062
2026-07-08 06:30:00,10293558,10299325,10262639,10277580,10.512
2026-07-08 06:45:00,10273112,10298171,10270487,10283327,6.403
2026-07-08 07:00:00,10280349,10291168,10244735,10287372,10.207
2026-07-08 07:15:00,10288535,10294494,10269716,10280815,4.84
2026-07-08 07:30:00,10281434,10320000,10278314,10309652,4.962
2026-07-08 07:45:00,10306024,10306024,10290921,10296261,7.482
2026-07-08 08:00:00,10294951,10323303,10294437,10321975,4.746
2026-07-08 08:15:00,10321975,10332730,10317048,10326402,12.754
2026-07-08 08:30:00,10326402,10328965,10291929,10291929,7.54
2026-07-08 08:45:00,10291200,10295709,10272641,10279924,6.692
2026-07-08 09:00:00,10283576,10308954,10271147,10305004,6.574
2026-07-08 09:15:00,10307542,10335769,10292497,10326396,6.884
2026-07-08 09:30:00,10324521,10350000,10316266,10339981,15.504
2026-07-08 09:45:00,10338023,10340549,10318965,10324000,6.596
2026-07-08 10:00:00,10323202,10330000,10300756,10326396,7.076
2026-07-08 10:15:00,10324635,10327777,10299566,10300778,7.785
2026-07-08 10:30:00,10297791,10301402,10213775,10255205,30.178
2026-07-08 10:45:00,10256101,10265661,10220836,10233316,13.049
2026-07-08 11:00:00,10232424,10232424,10197417,10213472,18.973
2026-07-08 11:15:00,10214850,10228187,10200120,10213066,8.548
2026-07-08 11:30:00,10213765,10226448,10153119,10226448,25.43
2026-07-08 11:45:00,10230622,10241840,10211065,10224296,11.315
2026-07-08 12:00:00,10228831,10243792,10223331,10238537,11.757
2026-07-08 12:15:00,10236729,10236809,10219149,10234218,10.49
2026-07-08 12:30:00,10231889,10231889,10213725,10218614,3.004
2026-07-08 12:45:00,10212703,10216564,10171778,10189073,15.758
2026-07-08 13:00:00,10191503,10204866,10181838,10196419,15.126
2026-07-08 13:15:00,10197002,10215662,10194478,10209333,15.268
2026-07-08 13:30:00,10211000,10216640,10181135,10189404,12.784
2026-07-08 13:45:00,10186738,10200178,10175115,10196288,6.688
2026-07-08 14:00:00,10197054,10208800,10186189,10199000,4.934
2026-07-08 14:15:00,10196382,10203813,10181294,10190892,20.643
2026-07-08 14:30:00,10190914,10192626,10158296,10160242,14.389
2026-07-08 14:45:00,10160240,10172004,10150000,10164552,5.744
2026-07-08 15:00:00,10166269,10166269,10150000,10161304,2.346
2026-07-08 15:15:00,10160439,10171510,10136508,10156190,13.235
2026-07-08 15:30:00,10154407,10155714,10126061,10139223,9.301
2026-07-08 15:45:00,10138304,10173019,10134827,10161221,4.088
2026-07-08 16:00:00,10162200,10181360,10146074,10176617,8.665
2026-07-08 16:15:00,10176617,10191778,10165398,10187114,8.933
2026-07-08 16:30:00,10185756,10199999,10178030,10190000,8.116
2026-07-08 16:45:00,10189726,10203853,10186523,10201442,2.448
2026-07-08 17:00:00,10201442,10212160,10187738,10195620,8.035
2026-07-08 17:15:00,10197760,10199242,10076624,10078610,49.921
2026-07-08 17:30:00,10076760,10093929,10047322,10074627,25.259
2026-07-08 17:45:00,10074578,10125036,10061827,10068727,23.922
2026-07-08 18:00:00,10069999,10088965,10052153,10052153,22.116
2026-07-08 18:15:00,10052435,10060186,10024000,10057338,25.912
2026-07-08 18:30:00,10058815,10098299,10058667,10091487,8.67
2026-07-08 18:45:00,10091643,10091643,10075072,10075544,5.76
2026-07-08 19:00:00,10079061,10083979,10048849,10069742,16.0
2026-07-08 19:15:00,10070564,10087555,10069131,10087555,11.726
2026-07-08 19:30:00,10086374,10095828,10078929,10091223,13.758
2026-07-08 19:45:00,10091169,10100000,10085650,10100000,11.38
2026-07-08 20:00:00,10098416,10101989,10084735,10092935,14.364
2026-07-08 20:15:00,10090463,10099412,10079247,10091730,12.838
2026-07-08 20:30:00,10092264,10135257,10087207,10126446,17.467
2026-07-08 20:45:00,10126000,10135612,10113325,10125079,17.356
2026-07-08 21:00:00,10125353,10144400,10107139,10124638,17.807
2026-07-08 21:15:00,10121640,10130919,10106000,10114427,12.85
2026-07-08 21:30:00,10113579,10116000,10081480,10084134,11.63
2026-07-08 21:45:00,10085463,10091229,10059806,10060700,11.044
2026-07-08 22:00:00,10060934,10068215,10043131,10057132,17.85
2026-07-08 22:15:00,10056930,10058169,10024816,10036836,25.095
2026-07-08 22:30:00,10038222,10078398,10038222,10059263,27.203
2026-07-08 22:45:00,10054811,10061547,10007041,10061547,21.074
2026-07-08 23:00:00,10058339,10095672,10055099,10074573,30.755
2026-07-08 23:15:00,10074872,10100000,10041182,10069858,12.854
2026-07-08 23:30:00,10069167,10076681,10046854,10054384,13.246
2026-07-08 23:45:00,10056599,10075268,10024578,10054533,19.393
2026-07-09 00:00:00,10056415,10058926,10004932,10009511,7.971
2026-07-09 00:15:00,10012161,10026841,9999779,10013800,18.442
2026-07-09 00:30:00,10015063,10041249,10009445,10015651,22.817
2026-07-09 00:45:00,10012607,10033293,10009424,10025556,13.375
2026-07-09 01:00:00,10027318,10058277,10023024,10047773,13.444
2026-07-09 01:15:00,10047382,10075714,10038911,10062232,14.394
2026-07-09 01:30:00,10061237,10091392,10035760,10076907,18.455
2026-07-09 01:45:00,10075162,10095512,10070000,10088931,10.57
2026-07-09 02:00:00,10086434,10090314,10073602,10076667,4.75
2026-07-09 02:15:00,10075175,10115294,10073651,10115091,8.626
2026-07-09 02:30:00,10115378,10135440,10102960,10108511,11.556
2026-07-09 02:45:00,10110636,10110636,10078000,10084614,4.645
2026-07-09 03:00:00,10083471,10117394,10081982,10108822,13.911
2026-07-09 03:15:00,10110266,10122352,10095150,10095441,5.122
2026-07-09 03:30:00,10091868,10094578,10072291,10079567,2.846
2026-07-09 03:45:00,10079500,10111551,10078782,10096058,4.502
2026-07-09 04:00:00,10098996,10110229,10079912,10080098,4.134
2026-07-09 04:15:00,10078486,10102427,10076327,10100479,3.292
2026-07-09 04:30:00,10102980,10112633,10095482,10112322,6.452
2026-07-09 04:45:00,10112574,10114503,10089566,10112163,10.163
2026-07-09 05:00:00,10109856,10117636,10096695,10108040,7.173
2026-07-09 05:15:00,10110062,10114531,10092406,10114531,5.458
2026-07-09 05:30:00,10113817,10118409,10089510,10106458,11.504
2026-07-09 05:45:00,10103731,10113362,10090000,10092238,11.073
2026-07-09 06:00:00,10093232,10097014,10065261,10073193,11.522
2026-07-09 06:15:00,10071648,10090000,10065761,10090000,9.658
2026-07-09 06:30:00,10090000,10098984,10081761,10089587,8.149
2026-07-09 06:45:00,10088976,10112177,10085868,10104520,9.596
2026-07-09 07:00:00,10105297,10135130,10105297,10107669,7.044
2026-07-09 07:15:00,10110378,10130400,10105133,10125624,5.663
2026-07-09 07:30:00,10130500,10132196,10115482,10127828,7.87
2026-07-09 07:45:00,10128355,10129407,10116339,10125737,4.374
2026-07-09 08:00:00,10125650,10130133,10115422,10125497,4.818
2026-07-09 08:15:00,10124499,10124586,10106766,10117984,9.858
2026-07-09 08:30:00,10118152,10118152,10103190,10116676,3.724
2026-07-09 08:45:00,10115738,10125000,10111329,10118015,7.054
2026-07-09 09:00:00,10118574,10121282,10093371,10104944,7.3
2026-07-09 09:15:00,10100927,10106709,10083106,10094360,6.028
2026-07-09 09:30:00,10097167,10110186,10072857,10098498,6.968
2026-07-09 09:45:00,10098031,10105697,10076071,10086286,6.996
2026-07-09 10:00:00,10086505,10173388,10083920,10133254,25.39
2026-07-09 10:15:00,10133254,10158759,10126211,10132498,10.57
2026-07-09 10:30:00,10135980,10135980,10079275,10085038,22.486
2026-07-09 10:45:00,10087960,10087960,10043563,10049328,13.081
2026-07-09 11:00:00,10051735,10081000,10034080,10078960,13.233
2026-07-09 11:15:00,10079378,10084396,10056575,10064232,7.95
2026-07-09 11:30:00,10067665,10070280,10033480,10035812,10.254
2026-07-09 11:45:00,10035656,10040858,10015834,10029730,9.832
2026-07-09 12:00:00,10031145,10042246,10020800,10039039,8.231
2026-07-09 12:15:00,10040653,10056544,10022866,10050615,6.643
2026-07-09 12:30:00,10049784,10072203,10041908,10062381,7.804
2026-07-09 12:45:00,10059248,10064688,10048868,10059950,4.126
2026-07-09 13:00:00,10060579,10076785,10058160,10066761,8.156
2026-07-09 13:15:00,10069894,10082265,10058160,10077809,6.083
2026-07-09 13:30:00,10078596,10112363,10076873,10111111,6.976
2026-07-09 13:45:00,10112346,10136805,10106582,10135207,10.944
2026-07-09 14:00:00,10133593,10160000,10120608,10142204,16.832
2026-07-09 14:15:00,10142222,10147186,10100720,10110532,11.561
2026-07-09 14:30:00,10110013,10125170,10096562,10123127,3.66
2026-07-09 14:45:00,10119450,10157223,10119450,10156770,10.814
2026-07-09 15:00:00,10158797,10184720,10140900,10148555,14.516
2026-07-09 15:15:00,10147524,10192940,10140191,10188252,24.484
2026-07-09 15:30:00,10183970,10191954,10173847,10191954,7.097
2026-07-09 15:45:00,10186020,10213066,10183414,10209715,8.602
2026-07-09 16:00:00,10207944,10245044,10191244,10206560,27.915
2026-07-09 16:15:00,10209693,10235654,10191947,10205146,8.185
2026-07-09 16:30:00,10205189,10223348,10186031,10222084,8.615
2026-07-09 16:45:00,10224380,10260000,10213582,10218408,14.323
2026-07-09 17:00:00,10219019,10222783,10205336,10206664,9.401
2026-07-09 17:15:00,10208584,10225054,10206000,10223938,5.865
2026-07-09 17:30:00,10219865,10233391,10214013,10223768,5.374
2026-07-09 17:45:00,10221903,10223173,10195360,10202456,5.868
2026-07-09 18:00:00,10201659,10209464,10189200,10200034,6.634
2026-07-09 18:15:00,10199844,10211121,10193390,10207424,5.573
2026-07-09 18:30:00,10208522,10221452,10187520,10192376,10.004
2026-07-09 18:45:00,10194539,10215000,10190093,10212258,6.655
2026-07-09 19:00:00,10211482,10233090,10203760,10220555,13.91
2026-07-09 19:15:00,10221297,10225318,10203918,10207663,6.314
2026-07-09 19:30:00,10208000,10214935,10203024,10207960,2.202
2026-07-09 19:45:00,10208583,10209136,10176954,10192212,9.151
2026-07-09 20:00:00,10190000,10198191,10185000,10192800,6.793
2026-07-09 20:15:00,10193689,10193689,10170724,10179318,7.538
2026-07-09 20:30:00,10180348,10182971,10162606,10175010,8.49
2026-07-09 20:45:00,10169494,10197484,10165355,10191069,8.657
2026-07-09 21:00:00,10191013,10205230,10169777,10188427,8.04
2026-07-09 21:15:00,10187218,10201212,10165120,10194055,59.814
2026-07-09 21:30:00,10190738,10218879,10157280,10160843,22.608
2026-07-09 21:45:00,10166128,10178849,10141996,10167111,21.773
2026-07-09 22:00:00,10166054,10214731,10166054,10206381,7.793
2026-07-09 22:15:00,10201165,10202456,10170000,10176964,11.622
2026-07-09 22:30:00,10178929,10216210,10146357,10216210,30.517
2026-07-09 22:45:00,10213698,10256946,10193122,10223833,18.242
2026-07-09 23:00:00,10226000,10241577,10199397,10217260,12.667
2026-07-09 23:15:00,10210665,10214680,10170000,10204871,28.962
2026-07-09 23:30:00,10205141,10225973,10183769,10210822,10.068
2026-07-09 23:45:00,10207485,10231540,10195728,10225779,8.014
2026-07-10 00:00:00,10226266,10257512,10213179,10240406,12.582
2026-07-10 00:15:00,10237000,10267040,10216071,10223131,17.951
2026-07-10 00:30:00,10224685,10240487,10205214,10218430,9.132
2026-07-10 00:45:00,10221252,10227842,10189979,10197597,6.944
2026-07-10 01:00:00,10197861,10219187,10193578,10197774,5.434
2026-07-10 01:15:00,10193850,10200000,10150000,10170698,28.858
2026-07-10 01:30:00,10176379,10190320,10168129,10178262,17.405
2026-07-10 01:45:00,10178523,10179120,10150156,10170571,14.49
2026-07-10 02:00:00,10171106,10190000,10168204,10174642,11.488
2026-07-10 02:15:00,10175551,10199873,10173299,10194090,9.47
2026-07-10 02:30:00,10194959,10228491,10179174,10219887,18.083
2026-07-10 02:45:00,10218425,10242437,10218425,10238899,8.009
2026-07-10 03:00:00,10239536,10298110,10228085,10276560,28.634
2026-07-10 03:15:00,10280000,10282834,10258081,10282834,13.009
2026-07-10 03:30:00,10282554,10287193,10261079,10268347,7.02
2026-07-10 03:45:00,10268277,10276402,10248884,10253600,10.078
2026-07-10 04:00:00,10253292,10267306,10247683,10255596,15.854
2026-07-10 04:15:00,10255401,10266578,10244336,10266578,8.866
2026-07-10 04:30:00,10265370,10282032,10258955,10279445,9.995
2026-07-10 04:45:00,10277653,10283621,10257628,10259438,4.546
2026-07-10 05:00:00,10262485,10268120,10248494,10253380,6.236
2026-07-10 05:15:00,10251463,10273722,10250800,10267528,4.291
2026-07-10 05:30:00,10266679,10275457,10263329,10274026,2.362
2026-07-10 05:45:00,10274976,10276539,10259561,10272905,5.256
2026-07-10 06:00:00,10274025,10292677,10269264,10272470,11.551
2026-07-10 06:15:00,10272470,10279953,10265625,10266109,1.827
2026-07-10 06:30:00,10267328,10270958,10255396,10258965,6.458
2026-07-10 06:45:00,10259223,10270071,10258567,10266722,6.466
2026-07-10 07:00:00,10266722,10277466,10260735,10263736,4.43
2026-07-10 07:15:00,10263095,10283882,10259579,10276371,7.242
2026-07-10 07:30:00,10276303,10289138,10263736,10281133,12.228
2026-07-10 07:45:00,10282103,10290560,10257219,10261847,10.074
2026-07-10 08:00:00,10258152,10262526,10249625,10251120,6.868
2026-07-10 08:15:00,10251689,10282160,10232386,10260864,17.941
2026-07-10 08:30:00,10260905,10269842,10248000,10268120,9.344
2026-07-10 08:45:00,10271969,10274561,10257473,10258721,6.198
2026-07-10 09:00:00,10258721,10261903,10242318,10260149,8.114
2026-07-10 09:15:00,10260320,10265074,10235915,10241836,11.844
2026-07-10 09:30:00,10238090,10250000,10213000,10226703,20.854
2026-07-10 09:45:00,10226775,10229594,10204322,10223289,13.352
2026-07-10 10:00:00,10221813,10226536,10188877,10208536,18.081
2026-07-10 10:15:00,10208536,10256204,10202130,10256002,14.866
2026-07-10 10:30:00,10255652,10260000,10238522,10252728,11.769
2026-07-10 10:45:00,10256162,10336105,10252558,10304490,39.007
2026-07-10 11:00:00,10306239,10312950,10285167,10304624,35.78
2026-07-10 11:15:00,10303233,10311549,10290857,10295427,7.002
2026-07-10 11:30:00,10292241,10318000,10290000,10302820,14.311
2026-07-10 11:45:00,10302937,10331223,10297000,10318036,12.544
2026-07-10 12:00:00,10318229,10324819,10301446,10316539,11.036
2026-07-10 12:15:00,10313561,10314880,10295823,10299786,4.598
2026-07-10 12:30:00,10297480,10317663,10293697,10315428,7.576
2026-07-10 12:45:00,10315057,10335000,10314578,10319870,12.164
2026-07-10 13:00:00,10324000,10336084,10319712,10327808,4.264
2026-07-10 13:15:00,10328512,10343893,10319680,10322006,8.661
2026-07-10 13:30:00,10320042,10363995,10316864,10353286,12.272
2026-07-10 13:45:00,10355875,10371716,10341833,10346007,7.588
2026-07-10 14:00:00,10341697,10345626,10318945,10327327,7.454
2026-07-10 14:15:00,10329247,10338538,10326971,10333802,3.656
2026-07-10 14:30:00,10333062,10367954,10332148,10363276,9.452
2026-07-10 14:45:00,10364040,10364040,10347623,10350485,4.584
2026-07-10 15:00:00,10351245,10357774,10335376,10336281,4.442
2026-07-10 15:15:00,10335875,10337686,10309256,10320035,13.99
2026-07-10 15:30:00,10320578,10324958,10310814,10314514,7.971
2026-07-10 15:45:00,10316234,10325097,10308045,10316074,5.48
2026-07-10 16:00:00,10317366,10330493,10308526,10329397,5.162
2026-07-10 16:15:00,10328951,10349637,10320688,10342442,6.06
2026-07-10 16:30:00,10341393,10344272,10331547,10336133,8.984
2026-07-10 16:45:00,10335450,10348056,10331667,10341975,7.395
2026-07-10 17:00:00,10344343,10348087,10337600,10346007,8.136
2026-07-10 17:15:00,10347472,10401193,10347472,10396473,30.286
2026-07-10 17:30:00,10395754,10398816,10364697,10368194,21.716
2026-07-10 17:45:00,10368642,10389751,10362583,10382362,10.47
2026-07-10 18:00:00,10381026,10391508,10361942,10381411,9.45
2026-07-10 18:15:00,10381411,10415730,10381232,10415370,13.78
2026-07-10 18:30:00,10415370,10444000,10407748,10426234,13.787
2026-07-10 18:45:00,10427710,10431840,10415258,10415626,9.942
2026-07-10 19:00:00,10416508,10420341,10400000,10403451,10.166
2026-07-10 19:15:00,10403328,10425762,10397544,10421677,12.752
2026-07-10 19:30:00,10421903,10430000,10410001,10425783,10.908
2026-07-10 19:45:00,10428511,10431773,10417042,10417386,3.964
2026-07-10 20:00:00,10418605,10434413,10416498,10429283,3.65
2026-07-10 20:15:00,10429156,10434000,10416486,10428813,11.908
2026-07-10 20:30:00,10426615,10428306,10416688,10426065,5.682
2026-07-10 20:45:00,10426058,10441014,10426058,10433777,6.106
2026-07-10 21:00:00,10435011,10455200,10416279,10444266,27.133
2026-07-10 21:15:00,10440363,10443687,10413007,10437981,16.094
2026-07-10 21:30:00,10436528,10442062,10414308,10417418,7.238
2026-07-10 21:45:00,10413354,10419999,10394683,10397536,11.374
2026-07-10 22:00:00,10398910,10406109,10384256,10386337,17.87
2026-07-10 22:15:00,10386986,10392027,10375250,10378678,12.245
2026-07-10 22:30:00,10379317,10423566,10375551,10411759,17.032
2026-07-10 22:45:00,10411969,10459605,10411969,10426525,27.626
2026-07-10 23:00:00,10424206,10439092,10386000,10388539,23.008
2026-07-10 23:15:00,10388539,10394539,10347229,10376412,41.017
2026-07-10 23:30:00,10375719,10403646,10327455,10376280,40.956
2026-07-10 23:45:00,10377667,10381460,10330000,10342045,21.763
2026-07-11 00:00:00,10340105,10366481,10338000,10347030,11.104
2026-07-11 00:15:00,10355280,10377188,10350992,10358554,16.368
2026-07-11 00:30:00,10362033,10366940,10325719,10330000,5.026
2026-07-11 00:45:00,10330240,10340874,10327536,10336319,7.54
2026-07-11 01:00:00,10336704,10345445,10324937,10341519,6.574
2026-07-11 01:15:00,10341800,10356450,10331313,10332855,7.466
2026-07-11 01:30:00,10333337,10338754,10305000,10323831,11.488
2026-07-11 01:45:00,10320898,10368518,10319642,10358988,10.474
2026-07-11 02:00:00,10358986,10363167,10330000,10332863,5.862
2026-07-11 02:15:00,10331582,10344913,10316098,10333809,15.15
2026-07-11 02:30:00,10331960,10333093,10316190,10322545,11.914
2026-07-11 02:45:00,10320187,10331631,10315462,10317349,3.356
2026-07-11 03:00:00,10318090,10347656,10318090,10331424,8.932
2026-07-11 03:15:00,10329812,10342746,10323905,10336047,5.556
2026-07-11 03:30:00,10334431,10339857,10327070,10330910,3.388
2026-07-11 03:45:00,10328245,10329868,10305962,10316861,3.698
2026-07-11 04:00:00,10315133,10332104,10311607,10330983,2.88
2026-07-11 04:15:00,10331688,10339897,10317491,10330030,8.21
2026-07-11 04:30:00,10328567,10358973,10325297,10349160,9.426
2026-07-11 04:45:00,10347617,10356847,10333445,10338854,7.534
2026-07-11 05:00:00,10342637,10342637,10322818,10327672,5.508
2026-07-11 05:15:00,10327806,10338994,10292387,10311672,18.098
2026-07-11 05:30:00,10307226,10335607,10305901,10334501,5.952
2026-07-11 05:45:00,10333314,10333894,10323753,10328011,5.748
2026-07-11 06:00:00,10328233,10351165,10326368,10344267,13.32
2026-07-11 06:15:00,10344323,10354967,10343096,10350676,4.318
2026-07-11 06:30:00,10352693,10368965,10347931,10360377,12.648
2026-07-11 06:45:00,10359159,10359613,10348979,10354870,2.118
2026-07-11 07:00:00,10353452,10363153,10350749,10358774,3.064
2026-07-11 07:15:00,10363374,10376189,10355172,10371375,14.718
2026-07-11 07:30:00,10371395,10380127,10371395,10375000,11.22
2026-07-11 07:45:00,10374363,10381683,10364730,10372722,5.866
2026-07-11 08:00:00,10372700,10374000,10355592,10374000,5.814
2026-07-11 08:15:00,10375465,10385355,10369054,10384275,5.36
2026-07-11 08:30:00,10381850,10388064,10375082,10385139,4.596
2026-07-11 08:45:00,10382841,10384677,10368401,10376045,5.17
2026-07-11 09:00:00,10377167,10388560,10375367,10375367,1.177
2026-07-11 11:00:00,10371178,10374000,10351518,10355177,13.202
2026-07-11 11:15:00,10357300,10365718,10352543,10361800,7.644
2026-07-11 11:30:00,10362097,10382234,10359391,10379095,10.698
2026-07-11 11:45:00,10379656,10384791,10374359,10377238,6.296
2026-07-11 12:00:00,10377546,10384651,10370885,10384651,2.992
2026-07-11 12:15:00,10384050,10386381,10362455,10373537,6.344
2026-07-11 12:30:00,10372391,10381842,10368655,10374280,3.17
2026-07-11 12:45:00,10375816,10383887,10375017,10379223,3.09
2026-07-11 13:00:00,10376876,10376876,10365845,10372624,2.058
2026-07-11 13:15:00,10374135,10380562,10366318,10375397,4.186
2026-07-11 13:30:00,10374590,10385374,10374568,10376954,2.602
2026-07-11 13:45:00,10378160,10379875,10370233,10376948,2.22
2026-07-11 14:00:00,10376219,10383527,10371308,10378928,2.504
2026-07-11 14:15:00,10379523,10382624,10374125,10382624,8.262
2026-07-11 14:30:00,10381577,10386552,10374000,10379817,2.256
2026-07-11 14:45:00,10379645,10381663,10373767,10375964,3.68
2026-07-11 15:00:00,10375948,10383059,10367792,10374756,3.358
2026-07-11 15:15:00,10377223,10393280,10377223,10384388,7.204
2026-07-11 15:30:00,10386137,10390079,10381722,10381722,2.206
2026-07-11 15:45:00,10381941,10387700,10380651,10383715,2.51
2026-07-11 16:00:00,10383715,10387480,10379119,10385033,4.398
2026-07-11 16:15:00,10384655,10391316,10379011,10383039,2.038
2026-07-11 16:30:00,10385580,10387967,10376774,10379202,4.118
2026-07-11 16:45:00,10378000,10379642,10374105,10377848,1.672
2026-07-11 17:00:00,10376697,10393882,10376004,10388541,4.716
2026-07-11 17:15:00,10388149,10395177,10386299,10391544,2.644
2026-07-11 17:30:00,10391182,10401254,10390372,10397281,4.518
2026-07-11 17:45:00,10396760,10398160,10390716,10394056,3.126
2026-07-11 18:00:00,10395268,10396290,10389753,10389753,1.89
2026-07-11 18:15:00,10389023,10394753,10386923,10394753,2.486
2026-07-11 18:30:00,10394491,10400000,10381274,10381623,5.82
2026-07-11 18:45:00,10380053,10381976,10376000,10379341,7.795
2026-07-11 19:00:00,10378638,10382078,10376515,10382057,2.458
2026-07-11 19:15:00,10382958,10383114,10374000,10381190,3.462
2026-07-11 19:30:00,10379314,10379858,10370138,10372049,3.996
2026-07-11 19:45:00,10372780,10381276,10372001,10378576,3.034
2026-07-11 20:00:00,10379857,10384453,10373896,10380915,3.88
2026-07-11 20:15:00,10382014,10382014,10375325,10375325,1.332
2026-07-11 20:30:00,10375452,10382541,10374384,10377000,1.438
2026-07-11 20:45:00,10376635,10381436,10374123,10379020,3.15
2026-07-11 21:00:00,10378179,10387845,10375270,10386953,6.084
2026-07-11 21:15:00,10387372,10389492,10377359,10381902,3.518
2026-07-11 21:30:00,10379347,10380004,10368516,10375400,5.276
2026-07-11 21:45:00,10374485,10382239,10374485,10380885,1.708
2026-07-11 22:00:00,10380885,10383557,10374000,10379279,5.082
2026-07-11 22:15:00,10381793,10384661,10377786,10380937,3.792
2026-07-11 22:30:00,10381558,10392357,10379327,10388321,2.686
2026-07-11 22:45:00,10389608,10393717,10388209,10390039,2.42
2026-07-11 23:00:00,10388012,10396797,10387797,10393222,3.936
2026-07-11 23:15:00,10394599,10422876,10394236,10411542,13.551
2026-07-11 23:30:00,10413229,10430000,10412982,10417826,19.526
2026-07-11 23:45:00,10415933,10420953,10404800,10404800,10.088
2026-07-12 00:00:00,10406389,10426257,10404800,10426257,11.6
2026-07-12 00:15:00,10425089,10428664,10416429,10419901,9.234
2026-07-12 00:30:00,10420164,10426000,10335360,10364613,32.34
2026-07-12 00:45:00,10369438,10385161,10350114,10380361,9.174
2026-07-12 01:00:00,10384105,10389680,10367749,10382744,4.323
2026-07-12 01:15:00,10381834,10393187,10375415,10387300,3.194
2026-07-12 01:30:00,10390054,10398000,10368715,10372311,9.455
2026-07-12 01:45:00,10372311,10380145,10367710,10379639,3.22
2026-07-12 02:00:00,10380173,10389000,10378274,10385459,2.078
2026-07-12 02:15:00,10386312,10401676,10384481,10398867,3.872
2026-07-12 02:30:00,10398636,10415985,10398097,10410283,8.562
2026-07-12 02:45:00,10412034,10414606,10403121,10403121,1.634
2026-07-12 03:00:00,10403935,10409280,10400000,10401484,5.73
2026-07-12 03:15:00,10403190,10416273,10402695,10407014,4.924
2026-07-12 03:30:00,10407000,10411096,10404400,10410885,4.289
2026-07-12 03:45:00,10410350,10410350,10400153,10403500,3.174
2026-07-12 04:00:00,10403500,10406230,10399464,10406230,2.332
2026-07-12 04:15:00,10405164,10408951,10388595,10388595,6.183
2026-07-12 04:30:00,10391134,10398501,10388328,10395775,2.54
2026-07-12 04:45:00,10398595,10399361,10391989,10396639,2.09
2026-07-12 05:00:00,10397353,10410000,10397353,10405031,2.552
2026-07-12 05:15:00,10405997,10411188,10405796,10407242,1.916
2026-07-12 05:30:00,10408295,10425000,10404392,10418301,5.632
2026-07-12 05:45:00,10420460,10423008,10413000,10415000,4.672
2026-07-12 06:00:00,10413133,10420710,10410059,10411157,6.746
2026-07-12 06:15:00,10410059,10418992,10409969,10413451,2.968
2026-07-12 06:30:00,10411816,10416555,10409000,10411317,3.55
2026-07-12 06:45:00,10411317,10414619,10408084,10409714,2.606
2026-07-12 07:00:00,10410339,10420000,10403143,10414492,5.972
2026-07-12 07:15:00,10409983,10411576,10385710,10395365,2.48
2026-07-12 07:30:00,10394184,10403780,10382819,10388683,2.222
2026-07-12 07:45:00,10388859,10391120,10375172,10386949,5.934
2026-07-12 08:00:00,10385532,10394366,10369000,10376493,7.775
2026-07-12 08:15:00,10375679,10383084,10323994,10344227,31.38
2026-07-12 08:30:00,10339183,10348323,10325673,10345213,12.5
2026-07-12 08:45:00,10346511,10357698,10321325,10326181,8.849
2026-07-12 09:00:00,10324199,10339090,10315569,10318523,8.016
2026-07-12 09:15:00,10316618,10339256,10315263,10323406,9.118
2026-07-12 09:30:00,10324602,10329675,10303036,10318533,15.034
2026-07-12 09:45:00,10320054,10332000,10314277,10324670,6.828
2026-07-12 10:00:00,10325843,10350480,10319250,10341585,17.025
2026-07-12 10:15:00,10337187,10351396,10333095,10341188,5.727
2026-07-12 10:30:00,10342211,10380000,10340000,10376528,12.434
2026-07-12 10:45:00,10377277,10379356,10365311,10370000,6.084
2026-07-12 11:00:00,10370000,10370000,10355199,10357786,5.784
2026-07-12 11:15:00,10354943,10372367,10354943,10365846,5.48
2026-07-12 11:30:00,10366691,10367677,10357920,10360459,1.798
2026-07-12 11:45:00,10361192,10367525,10357231,10359234,2.284
2026-07-12 12:00:00,10358396,10367000,10352158,10361029,4.414
2026-07-12 12:15:00,10361937,10370597,10361937,10364180,2.642
2026-07-12 12:30:00,10368237,10383203,10366240,10373018,4.906
2026-07-12 12:45:00,10370575,10382557,10368994,10380909,4.072
2026-07-12 13:00:00,10383050,10388103,10371195,10376545,3.842
2026-07-12 13:15:00,10377592,10381523,10357971,10360336,5.966
2026-07-12 13:30:00,10359889,10360378,10334806,10352380,11.566
2026-07-12 13:45:00,10351121,10353730,10340111,10346745,11.838
2026-07-12 14:00:00,10347552,10352917,10346154,10347335,2.068
2026-07-12 14:15:00,10347023,10347023,10335410,10339396,8.364
2026-07-12 14:30:00,10338860,10349460,10335117,10347866,2.49
2026-07-12 14:45:00,10348120,10351601,10341403,10344230,2.83
2026-07-12 15:00:00,10344319,10344592,10309886,10314006,9.544
2026-07-12 15:15:00,10312988,10318742,10294363,10302320,12.925
2026-07-12 15:30:00,10300023,10317780,10295706,10317393,6.766
2026-07-12 15:45:00,10318195,10322780,10303378,10312790,3.94
2026-07-12 16:00:00,10311168,10320328,10307684,10320328,1.872
2026-07-12 16:15:00,10320656,10332560,10317108,10328000,6.422
2026-07-12 16:30:00,10328906,10332443,10323550,10328422,4.431
2026-07-12 16:45:00,10326125,10334062,10324353,10329156,5.033
2026-07-12 17:00:00,10330410,10364654,10329156,10354489,10.835
2026-07-12 17:15:00,10353089,10361000,10347190,10347190,7.574
2026-07-12 17:30:00,10347233,10349043,10343514,10348000,3.202
2026-07-12 17:45:00,10348000,10348000,10335218,10344677,4.622
2026-07-12 18:00:00,10343667,10346000,10328318,10329899,3.564
2026-07-12 18:15:00,10325323,10325323,10304780,10318195,6.73
2026-07-12 18:30:00,10316148,10353000,10316148,10344722,7.508
2026-07-12 18:45:00,10346862,10349346,10335980,10338175,2.808
2026-07-12 19:00:00,10337309,10338045,10328169,10332442,3.298
2026-07-12 19:15:00,10336139,10336139,10326536,10326536,1.764
2026-07-12 19:30:00,10325569,10331853,10319896,10324047,4.784
2026-07-12 19:45:00,10324617,10329115,10319525,10322214,1.73
2026-07-12 20:00:00,10325661,10332424,10318703,10320233,2.502
2026-07-12 20:15:00,10322922,10333000,10320649,10332927,4.11
2026-07-12 20:30:00,10333368,10351639,10330645,10345356,6.674
2026-07-12 20:45:00,10347615,10350155,10343833,10347080,1.994
2026-07-12 21:00:00,10345082,10367587,10339537,10364766,7.2
2026-07-12 21:15:00,10363589,10367587,10349325,10354096,7.784
2026-07-12 21:30:00,10355213,10358028,10345484,10351517,2.974
2026-07-12 21:45:00,10353174,10353665,10342689,10350946,3.91
2026-07-12 22:00:00,10347514,10355301,10344410,10351852,1.972
2026-07-12 22:15:00,10350090,10360943,10347741,10353003,5.83
2026-07-12 22:30:00,10353931,10362779,10350002,10352600,4.358
2026-07-12 22:45:00,10352375,10353578,10344105,10349066,2.534
2026-07-12 23:00:00,10349066,10351086,10337697,10340725,2.832
2026-07-12 23:15:00,10339027,10345594,10338626,10345069,2.296
2026-07-12 23:30:00,10346520,10357000,10345779,10354508,3.36
2026-07-12 23:45:00,10354502,10393860,10351040,10373904,15.094
2026-07-13 00:00:00,10373799,10385688,10365000,10374574,3.604
2026-07-13 00:15:00,10372483,10382150,10366000,10378447,2.486
2026-07-13 00:30:00,10377222,10382421,10363000,10365547,8.896
2026-07-13 00:45:00,10366739,10377614,10363920,10372105,7.254
2026-07-13 01:00:00,10372880,10378000,10352220,10353383,14.354
2026-07-13 01:15:00,10357755,10375000,10357470,10374142,4.218
2026-07-13 01:30:00,10375802,10375813,10360823,10366555,2.678
2026-07-13 01:45:00,10365287,10374470,10362471,10372504,2.434
2026-07-13 02:00:00,10373389,10375048,10365211,10368822,3.838
2026-07-13 02:15:00,10367853,10371751,10365986,10365986,1.392
2026-07-13 02:30:00,10364107,10375079,10363378,10372406,3.028
2026-07-13 02:45:00,10372025,10372025,10347583,10356194,5.544
2026-07-13 03:00:00,10358000,10363959,10347255,10352000,4.882
2026-07-13 03:15:00,10351300,10360054,10346739,10354818,1.712
2026-07-13 03:30:00,10354282,10368000,10354084,10365536,3.674
2026-07-13 03:45:00,10366774,10369823,10362866,10368516,2.482
2026-07-13 04:00:00,10368339,10380264,10368339,10372532,3.968
2026-07-13 04:15:00,10371920,10378116,10371806,10376236,1.302
2026-07-13 04:30:00,10372243,10375287,10368765,10372239,0.942
2026-07-13 04:45:00,10369459,10387656,10369040,10382000,3.406
2026-07-13 05:00:00,10381999,10385000,10373143,10374137,3.158
2026-07-13 05:15:00,10374424,10378729,10370475,10377275,1.518
2026-07-13 05:30:00,10378548,10380987,10371821,10380987,1.254
2026-07-13 05:45:00,10379259,10380907,10374758,10377113,4.116
2026-07-13 06:00:00,10378431,10383278,10374826,10377584,3.566
2026-07-13 06:15:00,10376669,10379040,10358123,10361602,5.728
2026-07-13 06:30:00,10359829,10359829,10348678,10354768,3.99
2026-07-13 06:45:00,10354227,10357035,10329971,10337480,9.893
2026-07-13 07:00:00,10334880,10337959,10310112,10330036,12.783
2026-07-13 07:15:00,10333325,10341197,10307559,10335746,7.393
2026-07-13 07:30:00,10334698,10341220,10325439,10329077,4.496
2026-07-13 07:45:00,10325796,10357016,10316725,10353584,6.95
2026-07-13 08:00:00,10349982,10355029,10318798,10335021,8.997
2026-07-13 08:15:00,10337099,10341067,10330079,10337523,2.034
2026-07-13 08:30:00,10335925,10342036,10324316,10333737,4.102
2026-07-13 08:45:00,10332753,10334184,10313150,10322500,5.128
2026-07-13 09:00:00,10321516,10408720,10309040,10404202,33.364
2026-07-13 09:15:00,10405000,10426443,10386168,10390537,25.517
2026-07-13 09:30:00,10391935,10392287,10290979,10331783,37.171
2026-07-13 09:45:00,10332053,10386462,10332053,10378640,17.897
2026-07-13 10:00:00,10381090,10381631,10317485,10347625,19.824
2026-07-13 10:15:00,10347954,10368003,10318405,10321750,16.525
2026-07-13 10:30:00,10321330,10329744,10294637,10314303,11.033
2026-07-13 10:45:00,10313209,10314993,10266250,10268328,18.259
2026-07-13 11:00:00,10268864,10282160,10246038,10271479,25.451
2026-07-13 11:15:00,10277770,10296690,10266268,10282089,15.09
2026-07-13 11:30:00,10281288,10285989,10267137,10280258,5.889
2026-07-13 11:45:00,10278828,10281512,10262000,10268016,7.346
2026-07-13 12:00:00,10266662,10271166,10192000,10211121,43.558
2026-07-13 12:15:00,10211594,10224232,10176880,10219563,30.044
2026-07-13 12:30:00,10217127,10218320,10165121,10174365,37.235
2026-07-13 12:45:00,10174055,10188080,10170700,10175313,8.686
2026-07-13 13:00:00,10174556,10184400,10155817,10174219,8.398
2026-07-13 13:15:00,10179477,10191993,10179413,10183216,4.194
2026-07-13 13:30:00,10182537,10184389,10141964,10159483,15.424
2026-07-13 13:45:00,10159408,10166996,10145265,10147657,6.032
2026-07-13 14:00:00,10150499,10185839,10123078,10170744,27.564
2026-07-13 14:15:00,10171904,10176071,10141827,10149000,9.441
2026-07-13 14:30:00,10145931,10178150,10131292,10176026,8.918
2026-07-13 14:45:00,10175893,10188640,10167648,10186793,8.759
2026-07-13 15:00:00,10189188,10204319,10182157,10184720,20.42
2026-07-13 15:15:00,10187628,10196525,10171725,10196525,8.502
2026-07-13 15:30:00,10198805,10201998,10181681,10194248,7.565
2026-07-13 15:45:00,10194696,10199280,10184492,10187037,8.258
2026-07-13 16:00:00,10189255,10192862,10171970,10178337,20.017
2026-07-13 16:15:00,10178004,10207777,10176757,10201925,9.568
2026-07-13 16:30:00,10200466,10220394,10195361,10209408,11.349
2026-07-13 16:45:00,10209348,10218472,10202336,10205124,4.611
2026-07-13 17:00:00,10205845,10213674,10192847,10207660,10.938
2026-07-13 17:15:00,10207155,10219395,10196830,10217807,6.044
2026-07-13 17:30:00,10217807,10226464,10202857,10223561,6.839
2026-07-13 17:45:00,10222953,10245994,10221354,10232898,8.272
2026-07-13 18:00:00,10234919,10237298,10223511,10223835,3.392
2026-07-13 18:15:00,10224760,10224760,10211044,10214436,7.076
2026-07-13 18:30:00,10215799,10217461,10208800,10213232,15.362
2026-07-13 18:45:00,10211766,10217555,10210000,10216027,7.238
2026-07-13 19:00:00,10217283,10217554,10212354,10213000,4.308
2026-07-13 19:15:00,10214277,10225521,10213765,10218531,3.296
2026-07-13 19:30:00,10218531,10225130,10187663,10192353,21.694
2026-07-13 19:45:00,10190478,10199189,10177730,10177730,9.615
2026-07-13 20:00:00,10179004,10222366,10179004,10215102,8.802
2026-07-13 20:15:00,10214310,10217458,10201076,10204864,4.402
2026-07-13 20:30:00,10202890,10205210,10194194,10196394,2.994
2026-07-13 20:45:00,10193733,10197701,10187638,10187638,4.628
2026-07-13 21:00:00,10189859,10202189,10176756,10183148,9.13
2026-07-13 21:15:00,10183175,10189733,10163000,10166780,14.154
2026-07-13 21:30:00,10169000,10174180,10137680,10143379,10.869
2026-07-13 21:45:00,10144542,10155231,10133473,10143272,17.715
2026-07-13 22:00:00,10140000,10149778,10126434,10127094,11.567
2026-07-13 22:15:00,10125297,10139353,10103416,10128198,14.185
2026-07-13 22:30:00,10130323,10168230,10088960,10105132,36.137
2026-07-13 22:45:00,10100529,10114299,10075871,10103235,25.41
2026-07-13 23:00:00,10103612,10124541,10095626,10122136,13.287
2026-07-13 23:15:00,10120841,10164404,10076396,10148807,29.668
2026-07-13 23:30:00,10149255,10166804,10133452,10157678,16.468
2026-07-13 23:45:00,10153749,10187554,10153749,10184485,10.51
2026-07-14 00:00:00,10188154,10197712,10168032,10187321,12.016
2026-07-14 00:15:00,10186416,10218202,10180186,10189383,11.755
2026-07-14 00:30:00,10185773,10193478,10145587,10160000,9.884
2026-07-14 00:45:00,10155019,10168033,10148040,10157434,5.884
2026-07-14 01:00:00,10155822,10157644,10139988,10142166,3.674
2026-07-14 01:15:00,10143161,10143161,10105000,10116929,17.946
2026-07-14 01:30:00,10117003,10129524,10096442,10120766,7.092
2026-07-14 01:45:00,10127075,10133947,10102328,10109287,6.846
2026-07-14 02:00:00,10110773,10123147,10106222,10117245,6.336
2026-07-14 02:15:00,10114337,10116517,10090206,10093223,5.502
2026-07-14 02:30:00,10092752,10101760,10060400,10081940,11.933
2026-07-14 02:45:00,10083264,10096193,10050000,10050763,16.722
2026-07-14 03:00:00,10052257,10071795,10047000,10052196,8.832
2026-07-14 03:15:00,10052492,10070480,10040000,10057600,12.685
2026-07-14 03:30:00,10056072,10065440,10050121,10065091,4.578
2026-07-14 03:45:00,10065580,10079000,10061102,10063487,4.01
2026-07-14 04:00:00,10067759,10079657,10058886,10075685,2.678
2026-07-14 04:15:00,10077394,10081581,10062757,10066909,5.038
2026-07-14 04:30:00,10068423,10095069,10068423,10095069,2.854
2026-07-14 04:45:00,10092798,10116400,10087698,10114000,13.836
2026-07-14 05:00:00,10114000,10119114,10100000,10104081,8.447
2026-07-14 05:15:00,10102695,10102695,10080599,10102609,17.88
2026-07-14 05:30:00,10103201,10110000,10097000,10097564,4.22
2026-07-14 05:45:00,10095745,10103000,10075000,10100000,5.822
2026-07-14 06:00:00,10101476,10103023,10070700,10083713,12.442
2026-07-14 06:15:00,10083713,10090000,10065000,10071746,6.828
2026-07-14 06:30:00,10070280,10079528,10051000,10064547,8.472
2026-07-14 06:45:00,10066707,10085000,10054670,10076751,9.028
2026-07-14 07:00:00,10075234,10100157,10075000,10093451,9.25
2026-07-14 07:15:00,10095507,10104167,10085548,10090619,9.242
2026-07-14 07:30:00,10090797,10095983,10067739,10073013,4.268
2026-07-14 07:45:00,10073370,10075085,10040000,10051584,14.012
2026-07-14 08:00:00,10052726,10072405,10040000,10071383,19.614
2026-07-14 08:15:00,10070550,10099396,10070550,10085544,6.344
2026-07-14 08:30:00,10086031,10093514,10075555,10079847,7.626
2026-07-14 08:45:00,10077985,10117517,10077450,10112680,10.744
2026-07-14 09:00:00,10116405,10138750,10105054,10130392,7.99
2026-07-14 09:15:00,10129409,10129409,10111688,10121437,2.914
2026-07-14 09:30:00,10123449,10136873,10102961,10105952,7.618
2026-07-14 09:45:00,10105952,10164000,10105952,10144749,23.228
2026-07-14 10:00:00,10145988,10149743,10129075,10134738,3.124
2026-07-14 10:15:00,10136126,10158116,10135625,10144217,6.46
2026-07-14 10:30:00,10144568,10149230,10130207,10135330,4.88
2026-07-14 10:45:00,10137523,10146394,10135000,10142699,2.725
2026-07-14 11:00:00,10140122,10155000,10134241,10137257,8.582
2026-07-14 11:15:00,10134524,10140110,10106050,10115276,11.012
2026-07-14 11:30:00,10117648,10151000,10114840,10146872,5.304
2026-07-14 11:45:00,10146818,10158997,10135752,10138496,7.196
2026-07-14 12:00:00,10142853,10150935,10111298,10118151,6.347
2026-07-14 12:15:00,10119638,10131783,10106312,10130010,7.142
2026-07-14 12:30:00,10127849,10138404,10117795,10124828,8.136
2026-07-14 12:45:00,10124980,10145876,10124743,10143266,2.66
2026-07-14 13:00:00,10145000,10160000,10138557,10143528,6.825
2026-07-14 13:15:00,10145140,10160777,10141646,10156181,4.16
2026-07-14 13:30:00,10158099,10180000,10158052,10168136,7.761
2026-07-14 13:45:00,10167984,10177784,10164902,10174098,2.815
2026-07-14 14:00:00,10173087,10193409,10164762,10188992,16.327
2026-07-14 14:15:00,10188998,10194447,10175574,10190831,11.704
2026-07-14 14:30:00,10195433,10195927,10169028,10174620,6.682
2026-07-14 14:45:00,10176146,10180652,10163977,10171305,7.124
2026-07-14 15:00:00,10169731,10174524,10162030,10162030,8.994
2026-07-14 15:15:00,10162030,10174878,10162030,10170612,2.524
2026-07-14 15:30:00,10172930,10183083,10160000,10173884,7.727
2026-07-14 15:45:00,10174291,10174639,10150000,10159639,7.876
2026-07-14 16:00:00,10159604,10163999,10145458,10153561,4.301
2026-07-14 16:15:00,10154030,10161821,10147207,10159823,5.522
2026-07-14 16:30:00,10154362,10162780,10146123,10146834,3.542
2026-07-14 16:45:00,10148354,10150568,10139054,10146704,2.47
2026-07-14 17:00:00,10147652,10153434,10139576,10146919,4.246
2026-07-14 17:15:00,10147429,10167028,10147429,10164547,2.866
2026-07-14 17:30:00,10160000,10184113,10159740,10176045,16.095
2026-07-14 17:45:00,10174961,10179234,10157733,10166277,5.522
2026-07-14 18:00:00,10166845,10172247,10157606,10162883,3.482
2026-07-14 18:15:00,10162000,10167388,10154150,10155913,7.046
2026-07-14 18:30:00,10156448,10156940,10134596,10141894,5.712
2026-07-14 18:45:00,10139950,10154241,10134006,10149142,3.982
2026-07-14 19:00:00,10149142,10166666,10147324,10163953,3.976
2026-07-14 19:15:00,10164368,10165535,10151004,10153629,7.106
2026-07-14 19:30:00,10155264,10178000,10145148,10177154,5.454
2026-07-14 19:45:00,10175748,10194570,10172925,10181020,13.235
2026-07-14 20:00:00,10179425,10179964,10163593,10174116,4.356
2026-07-14 20:15:00,10174804,10190078,10171036,10187767,5.827
2026-07-14 20:30:00,10187767,10197474,10178547,10184940,8.653
2026-07-14 20:45:00,10182830,10187564,10179120,10180143,4.867
2026-07-14 21:00:00,10183374,10186970,10170369,10181937,6.971
2026-07-14 21:15:00,10182054,10223480,10178067,10200455,21.649
2026-07-14 21:30:00,10195928,10307503,10194240,10275395,87.86
2026-07-14 21:45:00,10276000,10350000,10276000,10347000,54.474
2026-07-14 22:00:00,10348209,10349132,10310668,10318170,16.638
2026-07-14 22:15:00,10321666,10380000,10318170,10342841,41.242
2026-07-14 22:30:00,10343899,10347841,10306800,10319927,18.383
2026-07-14 22:45:00,10318148,10340416,10305000,10326812,18.464
2026-07-14 23:00:00,10327670,10334228,10290002,10333141,30.116
2026-07-14 23:15:00,10330675,10346106,10319488,10343269,16.77
2026-07-14 23:30:00,10342402,10368597,10336548,10362391,15.727
2026-07-14 23:45:00,10359854,10413067,10340176,10403566,19.305
2026-07-15 00:00:00,10406500,10420000,10384237,10389469,19.569
2026-07-15 00:15:00,10389469,10450000,10385000,10435139,21.069
2026-07-15 00:30:00,10436678,10525000,10434775,10490079,59.578
2026-07-15 00:45:00,10490082,10507217,10466198,10489857,19.028
2026-07-15 01:00:00,10492048,10521826,10472566,10493197,29.856
2026-07-15 01:15:00,10492485,10517838,10479888,10507933,9.996
2026-07-15 01:30:00,10505568,10520049,10500647,10501819,15.012
2026-07-15 01:45:00,10502554,10512435,10489384,10490668,7.734
2026-07-15 02:00:00,10489560,10489560,10425965,10478186,26.392
2026-07-15 02:15:00,10481008,10488798,10444568,10465391,7.464
2026-07-15 02:30:00,10462291,10466949,10448790,10462252,5.502
2026-07-15 02:45:00,10460333,10492719,10457797,10477013,8.831
2026-07-15 03:00:00,10477040,10479712,10456147,10456514,5.426
2026-07-15 03:15:00,10456985,10470550,10456985,10465497,3.342
2026-07-15 03:30:00,10463841,10484877,10459288,10475961,8.092
2026-07-15 03:45:00,10479459,10487721,10467859,10468843,2.922
2026-07-15 04:00:00,10468843,10480772,10465650,10475394,3.424
2026-07-15 04:15:00,10473709,10492246,10466503,10469950,5.094
2026-07-15 04:30:00,10466299,10467605,10454257,10462785,6.656
2026-07-15 04:45:00,10462630,10485739,10462630,10468719,5.368
2026-07-15 05:00:00,10473346,10475253,10455384,10457442,5.84
2026-07-15 05:15:00,10456607,10464771,10453662,10456012,2.218
2026-07-15 05:30:00,10457555,10466109,10450272,10466109,4.247
2026-07-15 05:45:00,10465932,10481484,10456059,10474383,13.756
2026-07-15 06:00:00,10473394,10478803,10463951,10477527,3.746
2026-07-15 06:15:00,10478394,10487374,10474877,10485256,8.914
2026-07-15 06:30:00,10486295,10525000,10485424,10498079,11.926
2026-07-15 06:45:00,10496069,10502111,10476694,10485040,8.25
2026-07-15 07:00:00,10485532,10485902,10459920,10462012,6.623
2026-07-15 07:15:00,10464487,10560000,10464417,10527104,50.172
2026-07-15 07:30:00,10530483,10541898,10524216,10527000,10.53
2026-07-15 07:45:00,10527935,10534287,10517360,10518545,14.904
2026-07-15 08:00:00,10518689,10548539,10503176,10542241,27.457
2026-07-15 08:15:00,10541000,10541449,10517422,10520771,4.088
2026-07-15 08:30:00,10521959,10542206,10520117,10538847,5.796
2026-07-15 08:45:00,10541415,10549839,10533896,10545943,6.032
2026-07-15 09:00:00,10547131,10549314,10526764,10528329,8.742
2026-07-15 09:15:00,10528329,10529190,10511736,10519776,10.854
2026-07-15 09:30:00,10520337,10520659,10502879,10508637,12.055
2026-07-15 09:45:00,10509999,10517314,10506897,10511163,2.984
2026-07-15 10:00:00,10511199,10511199,10488295,10488295,10.994
2026-07-15 10:15:00,10490031,10508069,10478802,10503229,7.662
2026-07-15 10:30:00,10505713,10505713,10475923,10483614,11.026
2026-07-15 10:45:00,10486890,10486912,10473958,10479079,2.632
2026-07-15 11:00:00,10478359,10494491,10474620,10488102,5.84
2026-07-15 11:15:00,10488439,10488439,10456920,10457981,9.282
2026-07-15 11:30:00,10457981,10465280,10450314,10464000,7.224
2026-07-15 11:45:00,10463006,10464122,10453627,10454804,2.288
2026-07-15 12:00:00,10454524,10484319,10453617,10479012,8.402
2026-07-15 12:15:00,10475740,10478504,10469107,10476940,4.478
2026-07-15 12:30:00,10476872,10502239,10472331,10491965,16.9
2026-07-15 12:45:00,10489608,10515435,10485917,10505410,10.985
2026-07-15 13:00:00,10504580,10519913,10499262,10513398,10.659
2026-07-15 13:15:00,10509514,10515982,10502055,10502116,4.435
2026-07-15 13:30:00,10500738,10514111,10491687,10508898,4.208
2026-07-15 13:45:00,10512629,10520332,10497364,10500862,7.498
2026-07-15 14:00:00,10503071,10512325,10474817,10477100,8.498
2026-07-15 14:15:00,10476292,10492758,10476292,10482607,8.573
2026-07-15 14:30:00,10483412,10500000,10483412,10489679,7.716
2026-07-15 14:45:00,10489167,10531809,10487934,10529818,17.533
2026-07-15 15:00:00,10530000,10543680,10516199,10541476,20.89
2026-07-15 15:15:00,10542538,10544483,10525319,10532000,9.58
2026-07-15 15:30:00,10533768,10582581,10530362,10540000,31.746
2026-07-15 15:45:00,10538846,10543225,10503791,10507413,15.914
2026-07-15 16:00:00,10507521,10522651,10496407,10519073,10.225
2026-07-15 16:15:00,10520536,10522422,10458688,10466820,22.172
2026-07-15 16:30:00,10468177,10488353,10464846,10479221,12.571
2026-07-15 16:45:00,10479219,10484287,10470243,10470634,5.206
2026-07-15 17:00:00,10473044,10494997,10470953,10480849,8.862
2026-07-15 17:15:00,10482920,10492828,10478865,10488730,3.467
2026-07-15 17:30:00,10488926,10506602,10483865,10503589,5.346
2026-07-15 17:45:00,10505071,10513853,10495520,10508572,10.38
2026-07-15 18:00:00,10507782,10522329,10505683,10520466,5.019
2026-07-15 18:15:00,10518370,10533627,10516720,10519200,6.175
2026-07-15 18:30:00,10515704,10517253,10496086,10500805,3.41
2026-07-15 18:45:00,10500883,10504066,10490711,10493021,2.17
2026-07-15 19:00:00,10493782,10525569,10490723,10515740,7.658
2026-07-15 19:15:00,10517938,10518341,10492296,10493253,6.122
2026-07-15 19:30:00,10496162,10505078,10487979,10499663,3.415
2026-07-15 19:45:00,10496508,10501050,10493152,10495620,2.508
2026-07-15 20:00:00,10496101,10511561,10486267,10505855,3.414
2026-07-15 20:15:00,10502794,10505648,10488175,10491615,3.672
2026-07-15 20:30:00,10490927,10506160,10490927,10500539,4.066
2026-07-15 20:45:00,10503158,10508047,10492160,10503623,7.354
2026-07-15 21:00:00,10502745,10508959,10489996,10503975,11.175
2026-07-15 21:15:00,10505177,10510570,10484382,10496315,6.907
2026-07-15 21:30:00,10496398,10539805,10495264,10505371,38.909
2026-07-15 21:45:00,10505371,10576085,10504827,10559093,25.756
2026-07-15 22:00:00,10559101,10607486,10557784,10603308,44.127
2026-07-15 22:15:00,10600838,10633156,10585874,10590000,29.569
2026-07-15 22:30:00,10593584,10625161,10580000,10585490,24.03
2026-07-15 22:45:00,10585175,10585362,10520000,10557465,44.29
2026-07-15 23:00:00,10556695,10601133,10548444,10582903,19.573
2026-07-15 23:15:00,10583060,10602486,10548381,10587017,30.992
2026-07-15 23:30:00,10588354,10616816,10580080,10593519,24.623
2026-07-15 23:45:00,10595326,10613276,10586099,10594909,5.496
2026-07-16 00:00:00,10595291,10610971,10570000,10598241,10.5
2026-07-16 00:15:00,10597786,10601000,10576007,10589682,11.309
2026-07-16 00:30:00,10589788,10620039,10582000,10605000,10.229
2026-07-16 00:45:00,10605000,10626090,10587511,10598559,10.664
2026-07-16 01:00:00,10602557,10605462,10546677,10548365,11.499
2026-07-16 01:15:00,10548080,10563627,10538261,10557720,12.51
2026-07-16 01:30:00,10558528,10558528,10496796,10521379,11.499
2026-07-16 01:45:00,10523740,10553016,10521076,10551458,13.092
2026-07-16 02:00:00,10553617,10556419,10532480,10534846,6.236
2026-07-16 02:15:00,10535639,10541284,10525750,10535204,7.482
2026-07-16 02:30:00,10537320,10545332,10523280,10531906,12.778
2026-07-16 02:45:00,10534216,10558142,10523464,10535586,28.703
2026-07-16 03:00:00,10532419,10546834,10511201,10541775,10.999
2026-07-16 03:15:00,10540247,10540247,10522714,10529611,3.246
2026-07-16 03:30:00,10529611,10539444,10521383,10521514,1.754
2026-07-16 03:45:00,10521514,10529264,10500695,10505540,6.374
2026-07-16 04:00:00,10505540,10518820,10503191,10518616,2.018
2026-07-16 04:15:00,10510469,10511701,10487681,10510047,3.902
2026-07-16 04:30:00,10510741,10538440,10509669,10537820,3.194
2026-07-16 04:45:00,10536730,10544431,10526008,10536759,4.581
2026-07-16 05:00:00,10537949,10539336,10524632,10533950,5.622
2026-07-16 05:15:00,10533898,10544942,10533898,10540999,1.67
2026-07-16 05:30:00,10542231,10550310,10538809,10538809,2.876
2026-07-16 05:45:00,10540134,10540868,10534326,10538000,3.552
2026-07-16 06:00:00,10537011,10541629,10511544,10524657,16.055
2026-07-16 06:15:00,10522146,10528000,10511768,10512513,3.316
2026-07-16 06:30:00,10512665,10519723,10503428,10508922,5.673
2026-07-16 06:45:00,10507285,10513798,10503976,10509866,4.485
2026-07-16 07:00:00,10510655,10517439,10501686,10505399,7.395
2026-07-16 07:15:00,10503532,10519501,10496721,10516953,3.68
2026-07-16 07:30:00,10517436,10527668,10513086,10517264,4.394
2026-07-16 07:45:00,10517226,10530000,10509782,10512503,6.245
2026-07-16 08:00:00,10511723,10527675,10510269,10520004,2.364
2026-07-16 08:15:00,10519247,10521746,10504750,10506355,4.109
2026-07-16 08:30:00,10509901,10510937,10484962,10490449,6.252
2026-07-16 08:45:00,10488837,10502595,10480716,10493078,5.908
2026-07-16 09:00:00,10491315,10511980,10489791,10506345,7.89
2026-07-16 09:15:00,10504884,10508810,10459009,10461253,19.564
2026-07-16 09:30:00,10461253,10471244,10451277,10455408,14.866
2026-07-16 09:45:00,10457499,10480377,10453763,10465556,10.205
2026-07-16 10:00:00,10467346,10478124,10462897,10473120,4.635
2026-07-16 10:15:00,10468252,10469760,10433481,10456807,19.489
2026-07-16 10:30:00,10458995,10485000,10458219,10467431,16.57
2026-07-16 10:45:00,10466958,10503556,10463325,10484780,14.881
2026-07-16 11:00:00,10486340,10489548,10476253,10480004,5.534
2026-07-16 11:15:00,10479001,10483517,10468353,10479013,3.066
2026-07-16 11:30:00,10479611,10481004,10465572,10467464,6.512
2026-07-16 11:45:00,10468277,10482254,10466452,10476528,3.144
2026-07-16 12:00:00,10474552,10488737,10468000,10485178,6.61
2026-07-16 12:15:00,10483368,10486560,10461436,10479178,10.323
2026-07-16 12:30:00,10479034,10488000,10474485,10477289,3.618
2026-07-16 12:45:00,10475329,10475975,10458219,10465514,6.258
2026-07-16 13:00:00,10466550,10475649,10462086,10473054,2.218
2026-07-16 13:15:00,10472569,10475360,10457659,10473609,4.746
2026-07-16 13:30:00,10472549,10480582,10463793,10468527,2.072
2026-07-16 13:45:00,10467252,10472051,10461447,10470496,4.924
2026-07-16 14:00:00,10470819,10490183,10463919,10488879,4.638
2026-07-16 14:15:00,10492130,10524354,10489448,10519826,14.548
2026-07-16 14:30:00,10518956,10529500,10506505,10515240,9.452
2026-07-16 14:45:00,10517508,10520146,10509915,10519246,3.224
2026-07-16 15:00:00,10519373,10527477,10505726,10509212,9.112
2026-07-16 15:15:00,10508557,10516231,10497139,10502914,3.086
2026-07-16 15:30:00,10502959,10503439,10472595,10487339,8.469
2026-07-16 15:45:00,10485791,10497914,10482044,10493614,4.846
2026-07-16 16:00:00,10489198,10492890,10468260,10468260,5.538
2026-07-16 16:15:00,10468260,10468779,10447013,10451740,16.753
2026-07-16 16:30:00,10450878,10451606,10400001,10403988,19.512
2026-07-16 16:45:00,10404333,10414240,10381042,10403230,27.96
2026-07-16 17:00:00,10403229,10408871,10361808,10364715,15.8
2026-07-16 17:15:00,10364715,10400880,10350865,10399760,36.025
2026-07-16 17:30:00,10397669,10430464,10392996,10395631,18.202
2026-07-16 17:45:00,10394705,10408440,10383637,10394112,6.85
2026-07-16 18:00:00,10398390,10404407,10390879,10392554,4.513
2026-07-16 18:15:00,10393057,10397125,10379479,10380009,9.402
2026-07-16 18:30:00,10380000,10399194,10378882,10394588,7.189
2026-07-16 18:45:00,10392803,10398640,10380167,10386834,7.559
2026-07-16 19:00:00,10388162,10408405,10385141,10399072,7.063
2026-07-16 19:15:00,10400917,10414234,10396985,10411703,4.327
2026-07-16 19:30:00,10412669,10419000,10404180,10406950,3.986
2026-07-16 19:45:00,10407757,10412421,10400482,10411749,3.343
2026-07-16 20:00:00,10411271,10411536,10390370,10401343,6.503
2026-07-16 20:15:00,10402613,10418553,10387046,10403960,7.738
2026-07-16 20:30:00,10402045,10417513,10396207,10417513,2.926
2026-07-16 20:45:00,10416707,10417835,10395343,10412715,7.306
2026-07-16 21:00:00,10412828,10414612,10398686,10405130,4.614
2026-07-16 21:15:00,10403361,10407040,10390803,10407040,10.85
2026-07-16 21:30:00,10407721,10411199,10362730,10364244,13.252
2026-07-16 21:45:00,10364886,10390000,10361115,10375967,15.195
2026-07-16 22:00:00,10375967,10395699,10374408,10393107,4.995
2026-07-16 22:15:00,10392173,10417703,10387473,10417500,6.578
2026-07-16 22:30:00,10417603,10454938,10405000,10405934,15.785
2026-07-16 22:45:00,10408495,10448401,10400000,10442938,12.442
2026-07-16 23:00:00,10441521,10499960,10435786,10488553,21.628
2026-07-16 23:15:00,10486430,10522166,10473680,10508830,13.601
2026-07-16 23:30:00,10506609,10519771,10488800,10504087,12.081
2026-07-16 23:45:00,10506243,10506243,10450395,10472885,29.127
2026-07-17 00:00:00,10475270,10481641,10437190,10450214,13.082
2026-07-17 00:15:00,10451242,10536400,10443485,10520604,29.411
2026-07-17 00:30:00,10519374,10522657,10494691,10503213,23.769
2026-07-17 00:45:00,10506905,10522165,10488437,10500409,7.638
2026-07-17 01:00:00,10500678,10501185,10465000,10472070,11.065
2026-07-17 01:15:00,10471944,10488468,10455877,10480948,5.531
2026-07-17 01:30:00,10484418,10501107,10451938,10453519,8.064
2026-07-17 01:45:00,10454083,10480052,10444034,10468887,5.716
2026-07-17 02:00:00,10469818,10469818,10420000,10422519,8.773
2026-07-17 02:15:00,10422532,10432130,10410440,10430117,9.183
2026-07-17 02:30:00,10430960,10439381,10415338,10415403,1.43
2026-07-17 02:45:00,10418176,10421599,10389992,10398768,13.448
2026-07-17 03:00:00,10401904,10427907,10399504,10422341,3.662
2026-07-17 03:15:00,10419362,10443918,10415300,10425121,3.928
2026-07-17 03:30:00,10424921,10428031,10406554,10412645,4.684
2026-07-17 03:45:00,10418309,10442421,10415430,10431030,3.354
2026-07-17 04:00:00,10429978,10437152,10423148,10425780,4.594
2026-07-17 04:15:00,10425580,10434882,10419316,10434019,5.63
2026-07-17 04:30:00,10431309,10436437,10421868,10423242,2.876
2026-07-17 04:45:00,10420828,10434406,10413409,10431444,4.37
2026-07-17 05:00:00,10430389,10433454,10418138,10418138,2.836
2026-07-17 05:15:00,10418664,10425761,10406480,10414713,5.417
2026-07-17 05:30:00,10414776,10419406,10406159,10410967,2.788
2026-07-17 05:45:00,10410052,10411397,10401871,10406008,3.552
2026-07-17 06:00:00,10405913,10420979,10404300,10416455,5.328
2026-07-17 06:15:00,10416286,10422387,10407600,10412702,18.453
2026-07-17 06:30:00,10409500,10425000,10408694,10421068,5.85
2026-07-17 06:45:00,10422007,10422007,10408641,10411841,3.884
2026-07-17 07:00:00,10414659,10425981,10409077,10416770,5.578
2026-07-17 07:15:00,10416011,10416011,10387762,10389320,5.174
2026-07-17 07:30:00,10391153,10415059,10388762,10398369,14.947
2026-07-17 07:45:00,10398133,10400124,10378338,10380416,7.47
2026-07-17 08:00:00,10377196,10385867,10370000,10371687,7.158
2026-07-17 08:15:00,10371687,10371687,10345000,10352564,12.969
2026-07-17 08:30:00,10353201,10360656,10342380,10360649,7.11
2026-07-17 08:45:00,10357683,10372307,10351566,10359269,5.128
2026-07-17 09:00:00,10359446,10362435,10348303,10354719,7.131
2026-07-17 09:15:00,10354093,10373175,10349224,10354177,7.714
2026-07-17 09:30:00,10354252,10354252,10321853,10351317,13.895
2026-07-17 09:45:00,10352874,10370000,10352874,10368547,6.318
2026-07-17 10:00:00,10370893,10402362,10367844,10388000,10.836
2026-07-17 10:15:00,10388000,10391887,10360000,10384030,5.126
2026-07-17 10:30:00,10387440,10387440,10346357,10349057,7.318
2026-07-17 10:45:00,10345291,10349456,10308335,10321808,44.122
2026-07-17 11:00:00,10316413,10331440,10299604,10326723,28.03
2026-07-17 11:15:00,10325511,10333716,10307863,10316896,6.41
2026-07-17 11:30:00,10314263,10319683,10287989,10301660,12.942
2026-07-17 11:45:00,10302000,10305000,10287189,10302813,4.718
2026-07-17 12:00:00,10302819,10331328,10300677,10324244,13.247
2026-07-17 12:15:00,10322473,10340000,10321444,10332794,10.176
2026-07-17 12:30:00,10330310,10335986,10318341,10323861,11.404
2026-07-17 12:45:00,10326572,10326768,10310065,10315567,8.764
2026-07-17 13:00:00,10316419,10316834,10300288,10307849,5.624
2026-07-17 13:15:00,10306952,10313761,10272080,10289682,13.835
2026-07-17 13:30:00,10288522,10305582,10280025,10302064,7.018
2026-07-17 13:45:00,10303437,10320000,10301094,10304815,6.998
2026-07-17 14:00:00,10301596,10301596,10283922,10299099,8.136
2026-07-17 14:15:00,10297433,10298321,10256960,10263086,22.734
2026-07-17 14:30:00,10263086,10266981,10220899,10220899,26.286
2026-07-17 14:45:00,10221514,10223100,10199490,10207912,34.384
2026-07-17 15:00:00,10204050,10232271,10193289,10202480,23.592
2026-07-17 15:15:00,10201465,10221120,10180000,10219515,42.728
2026-07-17 15:30:00,10217203,10225000,10199652,10203481,21.349
2026-07-17 15:45:00,10203792,10213097,10197000,10213097,7.13
2026-07-17 16:00:00,10209484,10209484,10195072,10199853,4.645
2026-07-17 16:15:00,10199979,10210329,10184551,10206417,13.53
2026-07-17 16:30:00,10206569,10219923,10197040,10207674,15.042
2026-07-17 16:45:00,10207021,10215403,10192703,10196598,8.279
2026-07-17 17:00:00,10195392,10211247,10185106,10209222,7.651
2026-07-17 17:15:00,10211330,10211330,10184768,10198478,8.338
2026-07-17 17:30:00,10197878,10199030,10177315,10199030,22.968
2026-07-17 17:45:00,10195324,10217450,10195324,10210879,7.752
2026-07-17 18:00:00,10212290,10230700,10209000,10230224,19.908
2026-07-17 18:15:00,10229964,10235911,10209658,10227809,17.694
2026-07-17 18:30:00,10227288,10246713,10225481,10245660,6.85
2026-07-17 18:45:00,10244968,10246596,10227169,10228454,5.5
2026-07-17 19:00:00,10231453,10254560,10223976,10248474,10.76
2026-07-17 19:15:00,10248909,10257893,10244756,10253714,7.156
2026-07-17 19:30:00,10252230,10271444,10250000,10267593,5.436
2026-07-17 19:45:00,10267699,10271520,10263105,10263748,4.152
2026-07-17 20:00:00,10263748,10268031,10246875,10247288,5.288
2026-07-17 20:15:00,10246875,10255074,10240138,10252844,5.34
2026-07-17 20:30:00,10252420,10280879,10246389,10278196,9.454
2026-07-17 20:45:00,10278537,10291942,10272289,10282103,8.406
2026-07-17 21:00:00,10282646,10290047,10265369,10272086,12.28
2026-07-17 21:15:00,10273478,10280120,10255715,10257506,11.148
2026-07-17 21:30:00,10258000,10259347,10240000,10248525,10.846
2026-07-17 21:45:00,10248902,10263092,10242843,10250636,6.194
2026-07-17 22:00:00,10251710,10251715,10198473,10205730,17.624
2026-07-17 22:15:00,10206578,10228174,10204803,10211317,27.916
2026-07-17 22:30:00,10214173,10226922,10153093,10162378,40.405
2026-07-17 22:45:00,10161282,10264240,10156437,10256416,36.846
2026-07-17 23:00:00,10256416,10310846,10254947,10289353,30.37
2026-07-17 23:15:00,10288938,10306684,10259940,10265139,18.427
2026-07-17 23:30:00,10266688,10285681,10240292,10273050,13.92
2026-07-17 23:45:00,10271590,10276081,10244520,10255148,13.547
2026-07-18 00:00:00,10254421,10258989,10199840,10210000,20.149
2026-07-18 00:15:00,10213800,10267821,10210726,10267821,17.158
2026-07-18 00:30:00,10267821,10276497,10245202,10258879,10.935
2026-07-18 00:45:00,10262811,10305299,10252939,10304078,9.052
2026-07-18 01:00:00,10305000,10324950,10286957,10308678,14.743
2026-07-18 01:15:00,10308000,10324020,10284271,10310398,11.483
2026-07-18 01:30:00,10311622,10319994,10295791,10318506,4.196
2026-07-18 01:45:00,10320075,10352484,10311794,10327380,13.73
2026-07-18 02:00:00,10327542,10414570,10327068,10386732,24.725
2026-07-18 02:15:00,10381871,10416240,10375680,10396038,13.664
2026-07-18 02:30:00,10394458,10410000,10389649,10396158,6.735
2026-07-18 02:45:00,10397955,10427900,10392009,10398219,14.205
2026-07-18 03:00:00,10398158,10409207,10386174,10404848,7.528
2026-07-18 03:15:00,10403774,10404096,10372320,10383991,15.309
2026-07-18 03:30:00,10382015,10416248,10382015,10415551,9.874
2026-07-18 03:45:00,10415029,10455623,10413984,10433743,19.472
2026-07-18 04:00:00,10434552,10437966,10406559,10410539,8.852
2026-07-18 04:15:00,10409384,10413641,10393624,10409038,6.02
2026-07-18 04:30:00,10410429,10423817,10407356,10422736,7.316
2026-07-18 04:45:00,10422551,10429370,10414651,10417568,4.302
2026-07-18 05:00:00,10414891,10414891,10392716,10393892,3.92
2026-07-18 05:15:00,10392856,10407531,10390481,10401775,5.634
2026-07-18 05:30:00,10400496,10410510,10384335,10410510,5.34
2026-07-18 05:45:00,10412342,10422834,10397978,10407648,7.618
2026-07-18 06:00:00,10409158,10422761,10409158,10419101,6.466
2026-07-18 06:15:00,10417523,10427531,10410326,10414256,5.032
2026-07-18 06:30:00,10414678,10416636,10403572,10407556,5.678
2026-07-18 06:45:00,10407908,10409149,10401456,10409149,7.472
2026-07-18 07:00:00,10411849,10415951,10401943,10405802,7.134
2026-07-18 07:15:00,10405385,10405385,10384923,10385600,8.106
2026-07-18 07:30:00,10385758,10387479,10372320,10381763,8.653
2026-07-18 07:45:00,10382379,10389870,10380405,10387154,4.538
2026-07-18 08:00:00,10386483,10386483,10372043,10376192,3.62
2026-07-18 08:15:00,10373988,10386629,10373988,10386629,9.372
2026-07-18 08:30:00,10386304,10396027,10383560,10388519,6.386
2026-07-18 08:45:00,10387899,10391272,10379600,10382432,5.241
2026-07-18 11:00:00,10384466,10390149,10380792,10388958,0.786
2026-07-18 11:15:00,10390348,10392581,10385840,10390000,2.24
2026-07-18 11:30:00,10390428,10396011,10382288,10385274,3.194
2026-07-18 11:45:00,10384401,10386958,10380233,10386391,3.54
2026-07-18 12:00:00,10386424,10391009,10383287,10391009,2.682
2026-07-18 12:15:00,10391617,10392741,10384687,10386600,1.75
2026-07-18 12:30:00,10385433,10388624,10382608,10385355,2.778
2026-07-18 12:45:00,10386195,10400000,10381591,10395877,5.624
2026-07-18 13:00:00,10396246,10396246,10391062,10393635,2.036
2026-07-18 13:15:00,10394074,10394732,10388082,10391192,2.888
2026-07-18 13:30:00,10390795,10393104,10386192,10388495,1.94
2026-07-18 13:45:00,10389242,10393044,10386160,10391849,3.452
2026-07-18 14:00:00,10392553,10392553,10383007,10386346,3.842
2026-07-18 14:15:00,10385755,10392404,10382391,10389054,5.05
2026-07-18 14:30:00,10390070,10393017,10384297,10388008,1.352
2026-07-18 14:45:00,10386855,10394181,10384100,10387340,3.234
2026-07-18 15:00:00,10388344,10389000,10383000,10387021,2.31
2026-07-18 15:15:00,10388915,10393969,10386545,10389449,2.228
2026-07-18 15:30:00,10388204,10391040,10381823,10388397,4.236
2026-07-18 15:45:00,10388000,10389120,10385212,10385907,2.4
2026-07-18 16:00:00,10386426,10393930,10385492,10389379,5.392
2026-07-18 16:15:00,10390191,10394063,10388900,10394063,2.224
2026-07-18 16:30:00,10392336,10397590,10391011,10396555,4.906
2026-07-18 16:45:00,10396297,10397590,10391302,10391988,1.364
2026-07-18 17:00:00,10394584,10394584,10387071,10390304,3.954
2026-07-18 17:15:00,10391282,10393004,10382000,10390120,11.994
2026-07-18 17:30:00,10392060,10393727,10386000,10386028,3.294
2026-07-18 17:45:00,10389097,10391623,10386694,10391301,2.058
2026-07-18 18:00:00,10391438,10393457,10386999,10388599,4.428
2026-07-18 18:15:00,10387382,10389739,10380772,10382428,1.642
2026-07-18 18:30:00,10381873,10386852,10378951,10386811,2.844
2026-07-18 18:45:00,10386853,10388130,10383296,10387849,1.056
2026-07-18 19:00:00,10387164,10389844,10385532,10389182,0.994
2026-07-18 19:15:00,10388696,10391182,10387061,10389260,1.28
2026-07-18 19:30:00,10388904,10392095,10387440,10390183,2.103
2026-07-18 19:45:00,10388580,10390809,10388000,10388424,0.702
2026-07-18 20:00:00,10387674,10392116,10387674,10391095,1.9
2026-07-18 20:15:00,10392116,10393129,10389165,10391677,0.386
2026-07-18 20:30:00,10393545,10397970,10390539,10394419,3.454
2026-07-18 20:45:00,10394419,10406889,10392100,10399319,2.476
2026-07-18 21:00:00,10400727,10424142,10400727,10412096,8.614
2026-07-18 21:15:00,10412933,10415771,10400000,10408950,5.118
2026-07-18 21:30:00,10407000,10425000,10401393,10419565,7.752
2026-07-18 21:45:00,10419008,10434939,10419008,10429217,10.087
2026-07-18 22:00:00,10424543,10425418,10392347,10396173,5.982
2026-07-18 22:15:00,10395967,10403231,10386428,10403231,4.776
2026-07-18 22:30:00,10402675,10407739,10396516,10401944,3.254
2026-07-18 22:45:00,10401341,10411466,10397643,10411466,7.712
2026-07-18 23:00:00,10412687,10421230,10407384,10421030,3.982
2026-07-18 23:15:00,10415769,10420571,10409910,10419316,3.344
2026-07-18 23:30:00,10421210,10424589,10415693,10420568,3.772
2026-07-18 23:45:00,10420209,10421193,10409159,10412937,2.88
2026-07-19 00:00:00,10413755,10414411,10406816,10409947,5.62
2026-07-19 00:15:00,10409527,10416082,10408698,10409846,9.25
2026-07-19 00:30:00,10409350,10411520,10405317,10407660,8.58
2026-07-19 00:45:00,10406873,10424960,10403131,10422720,22.977
2026-07-19 01:00:00,10423000,10425520,10415424,10424400,8.688
2026-07-19 01:15:00,10424531,10425102,10410999,10417577,6.553
2026-07-19 01:30:00,10415739,10423043,10412815,10415087,3.552
2026-07-19 01:45:00,10414979,10440913,10411950,10436299,20.483
2026-07-19 02:00:00,10437357,10444444,10431464,10444444,3.891
2026-07-19 02:15:00,10442506,10458547,10432669,10436991,8.17
2026-07-19 02:30:00,10436401,10463968,10436222,10459247,4.405
2026-07-19 02:45:00,10457258,10471762,10453612,10469439,10.853
2026-07-19 03:00:00,10471305,10476030,10463600,10463600,6.638
2026-07-19 03:15:00,10466166,10497759,10466165,10483063,8.499
2026-07-19 03:30:00,10478136,10479001,10462480,10464327,9.916
2026-07-19 03:45:00,10465041,10474441,10464744,10469898,5.75
2026-07-19 04:00:00,10470956,10480965,10470908,10477213,7.334
2026-07-19 04:15:00,10476622,10486141,10465544,10465654,7.8
2026-07-19 04:30:00,10469194,10476892,10465280,10471952,9.592
2026-07-19 04:45:00,10471914,10479162,10471785,10476631,3.032
2026-07-19 05:00:00,10479781,10493041,10470243,10490160,12.264
2026-07-19 05:15:00,10490045,10510401,10488346,10499146,9.664
2026-07-19 05:30:00,10497958,10497968,10486127,10492481,8.564
2026-07-19 05:45:00,10493294,10510617,10485000,10506373,6.824
2026-07-19 06:00:00,10504334,10515690,10495893,10515690,11.296
2026-07-19 06:15:00,10516919,10529000,10507799,10509328,15.678
2026-07-19 06:30:00,10509328,10509581,10495255,10495255,6.354
2026-07-19 06:45:00,10497513,10524153,10492516,10513167,9.985
2026-07-19 07:00:00,10512965,10532000,10508101,10520588,7.89
2026-07-19 07:15:00,10520554,10527240,10511613,10511917,4.78
2026-07-19 07:30:00,10511917,10519847,10506724,10516769,5.488
2026-07-19 07:45:00,10517230,10528997,10511878,10525590,8.377
2026-07-19 08:00:00,10525874,10527030,10509745,10513842,3.294
2026-07-19 08:15:00,10513926,10530000,10512774,10527988,9.854
2026-07-19 08:30:00,10527617,10528878,10520014,10526021,3.7
2026-07-19 08:45:00,10524855,10530145,10522201,10526954,7.014
2026-07-19 09:00:00,10528217,10529621,10521753,10524974,2.926
2026-07-19 09:15:00,10524126,10533617,10513440,10514063,6.201
2026-07-19 09:30:00,10516153,10518498,10507840,10509670,11.451
2026-07-19 09:45:00,10511297,10516138,10508812,10514035,4.717
2026-07-19 10:00:00,10514136,10514681,10510000,10512000,1.374
2026-07-19 10:15:00,10512959,10513863,10509578,10510432,4.097
2026-07-19 10:30:00,10511365,10512803,10507437,10508400,2.063
2026-07-19 10:45:00,10510000,10511562,10507840,10509520,1.676
2026-07-19 11:00:00,10508000,10541277,10497200,10527472,18.621
2026-07-19 11:15:00,10530745,10533206,10512437,10518958,5.566
2026-07-19 11:30:00,10519244,10539713,10519244,10524461,4.871
2026-07-19 11:45:00,10523011,10526302,10517886,10519424,3.87
2026-07-19 12:00:00,10520312,10523438,10504000,10509319,5.888
2026-07-19 12:15:00,10508338,10510943,10490871,10500554,10.36
2026-07-19 12:30:00,10501601,10507280,10499203,10501511,6.763
2026-07-19 12:45:00,10501511,10511781,10500088,10510857,4.767
2026-07-19 13:00:00,10510197,10510857,10484320,10496425,8.139
2026-07-19 13:15:00,10496161,10509167,10495681,10506509,5.312
2026-07-19 13:30:00,10508275,10521054,10503450,10517184,3.45
2026-07-19 13:45:00,10515745,10521461,10506957,10507419,4.173
2026-07-19 14:00:00,10509376,10520237,10508052,10518236,6.51
2026-07-19 14:15:00,10518537,10522000,10500835,10500835,5.522
2026-07-19 14:30:00,10503418,10504434,10496000,10500007,3.528
2026-07-19 14:45:00,10499915,10509687,10499722,10505360,3.548
2026-07-19 15:00:00,10504462,10506449,10499552,10505756,3.346
2026-07-19 15:15:00,10506259,10513270,10502230,10506401,10.505
2026-07-19 15:30:00,10508668,10513250,10505444,10508618,1.734
2026-07-19 15:45:00,10509162,10509892,10500560,10508843,6.277
2026-07-19 16:00:00,10505118,10507544,10494960,10499752,8.341
2026-07-19 16:15:00,10500332,10505536,10493840,10503691,8.35
2026-07-19 16:30:00,10501482,10512356,10499101,10510113,3.054
2026-07-19 16:45:00,10511437,10512929,10495199,10504052,10.081
2026-07-19 17:00:00,10505151,10509279,10495911,10503541,12.609
2026-07-19 17:15:00,10501407,10502874,10489283,10497029,6.067
2026-07-19 17:30:00,10496170,10499543,10492477,10492935,2.432
2026-07-19 17:45:00,10494887,10508709,10492304,10501926,2.688
2026-07-19 18:00:00,10504670,10506000,10493681,10495319,2.366
2026-07-19 18:15:00,10494041,10494041,10475981,10481265,5.978
2026-07-19 18:30:00,10480431,10485178,10464538,10471292,9.136
2026-07-19 18:45:00,10470689,10473971,10464181,10469464,7.258
2026-07-19 19:00:00,10468897,10485496,10465168,10482382,7.157
2026-07-19 19:15:00,10480228,10489613,10479956,10487066,4.641
2026-07-19 19:30:00,10487289,10497088,10484929,10496673,5.976
2026-07-19 19:45:00,10496550,10502011,10476107,10482212,7.08
2026-07-19 20:00:00,10481110,10488257,10469760,10481914,6.783
2026-07-19 20:15:00,10483824,10492720,10473133,10477708,11.433
2026-07-19 20:30:00,10476615,10479114,10470901,10474390,1.878
2026-07-19 20:45:00,10475016,10476827,10457659,10464564,9.34
2026-07-19 21:00:00,10461847,10462198,10439215,10439519,7.606
2026-07-19 21:15:00,10440545,10458891,10428973,10434676,16.394
2026-07-19 21:30:00,10436000,10457000,10434024,10454149,12.553
2026-07-19 21:45:00,10452559,10461632,10443938,10458883,4.989
2026-07-19 22:00:00,10458985,10462799,10444011,10447475,15.374
2026-07-19 22:15:00,10447475,10455649,10437285,10454594,7.633
2026-07-19 22:30:00,10454682,10465000,10453492,10458771,2.634
2026-07-19 22:45:00,10455752,10474800,10454073,10468350,6.818
2026-07-19 23:00:00,10467476,10479734,10466853,10475923,6.476
2026-07-19 23:15:00,10476701,10478433,10457150,10465709,6.611
2026-07-19 23:30:00,10464871,10478160,10461543,10474527,3.839
2026-07-19 23:45:00,10472615,10494633,10472527,10484643,5.591
2026-07-20 00:00:00,10484408,10488376,10471362,10481028,3.576
2026-07-20 00:15:00,10482297,10483868,10467212,10469222,4.456
2026-07-20 00:30:00,10467524,10482197,10466038,10479203,3.668
2026-07-20 00:45:00,10478982,10484507,10471798,10481494,4.446
2026-07-20 01:00:00,10482240,10490000,10464720,10473486,9.499
2026-07-20 01:15:00,10472428,10488204,10467088,10484292,7.64
2026-07-20 01:30:00,10484490,10486088,10471204,10484429,3.13
2026-07-20 01:45:00,10484419,10486677,10470960,10472898,1.534
2026-07-20 02:00:00,10474014,10498769,10452557,10498769,26.746
2026-07-20 02:15:00,10497182,10509479,10487680,10492196,6.78
2026-07-20 02:30:00,10490864,10504771,10480961,10486889,3.514
2026-07-20 02:45:00,10486262,10486376,10472915,10475854,4.69
2026-07-20 03:00:00,10475854,10476483,10434480,10463265,23.335
2026-07-20 03:15:00,10462874,10465954,10450633,10451249,6.479
2026-07-20 03:30:00,10449115,10460887,10442544,10455235,4.438
2026-07-20 03:45:00,10455451,10459299,10442958,10453510,7.434
2026-07-20 04:00:00,10453976,10460761,10442846,10456974,6.386
2026-07-20 04:15:00,10457451,10459488,10451116,10457055,1.148
2026-07-20 04:30:00,10456592,10458357,10452264,10452921,1.542
2026-07-20 04:45:00,10452177,10461182,10445677,10458675,3.498
2026-07-20 05:00:00,10461771,10476480,10461771,10467269,5.02
2026-07-20 05:15:00,10468491,10473547,10463040,10467520,4.108
2026-07-20 05:30:00,10467335,10474587,10465000,10468757,3.122
2026-07-20 05:45:00,10467719,10475649,10465280,10475649,4.974
2026-07-20 06:00:00,10475649,10481662,10468354,10478728,4.004
2026-07-20 06:15:00,10475858,10475872,10464806,10466804,1.993
2026-07-20 06:30:00,10466960,10467916,10443563,10445813,7.791
2026-07-20 06:45:00,10446543,10459301,10444003,10458560,4.562
2026-07-20 07:00:00,10454051,10505871,10450221,10500280,21.766
2026-07-20 07:15:00,10503359,10536938,10503359,10517977,20.371
2026-07-20 07:30:00,10518340,10527495,10506424,10523525,8.46
2026-07-20 07:45:00,10523329,10525386,10501700,10503927,6.859
2026-07-20 08:00:00,10505410,10511833,10485971,10506314,7.12
2026-07-20 08:15:00,10509149,10510682,10499513,10502488,3.682
2026-07-20 08:30:00,10504989,10521829,10500000,10514942,8.513
2026-07-20 08:45:00,10519631,10519632,10501666,10512000,3.474
2026-07-20 09:00:00,10512000,10563133,10486245,10556089,30.883
2026-07-20 09:15:00,10555197,10570000,10522434,10533944,21.93
2026-07-20 09:30:00,10532001,10543928,10521550,10524146,12.691
2026-07-20 09:45:00,10522286,10522959,10455094,10476159,22.621
2026-07-20 10:00:00,10477038,10550000,10470076,10514868,15.107
2026-07-20 10:15:00,10517017,10539000,10496804,10525734,17.702
2026-07-20 10:30:00,10523006,10534997,10499287,10508265,17.542
2026-07-20 10:45:00,10509252,10512087,10465768,10486000,9.706
2026-07-20 11:00:00,10487406,10534713,10486199,10514581,12.581
2026-07-20 11:15:00,10516362,10517141,10479437,10492475,19.747
2026-07-20 11:30:00,10491509,10528413,10491333,10523875,9.222
2026-07-20 11:45:00,10519762,10540000,10517406,10518337,7.723
2026-07-20 12:00:00,10518337,10527407,10508000,10522901,9.176
2026-07-20 12:15:00,10520887,10529521,10490000,10501403,13.068
2026-07-20 12:30:00,10497453,10530092,10496517,10530092,11.456
2026-07-20 12:45:00,10530000,10533105,10509172,10523745,7.331
2026-07-20 13:00:00,10523745,10526854,10500000,10501856,6.886
2026-07-20 13:15:00,10501856,10513323,10490499,10508792,6.572
2026-07-20 13:30:00,10511057,10519038,10498864,10503730,6.566
2026-07-20 13:45:00,10500121,10503087,10472654,10472654,13.318
2026-07-20 14:00:00,10475920,10477600,10400000,10425522,34.605
2026-07-20 14:15:00,10425000,10448366,10394917,10414438,18.805
2026-07-20 14:30:00,10414288,10426422,10403588,10419996,7.769
2026-07-20 14:45:00,10420487,10420487,10400327,10404625,10.837
2026-07-20 15:00:00,10408697,10420548,10398294,10420548,12.81
2026-07-20 15:15:00,10418948,10422515,10397398,10408717,11.653
2026-07-20 15:30:00,10406006,10409918,10344366,10351200,51.228
2026-07-20 15:45:00,10353683,10375002,10343899,10374623,39.645
2026-07-20 16:00:00,10372358,10389811,10372358,10382977,6.856
2026-07-20 16:15:00,10383092,10407347,10370385,10405673,12.17
2026-07-20 16:30:00,10406537,10413184,10395365,10413184,8.422
2026-07-20 16:45:00,10414291,10432207,10410787,10428164,14.62
2026-07-20 17:00:00,10427819,10444728,10420999,10428951,8.276
2026-07-20 17:15:00,10428627,10437569,10419567,10422885,19.752
2026-07-20 17:30:00,10420800,10426132,10360995,10374300,41.264
2026-07-20 17:45:00,10374724,10403865,10374415,10395370,12.386
2026-07-20 18:00:00,10396103,10404009,10389000,10403220,17.288
2026-07-20 18:15:00,10402878,10422441,10399162,10421724,19.142
2026-07-20 18:30:00,10421998,10433360,10419282,10425601,3.234
2026-07-20 18:45:00,10428972,10434341,10421810,10423106,5.66
2026-07-20 19:00:00,10422894,10429143,10412832,10428339,19.744
2026-07-20 19:15:00,10428434,10455529,10421600,10443006,15.527
2026-07-20 19:30:00,10441138,10441875,10426904,10438967,9.458
2026-07-20 19:45:00,10437110,10443399,10431808,10432623,6.852
2026-07-20 20:00:00,10434391,10458222,10428407,10448493,8.384
2026-07-20 20:15:00,10448522,10452154,10440020,10445091,18.543
2026-07-20 20:30:00,10441742,10533756,10441742,10509329,52.401
2026-07-20 20:45:00,10512158,10560000,10512158,10545016,31.03
2026-07-20 21:00:00,10544173,10545919,10500000,10506003,27.075
2026-07-20 21:15:00,10506879,10518568,10490889,10499612,13.12
2026-07-20 21:30:00,10498914,10507289,10482082,10483743,10.332
2026-07-20 21:45:00,10484872,10506369,10480998,10490859,6.893
2026-07-20 22:00:00,10492524,10508461,10486218,10498700,5.7
2026-07-20 22:15:00,10501203,10505000,10470880,10476667,7.978
2026-07-20 22:30:00,10475832,10511155,10465062,10493300,17.152
2026-07-20 22:45:00,10493383,10509937,10418116,10443291,43.584
2026-07-20 23:00:00,10443942,10471660,10437321,10443998,18.407
2026-07-20 23:15:00,10444617,10472080,10405000,10471110,26.968
2026-07-20 23:30:00,10471305,10483079,10449857,10464601,13.134
2026-07-20 23:45:00,10465327,10487115,10445651,10461004,15.335
2026-07-21 00:00:00,10461676,10555276,10459718,10550902,26.238
2026-07-21 00:15:00,10550700,10562999,10537360,10546732,16.73
2026-07-21 00:30:00,10549939,10609409,10526648,10592960,23.56
2026-07-21 00:45:00,10595764,10664545,10595764,10657145,70.715
2026-07-21 01:00:00,10657595,10662555,10622092,10643370,24.232
2026-07-21 01:15:00,10642732,10643220,10614800,10626039,7.862
2026-07-21 01:30:00,10628680,10646547,10614957,10616771,14.448
2026-07-21 01:45:00,10617117,10639509,10617117,10637598,5.338
2026-07-21 02:00:00,10637620,10643822,10626194,10634566,9.473
2026-07-21 02:15:00,10633107,10637243,10620205,10632180,6.174
2026-07-21 02:30:00,10632251,10632896,10607548,10608414,7.034
2026-07-21 02:45:00,10612732,10660000,10612732,10647309,18.774
2026-07-21 03:00:00,10647631,10684240,10642600,10669832,21.634
2026-07-21 03:15:00,10668974,10672000,10645640,10646335,12.386
2026-07-21 03:30:00,10644738,10645000,10613225,10613225,4.53
2026-07-21 03:45:00,10611752,10613806,10591053,10598863,16.791
2026-07-21 04:00:00,10596430,10602479,10575182,10577975,7.03
2026-07-21 04:15:00,10575459,10589562,10568858,10582544,11.992
2026-07-21 04:30:00,10578462,10585680,10560241,10572801,17.278
2026-07-21 04:45:00,10574407,10588508,10563840,10580476,24.63
2026-07-21 05:00:00,10583934,10594031,10566783,10590248,10.652
2026-07-21 05:15:00,10594004,10610334,10587091,10602359,6.646
2026-07-21 05:30:00,10602928,10628360,10601545,10606911,10.627
2026-07-21 05:45:00,10608110,10618716,10605840,10612530,7.248
2026-07-21 06:00:00,10612530,10612530,10601545,10604561,6.474
2026-07-21 06:15:00,10603539,10611341,10601920,10602580,5.51
2026-07-21 06:30:00,10604601,10627169,10604601,10613592,6.919
2026-07-21 06:45:00,10616148,10617203,10597552,10600846,6.948
2026-07-21 07:00:00,10599374,10600015,10577300,10588254,6.762
2026-07-21 07:15:00,10587278,10597324,10581329,10590158,7.69
2026-07-21 07:30:00,10590188,10594807,10568881,10576237,8.424
2026-07-21 07:45:00,10579235,10581611,10573545,10580119,3.154
2026-07-21 08:00:00,10579245,10595160,10575390,10582039,4.202
2026-07-21 08:15:00,10582640,10600075,10582640,10598686,6.372
2026-07-21 08:30:00,10599057,10602753,10590200,10592190,3.328
2026-07-21 08:45:00,10593000,10601828,10583245,10596565,7.426
2026-07-21 09:00:00,10596203,10596602,10580000,10591970,4.326
2026-07-21 09:15:00,10585803,10628240,10580640,10613546,17.092
2026-07-21 09:30:00,10612776,10648642,10612776,10639575,14.298
2026-07-21 09:45:00,10640929,10653650,10639325,10650639,8.894
2026-07-21 10:00:00,10648838,10663715,10630964,10646247,13.622
2026-07-21 10:15:00,10647654,10647654,10624087,10626355,11.658
2026-07-21 10:30:00,10626355,10635986,10607934,10611103,11.932
2026-07-21 10:45:00,10610954,10612684,10592723,10594334,8.026
2026-07-21 11:00:00,10596257,10625890,10592843,10605643,14.203
2026-07-21 11:15:00,10606464,10610000,10588306,10601545,9.36
2026-07-21 11:30:00,10601678,10618058,10600474,10612763,7.264
2026-07-21 11:45:00,10612135,10637282,10606723,10620720,9.148
2026-07-21 12:00:00,10621891,10643388,10620789,10636056,7.244
2026-07-21 12:15:00,10638132,10642980,10625000,10630000,19.111
2026-07-21 12:30:00,10628808,10638765,10624320,10636921,8.279
2026-07-21 12:45:00,10636682,10647650,10624903,10642927,10.943
2026-07-21 13:00:00,10641680,10671263,10637439,10650405,15.23
2026-07-21 13:15:00,10650320,10663000,10636364,10636991,6.836
2026-07-21 13:30:00,10637792,10647696,10633110,10643886,6.7
2026-07-21 13:45:00,10641397,10644387,10631279,10638356,4.314
2026-07-21 14:00:00,10637276,10645748,10633012,10644902,8.008
2026-07-21 14:15:00,10643860,10661811,10633592,10652255,9.086
2026-07-21 14:30:00,10654502,10666665,10646291,10659000,4.896
2026-07-21 14:45:00,10657525,10700000,10654208,10676107,26.767
2026-07-21 15:00:00,10675290,10689595,10657298,10677063,23.924
2026-07-21 15:15:00,10677001,10698240,10664337,10696776,15.427
2026-07-21 15:30:00,10692537,10717379,10690281,10714275,19.157
2026-07-21 15:45:00,10715599,10717173,10700331,10709195,9.42
2026-07-21 16:00:00,10705304,10715263,10700912,10712315,7.742
2026-07-21 16:15:00,10709998,10726573,10704509,10717210,8.0
2026-07-21 16:30:00,10717424,10746723,10715780,10729052,17.453
2026-07-21 16:45:00,10730560,10766151,10726777,10758674,26.901
2026-07-21 17:00:00,10757590,10775000,10744735,10772963,10.309
2026-07-21 17:15:00,10770336,10785391,10759153,10764168,12.552
2026-07-21 17:30:00,10762680,10789294,10758026,10779396,27.307
2026-07-21 17:45:00,10779995,10786119,10760646,10767108,7.723
2026-07-21 18:00:00,10764653,10769999,10752000,10763859,8.157
2026-07-21 18:15:00,10762460,10769624,10756836,10766614,7.966
2026-07-21 18:30:00,10768314,10782892,10764439,10774179,9.643
2026-07-21 18:45:00,10774843,10790000,10772720,10776904,12.193
2026-07-21 19:00:00,10778784,10796240,10772455,10789973,6.589
2026-07-21 19:15:00,10790505,10800000,10781484,10795412,10.835
2026-07-21 19:30:00,10794564,10799213,10779902,10788038,9.055
2026-07-21 19:45:00,10786896,10788078,10760000,10761191,15.672
2026-07-21 20:00:00,10760615,10779030,10753680,10771698,12.721
2026-07-21 20:15:00,10772294,10775234,10761896,10771357,7.799
2026-07-21 20:30:00,10773121,10790617,10771046,10788761,6.555
2026-07-21 20:45:00,10789982,10791384,10781680,10788000,4.828
2026-07-21 21:00:00,10789770,10808312,10775251,10797778,14.748
2026-07-21 21:15:00,10797743,10816991,10790000,10810772,15.696
2026-07-21 21:30:00,10811579,10845520,10805118,10824066,24.777
2026-07-21 21:45:00,10826168,10831765,10815169,10823777,7.915
2026-07-21 22:00:00,10825468,10842593,10815469,10837262,12.003
2026-07-21 22:15:00,10839461,10844899,10805696,10812868,10.226
2026-07-21 22:30:00,10809118,10831679,10792796,10798436,16.608
2026-07-21 22:45:00,10796034,10872958,10796034,10866633,27.648
2026-07-21 23:00:00,10864560,10899999,10859172,10896639,26.984
2026-07-21 23:15:00,10895529,10897419,10853008,10865936,23.495
2026-07-21 23:30:00,10870410,10895000,10856884,10884748,20.4
2026-07-21 23:45:00,10886084,10900000,10882480,10888433,17.798
2026-07-22 00:00:00,10890161,10890161,10859111,10859111,19.67
2026-07-22 00:15:00,10861986,10871009,10851756,10853014,11.203
2026-07-22 00:30:00,10852000,10867936,10835000,10850702,14.218
2026-07-22 00:45:00,10854076,10871650,10850000,10865502,7.173
2026-07-22 01:00:00,10863027,10878000,10848874,10855666,10.62
2026-07-22 01:15:00,10854806,10855465,10837748,10842186,8.95
2026-07-22 01:30:00,10839981,10859925,10835878,10844348,7.142
2026-07-22 01:45:00,10843602,10854795,10827894,10843773,5.878
2026-07-22 02:00:00,10845908,10848173,10826146,10830103,3.628
2026-07-22 02:15:00,10831431,10835052,10817364,10825110,6.08
2026-07-22 02:30:00,10826668,10837063,10817691,10835117,5.274
2026-07-22 02:45:00,10837404,10837697,10771600,10790911,32.675
2026-07-22 03:00:00,10792600,10822284,10774570,10811918,7.998
2026-07-22 03:15:00,10815674,10818035,10796379,10804251,2.558
2026-07-22 03:30:00,10803973,10820603,10782800,10813225,7.661
2026-07-22 03:45:00,10816426,10828988,10812914,10818549,5.916
2026-07-22 04:00:00,10819601,10830078,10811268,10816164,4.667
2026-07-22 04:15:00,10815790,10835000,10813624,10831850,4.468
2026-07-22 04:30:00,10830939,10849101,10829585,10842624,5.526
2026-07-22 04:45:00,10843995,10851285,10836009,10841952,5.972
2026-07-22 05:00:00,10842269,10846812,10828179,10839772,3.922
2026-07-22 05:15:00,10839052,10839052,10827641,10835532,2.09
2026-07-22 05:30:00,10837827,10850062,10836353,10845000,4.886
2026-07-22 05:45:00,10842912,10845000,10832172,10832737,6.14
2026-07-22 06:00:00,10833541,10835456,10817696,10833931,7.826
2026-07-22 06:15:00,10832765,10832765,10819228,10822300,1.856
2026-07-22 06:30:00,10820782,10828368,10816309,10826437,5.492
2026-07-22 06:45:00,10822621,10830440,10819912,10828845,5.198
2026-07-22 07:00:00,10828190,10830600,10815899,10816609,3.886
2026-07-22 07:15:00,10816119,10819342,10797920,10811572,5.466
2026-07-22 07:30:00,10808346,10822715,10807607,10819288,8.41
2026-07-22 07:45:00,10817764,10818606,10806830,10815613,4.452
2026-07-22 08:00:00,10814908,10814970,10801094,10810854,4.716
2026-07-22 08:15:00,10813368,10833561,10812642,10832431,5.274
2026-07-22 08:30:00,10831772,10842833,10828642,10835282,3.472
2026-07-22 08:45:00,10838796,10860464,10836469,10857511,11.636
2026-07-22 09:00:00,10858784,10874000,10852067,10871256,6.534
2026-07-22 09:15:00,10869878,10880355,10852475,10865694,13.128
2026-07-22 09:30:00,10865759,10880426,10861404,10876606,7.166
2026-07-22 09:45:00,10873119,10879989,10860000,10862662,7.733
2026-07-22 10:00:00,10861825,10869151,10837999,10840078,7.118
2026-07-22 10:15:00,10843883,10844359,10816913,10820651,12.769
2026-07-22 10:30:00,10820468,10833107,10810420,10822224,6.206
2026-07-22 10:45:00,10823826,10845370,10822549,10832520,7.372
2026-07-22 11:00:00,10831137,10841890,10822593,10837863,3.538
2026-07-22 11:15:00,10838077,10852393,10828827,10829099,13.0
2026-07-22 11:30:00,10827703,10827703,10810404,10823630,5.403
2026-07-22 11:45:00,10823285,10826274,10811000,10814958,4.316
2026-07-22 12:00:00,10812251,10824500,10792000,10794966,8.297
2026-07-22 12:15:00,10796132,10815134,10794048,10809220,4.03
2026-07-22 12:30:00,10809606,10815869,10798190,10807531,6.014
2026-07-22 12:45:00,10807328,10820000,10793589,10798368,7.85
2026-07-22 13:00:00,10798035,10822605,10796801,10821301,4.06
2026-07-22 13:15:00,10821196,10833212,10819425,10824154,7.522
2026-07-22 13:30:00,10825310,10836997,10815972,10834963,7.39
2026-07-22 13:45:00,10832662,10832662,10822431,10830000,4.458
2026-07-22 14:00:00,10830720,10832241,10806030,10813500,4.581
2026-07-22 14:15:00,10812923,10814160,10769820,10779511,14.062
2026-07-22 14:30:00,10778692,10789719,10762228,10764291,8.193
2026-07-22 14:45:00,10762167,10774062,10755000,10758836,16.126
2026-07-22 15:00:00,10759454,10765538,10740668,10757740,12.022
2026-07-22 15:15:00,10756595,10756595,10733639,10740141,19.925
2026-07-22 15:30:00,10739263,10764712,10734748,10759819,5.98
2026-07-22 15:45:00,10756023,10757505,10747240,10752388,3.062
2026-07-22 16:00:00,10752377,10755419,10741954,10746129,9.259
2026-07-22 16:15:00,10748071,10752318,10736880,10749236,9.376
2026-07-22 16:30:00,10747537,10747537,10698240,10713380,45.094
2026-07-22 16:45:00,10715950,10726151,10712358,10725211,8.257
2026-07-22 17:00:00,10725135,10763231,10725135,10757891,9.499
2026-07-22 17:15:00,10759134,10783721,10755967,10759803,9.964
2026-07-22 17:30:00,10761901,10768800,10736320,10741485,9.598
2026-07-22 17:45:00,10741454,10753333,10741454,10745295,4.98
2026-07-22 18:00:00,10745915,10761111,10742683,10753294,5.044
2026-07-22 18:15:00,10753527,10763411,10750000,10756175,6.166
2026-07-22 18:30:00,10756236,10756236,10725886,10733097,12.866
2026-07-22 18:45:00,10735015,10749090,10730420,10746854,6.02
2026-07-22 19:00:00,10746907,10750450,10739057,10745307,6.796
2026-07-22 19:15:00,10745476,10755220,10743976,10751404,3.318
2026-07-22 19:30:00,10751840,10759247,10749007,10755093,11.018
2026-07-22 19:45:00,10755320,10778320,10755320,10763037,18.273
2026-07-22 20:00:00,10759997,10768144,10758412,10758412,6.35
2026-07-22 20:15:00,10757203,10770511,10749532,10766903,7.636
2026-07-22 20:30:00,10762393,10769584,10740726,10743688,10.634
2026-07-22 20:45:00,10742875,10769360,10741059,10761267,8.321
2026-07-22 21:00:00,10761907,10762021,10735025,10740410,7.616
2026-07-22 21:15:00,10742528,10745050,10730930,10738773,4.032
2026-07-22 21:30:00,10741372,10743728,10721472,10721581,7.936
2026-07-22 21:45:00,10720923,10729573,10688258,10707299,22.445
2026-07-22 22:00:00,10706400,10710123,10695155,10707200,8.964
2026-07-22 22:15:00,10706000,10707630,10689502,10698349,6.946
2026-07-22 22:30:00,10700000,10743143,10690960,10738569,16.69
2026-07-22 22:45:00,10741041,10753962,10726278,10751987,22.288
2026-07-22 23:00:00,10748694,10793440,10742574,10743320,28.28
2026-07-22 23:15:00,10741885,10741885,10694874,10699216,15.79
2026-07-22 23:30:00,10700481,10735343,10694561,10701989,12.88
2026-07-22 23:45:00,10703067,10728944,10697822,10724460,6.258
2026-07-23 00:00:00,10727280,10755492,10726459,10751314,20.482
2026-07-23 00:15:00,10748025,10780000,10741260,10771071,22.3
2026-07-23 00:30:00,10773191,10778285,10751291,10759920,16.874
2026-07-23 00:45:00,10763820,10769170,10750772,10765395,9.928
2026-07-23 01:00:00,10765104,10783139,10758314,10778388,11.65
2026-07-23 01:15:00,10778281,10778281,10746533,10762695,15.794
2026-07-23 01:30:00,10760401,10826473,10760226,10807761,41.635
2026-07-23 01:45:00,10807245,10807854,10780020,10795371,10.133
2026-07-23 02:00:00,10796632,10806878,10785132,10788906,7.834
2026-07-23 02:15:00,10786698,10787492,10754692,10764455,6.042
2026-07-23 02:30:00,10761158,10793272,10759674,10790475,3.898
2026-07-23 02:45:00,10790468,10800445,10765290,10766938,13.23
2026-07-23 03:00:00,10767921,10776479,10757667,10757963,4.118
2026-07-23 03:15:00,10757611,10770364,10735061,10745040,11.58
2026-07-23 03:30:00,10742716,10742716,10719465,10726533,7.906
2026-07-23 03:45:00,10725421,10753790,10721440,10746959,7.55
2026-07-23 04:00:00,10748133,10752667,10715512,10731071,8.572
2026-07-23 04:15:00,10729379,10754443,10726186,10750657,4.048
2026-07-23 04:30:00,10750937,10756995,10744692,10744692,3.494
2026-07-23 04:45:00,10743625,10756201,10741201,10752092,5.218
2026-07-23 05:00:00,10750171,10757294,10729772,10752605,12.786
2026-07-23 05:15:00,10753734,10759665,10744749,10752288,5.97
2026-07-23 05:30:00,10750826,10754980,10747158,10754890,2.81
2026-07-23 05:45:00,10754739,10756388,10747247,10752934,2.726
2026-07-23 06:00:00,10751405,10755420,10747597,10750813,4.262
2026-07-23 06:15:00,10750810,10752571,10743629,10747009,1.55
2026-07-23 06:30:00,10747455,10784587,10747455,10781645,7.866
2026-07-23 06:45:00,10781755,10785646,10766527,10770859,4.944
2026-07-23 07:00:00,10773493,10774661,10756629,10760637,6.352
2026-07-23 07:15:00,10762721,10767078,10750925,10765854,3.18
2026-07-23 07:30:00,10763006,10765931,10751425,10760135,2.71
2026-07-23 07:45:00,10756567,10774311,10755470,10769486,8.404
2026-07-23 08:00:00,10771844,10776948,10741105,10746981,10.428
2026-07-23 08:15:00,10748737,10763372,10736541,10759647,10.898
2026-07-23 08:30:00,10760434,10762745,10753676,10759498,3.842
2026-07-23 08:45:00,10758505,10784307,10758505,10777565,6.392
2026-07-23 09:00:00,10778788,10804474,10768511,10792055,19.105
2026-07-23 09:15:00,10792853,10810681,10786000,10801000,10.5
2026-07-23 09:30:00,10801000,10809774,10785782,10785867,13.546
2026-07-23 09:45:00,10788404,10796322,10768836,10771268,13.133
2026-07-23 10:00:00,10769693,10799577,10763703,10768994,18.043
2026-07-23 10:15:00,10768239,10770100,10747193,10753995,17.8
2026-07-23 10:30:00,10754240,10755920,10720011,10728199,19.54
2026-07-23 10:45:00,10728192,10739905,10725064,10734443,6.732
2026-07-23 11:00:00,10733097,10737564,10720000,10720000,4.846
2026-07-23 11:15:00,10720000,10725732,10706355,10719607,7.264
2026-07-23 11:30:00,10721729,10735536,10717409,10728614,4.439
2026-07-23 11:45:00,10728117,10736320,10723946,10731467,7.574
2026-07-23 12:00:00,10732653,10733834,10696559,10705536,13.667
2026-07-23 12:15:00,10703485,10711170,10695000,10703601,10.799
2026-07-23 12:30:00,10702086,10714255,10700203,10710000,4.08
2026-07-23 12:45:00,10711302,10712703,10694636,10706369,10.157
2026-07-23 13:00:00,10707587,10710000,10694000,10705930,6.234
2026-07-23 13:15:00,10708801,10718226,10701486,10709451,3.585
2026-07-23 13:30:00,10710560,10711291,10698152,10698693,5.004
2026-07-23 13:45:00,10697807,10707648,10697226,10700820,5.832
2026-07-23 14:00:00,10702720,10707195,10694348,10705536,2.86
2026-07-23 14:15:00,10704173,10720078,10700297,10720078,2.244
2026-07-23 14:30:00,10720803,10730686,10714810,10720662,4.144
2026-07-23 14:45:00,10721629,10725645,10701710,10713912,6.86
2026-07-23 15:00:00,10712682,10720078,10700827,10708976,5.536
2026-07-23 15:15:00,10711154,10720462,10701468,10720462,4.49
2026-07-23 15:30:00,10719181,10727015,10714943,10722859,2.772
2026-07-23 15:45:00,10723166,10732191,10723166,10730085,3.46
2026-07-23 16:00:00,10728970,10729134,10661166,10677770,28.553
2026-07-23 16:15:00,10680868,10684211,10671920,10676368,13.395
2026-07-23 16:30:00,10675652,10682749,10672470,10678080,7.36
2026-07-23 16:45:00,10675281,10692741,10673927,10689045,12.5
2026-07-23 17:00:00,10687469,10710224,10684571,10705278,8.375
2026-07-23 17:15:00,10705988,10715479,10699838,10714723,4.529
2026-07-23 17:30:00,10715000,10730000,10715000,10721469,8.683
2026-07-23 17:45:00,10723450,10725312,10713920,10717632,5.399
2026-07-23 18:00:00,10716160,10733464,10711120,10725055,6.88
2026-07-23 18:15:00,10724414,10738154,10723770,10730858,4.254
2026-07-23 18:30:00,10730858,10736340,10726405,10732760,2.418
2026-07-23 18:45:00,10733272,10736148,10717270,10723594,11.248
2026-07-23 19:00:00,10724275,10737774,10713576,10733737,5.706
2026-07-23 19:15:00,10736010,10742378,10729673,10740829,4.648
2026-07-23 19:30:00,10739892,10749817,10739098,10749078,5.861
2026-07-23 19:45:00,10749078,10749460,10735981,10741842,11.704
2026-07-23 20:00:00,10740302,10743091,10728855,10734037,3.872
2026-07-23 20:15:00,10734609,10735638,10722176,10725399,3.971
2026-07-23 20:30:00,10725399,10730254,10719837,10721017,7.304
2026-07-23 20:45:00,10723901,10726239,10710885,10716826,16.147
2026-07-23 21:00:00,10716077,10720067,10696260,10705999,9.917
2026-07-23 21:15:00,10702137,10712310,10690247,10696731,10.349
2026-07-23 21:30:00,10696305,10696718,10657911,10662400,27.352
2026-07-23 21:45:00,10660296,10680254,10633847,10666888,50.916
2026-07-23 22:00:00,10665800,10677542,10647811,10653069,11.796
2026-07-23 22:15:00,10652815,10661398,10640852,10650099,10.156
2026-07-23 22:30:00,10651199,10673556,10634120,10659711,31.787
2026-07-23 22:45:00,10660094,10666320,10622102,10630592,44.305
2026-07-23 23:00:00,10630592,10664436,10620000,10653453,14.094
2026-07-23 23:15:00,10652211,10682237,10649026,10667204,11.359
2026-07-23 23:30:00,10672322,10682846,10650640,10653000,8.274
2026-07-23 23:45:00,10651795,10654967,10626813,10637753,10.952
2026-07-24 00:00:00,10635774,10640296,10600000,10609339,15.948
2026-07-24 00:15:00,10606525,10636414,10605371,10623222,9.607
2026-07-24 00:30:00,10623124,10639177,10616168,10629297,7.88
2026-07-24 00:45:00,10626373,10649072,10620488,10635079,9.264
2026-07-24 01:00:00,10634322,10634322,10611863,10621217,6.162
2026-07-24 01:15:00,10621379,10623236,10600000,10612787,10.066
2026-07-24 01:30:00,10611569,10611569,10594120,10599726,10.903
2026-07-24 01:45:00,10599155,10614167,10596246,10600052,3.17
2026-07-24 02:00:00,10600305,10607863,10594740,10599052,6.885
2026-07-24 02:15:00,10601560,10618023,10595393,10612607,9.754
2026-07-24 02:30:00,10612451,10621862,10608119,10613565,8.959
2026-07-24 02:45:00,10613341,10622033,10588011,10592439,10.423
2026-07-24 03:00:00,10594900,10604388,10591983,10598491,5.276
2026-07-24 03:15:00,10598979,10613220,10593995,10611666,9.722
2026-07-24 03:30:00,10612682,10622000,10605597,10609766,3.318
2026-07-24 03:45:00,10614291,10633058,10610572,10611390,7.714
2026-07-24 04:00:00,10615189,10626481,10597518,10607843,7.048
2026-07-24 04:15:00,10606898,10626013,10603365,10622954,8.047
2026-07-24 04:30:00,10625772,10630000,10598278,10601786,4.97
2026-07-24 04:45:00,10603570,10619536,10593105,10616433,8.0
2026-07-24 05:00:00,10614203,10649676,10613735,10647431,10.279
2026-07-24 05:15:00,10647050,10671405,10647050,10664305,7.556
2026-07-24 05:30:00,10666479,10670263,10660228,10666158,9.39
2026-07-24 05:45:00,10666396,10673260,10664229,10669076,2.36
2026-07-24 06:00:00,10669874,10680000,10647557,10651461,5.268
2026-07-24 06:15:00,10651701,10668426,10646301,10663263,5.784
2026-07-24 06:30:00,10662372,10662372,10649529,10658457,9.546
2026-07-24 06:45:00,10659856,10669385,10657639,10668286,5.648
2026-07-24 07:00:00,10670999,10679427,10656276,10659157,6.756
2026-07-24 07:15:00,10660969,10676481,10644651,10668612,7.02
2026-07-24 07:30:00,10666067,10681017,10665885,10679203,4.746
2026-07-24 07:45:00,10677567,10678617,10665962,10675274,4.766
2026-07-24 08:00:00,10675274,10679697,10667169,10673734,3.951
2026-07-24 08:15:00,10674314,10680529,10668541,10672149,4.784
2026-07-24 08:30:00,10673398,10677632,10667580,10673600,1.776
2026-07-24 08:45:00,10672024,10674352,10654333,10660804,3.842
2026-07-24 09:00:00,10661565,10667120,10626656,10630963,13.912
2026-07-24 09:15:00,10633635,10643874,10628583,10631146,7.22
2026-07-24 09:30:00,10630101,10636640,10611022,10627177,12.894
2026-07-24 09:45:00,10627788,10644514,10627788,10641741,5.542
2026-07-24 10:00:00,10642010,10668000,10636807,10654160,10.689
2026-07-24 10:15:00,10651000,10661941,10640888,10646815,7.326
2026-07-24 10:30:00,10647862,10666779,10647721,10655319,5.584
2026-07-24 10:45:00,10656722,10662835,10649520,10655052,10.652
2026-07-24 11:00:00,10654763,10668836,10650000,10664354,7.348
2026-07-24 11:15:00,10663821,10667872,10651634,10665392,10.102
2026-07-24 11:30:00,10664602,10668112,10627598,10651440,6.507
2026-07-24 11:45:00,10650534,10658589,10630535,10658227,7.996
2026-07-24 12:00:00,10657215,10693959,10651867,10691338,16.724
2026-07-24 12:15:00,10692000,10710437,10692000,10702000,13.573
2026-07-24 12:30:00,10702026,10710275,10689665,10709622,5.906
2026-07-24 12:45:00,10707820,10717866,10706193,10714944,6.919
2026-07-24 13:00:00,10715000,10717907,10703453,10707375,7.889
2026-07-24 13:15:00,10705470,10716886,10699090,10713330,6.894
2026-07-24 13:30:00,10712187,10713707,10693760,10700239,5.289
2026-07-24 13:45:00,10700259,10702780,10691520,10699000,13.021
2026-07-24 14:00:00,10699242,10710378,10687456,10704320,8.934
2026-07-24 14:15:00,10702296,10708268,10697120,10700285,10.983
2026-07-24 14:30:00,10698241,10699677,10688340,10695278,4.313
2026-07-24 14:45:00,10695877,10700807,10692080,10698964,7.348
2026-07-24 15:00:00,10700056,10710000,10692115,10709083,9.025
2026-07-24 15:15:00,10708314,10728874,10704400,10721688,16.671
2026-07-24 15:30:00,10722333,10731840,10711380,10721635,8.931
2026-07-24 15:45:00,10723656,10727387,10717320,10725320,7.533
2026-07-24 16:00:00,10727465,10767598,10726153,10766667,19.248
2026-07-24 16:15:00,10765605,10773619,10750000,10753120,27.035
2026-07-24 16:30:00,10754001,10765000,10711162,10711162,30.233
2026-07-24 16:45:00,10712309,10737267,10711123,10735282,7.739
2026-07-24 17:00:00,10735282,10737879,10721096,10723719,5.41
2026-07-24 17:15:00,10723719,10732195,10701061,10714933,7.016
2026-07-24 17:30:00,10716579,10729498,10716037,10728224,8.036
2026-07-24 17:45:00,10729382,10730000,10700253,10700253,9.044
2026-07-24 18:00:00,10702588,10705985,10660000,10660088,13.52
2026-07-24 18:15:00,10660163,10665037,10642778,10649539,10.52
2026-07-24 18:30:00,10649060,10671202,10647398,10667226,7.343
2026-07-24 18:45:00,10665327,10676400,10664719,10667923,6.456
2026-07-24 19:00:00,10668351,10674214,10648000,10650083,9.625
2026-07-24 19:15:00,10649039,10655108,10644143,10653000,6.972
2026-07-24 19:30:00,10653983,10661840,10652000,10655399,6.565
2026-07-24 19:45:00,10655276,10659083,10633355,10646550,6.032
2026-07-24 20:00:00,10646386,10658758,10639551,10654631,6.83
2026-07-24 20:15:00,10652827,10664293,10649272,10659024,9.586
2026-07-24 20:30:00,10658681,10660945,10641011,10641412,7.456
2026-07-24 20:45:00,10641000,10668128,10627761,10660438,21.914
2026-07-24 21:00:00,10660433,10667072,10647931,10661390,7.322
2026-07-24 21:15:00,10661391,10673373,10655000,10658061,6.676
2026-07-24 21:30:00,10656368,10662900,10640153,10641014,4.478
2026-07-24 21:45:00,10640392,10646027,10606141,10612361,26.169
2026-07-24 22:00:00,10613379,10618151,10548000,10550421,43.662
2026-07-24 22:15:00,10550000,10577256,10548000,10555871,11.354
2026-07-24 22:30:00,10556921,10558563,10524395,10553661,33.578
2026-07-24 22:45:00,10552625,10562417,10472824,10513525,36.374
2026-07-24 23:00:00,10513720,10519150,10460800,10484106,30.85
2026-07-24 23:15:00,10483000,10485647,10438317,10462336,28.354
2026-07-24 23:30:00,10461155,10465951,10451000,10456430,7.572
2026-07-24 23:45:00,10455833,10491874,10431387,10491874,21.124
2026-07-25 00:00:00,10490000,10500000,10460164,10496636,8.594
2026-07-25 00:15:00,10497336,10508400,10471731,10498216,14.639
2026-07-25 00:30:00,10498008,10532447,10485660,10506425,30.299
2026-07-25 00:45:00,10506043,10514418,10488993,10495847,10.296
2026-07-25 01:00:00,10494608,10512007,10481888,10502071,7.872
2026-07-25 01:15:00,10504688,10507967,10493511,10498844,5.452
2026-07-25 01:30:00,10496459,10498766,10473026,10473463,8.326
2026-07-25 01:45:00,10472247,10484276,10464125,10477536,4.552
2026-07-25 02:00:00,10477576,10486402,10471900,10477882,9.01
2026-07-25 02:15:00,10477670,10512901,10475488,10505311,13.444
2026-07-25 02:30:00,10503384,10524230,10500922,10514035,11.486
2026-07-25 02:45:00,10514774,10518482,10507894,10516022,3.93
2026-07-25 03:00:00,10515472,10520607,10511431,10516279,4.288
2026-07-25 03:15:00,10518375,10521608,10506717,10511778,3.462
2026-07-25 03:30:00,10513782,10516174,10505460,10511541,9.326
2026-07-25 03:45:00,10511916,10531596,10509790,10530081,6.262
2026-07-25 04:00:00,10529259,10531418,10508473,10510781,10.088
2026-07-25 04:15:00,10511978,10521471,10511978,10519628,2.652
2026-07-25 04:30:00,10520168,10533533,10513682,10531657,11.828
2026-07-25 04:45:00,10531661,10532762,10516705,10527571,6.236
2026-07-25 05:00:00,10526634,10536669,10521495,10522152,3.146
2026-07-25 05:15:00,10522608,10534645,10520585,10531467,3.136
2026-07-25 05:30:00,10527497,10528713,10512854,10518002,12.698
2026-07-25 05:45:00,10518481,10522011,10511738,10518937,4.548
2026-07-25 06:00:00,10515901,10526921,10513000,10519037,3.824
2026-07-25 06:15:00,10519000,10523509,10513682,10519999,5.893
2026-07-25 06:30:00,10519897,10524640,10513000,10517220,8.885
2026-07-25 06:45:00,10517220,10522500,10510878,10514570,4.446
2026-07-25 07:00:00,10513939,10519263,10510000,10515697,6.674
2026-07-25 07:15:00,10514141,10519309,10512233,10516179,5.688
2026-07-25 07:30:00,10517908,10524507,10515977,10519140,2.572
2026-07-25 07:45:00,10518516,10519853,10513953,10515512,1.968
2026-07-25 08:00:00,10514288,10518055,10512006,10513525,3.102
2026-07-25 08:15:00,10513446,10515003,10509335,10514358,4.55
2026-07-25 08:30:00,10514669,10517644,10510000,10515855,3.804
2026-07-25 08:45:00,10515654,10515654,10508740,10512196,1.702
2026-07-25 09:00:00,10512778,10512778,10512778,10512778,0.002
2026-07-25 11:00:00,10510540,10512880,10500000,10504406,2.912
2026-07-25 11:15:00,10503476,10503531,10494902,10498558,4.246
2026-07-25 11:30:00,10499598,10500000,10493026,10497610,2.73
2026-07-25 11:45:00,10494834,10496549,10487588,10491500,5.398
2026-07-25 12:00:00,10493307,10496666,10488505,10491317,4.236
2026-07-25 12:15:00,10491258,10498921,10491205,10495985,3.82
2026-07-25 12:30:00,10494183,10500000,10491745,10496398,2.402
2026-07-25 12:45:00,10496764,10498299,10490993,10496511,3.724
2026-07-25 13:00:00,10496299,10500000,10495459,10500000,9.005
2026-07-25 13:15:00,10500000,10501138,10495913,10500737,5.264
2026-07-25 13:30:00,10500754,10520000,10496939,10513939,4.736
2026-07-25 13:45:00,10514776,10520000,10506787,10515408,4.14
2026-07-25 14:00:00,10514277,10516924,10505668,10506630,3.552
2026-07-25 14:15:00,10509564,10510237,10507214,10510237,1.54
2026-07-25 14:30:00,10508937,10509970,10489103,10490168,5.036
2026-07-25 14:45:00,10489894,10491435,10480631,10484848,5.22
2026-07-25 15:00:00,10484925,10490738,10480394,10489692,2.216
2026-07-25 15:15:00,10490253,10491042,10476873,10480431,5.332
2026-07-25 15:30:00,10480789,10486281,10473680,10479395,5.704
2026-07-25 15:45:00,10479204,10481027,10472876,10480848,2.146
2026-07-25 16:00:00,10481745,10485215,10479531,10481474,3.27
2026-07-25 16:15:00,10481684,10488482,10480000,10486241,3.324
2026-07-25 16:30:00,10485476,10488305,10482184,10485499,1.674
2026-07-25 16:45:00,10487252,10489856,10482811,10485930,2.31
2026-07-25 17:00:00,10486106,10488101,10475881,10481591,5.834
2026-07-25 17:15:00,10482999,10486728,10481011,10486728,2.414
2026-07-25 17:30:00,10486726,10489507,10481255,10481779,1.41
2026-07-25 17:45:00,10482337,10483491,10456410,10469754,9.906
2026-07-25 18:00:00,10470000,10476000,10462626,10468448,4.066
2026-07-25 18:15:00,10468784,10482684,10468672,10482684,8.224
2026-07-25 18:30:00,10480815,10481889,10475867,10479671,4.776
2026-07-25 18:45:00,10479524,10492000,10479524,10488020,4.312
2026-07-25 19:00:00,10490000,10493680,10488205,10493641,2.934
2026-07-25 19:15:00,10493967,10495000,10490688,10491250,1.952
2026-07-25 19:30:00,10491060,10495229,10488253,10492939,3.582
2026-07-25 19:45:00,10492939,10499384,10489918,10499384,6.77
2026-07-25 20:00:00,10497631,10505032,10494000,10498719,3.03
2026-07-25 20:15:00,10498617,10503458,10495115,10501200,5.574
2026-07-25 20:30:00,10501881,10507014,10493580,10500238,9.208
2026-07-25 20:45:00,10498449,10502704,10495393,10500251,3.362
2026-07-25 21:00:00,10500758,10502723,10496473,10500196,4.74
2026-07-25 21:15:00,10501405,10502064,10494601,10498090,5.228
2026-07-25 21:30:00,10497672,10505626,10497000,10504975,3.212
2026-07-25 21:45:00,10505348,10509763,10502140,10508856,3.524
2026-07-25 22:00:00,10508856,10512951,10506478,10506478,5.969
2026-07-25 22:15:00,10509076,10511263,10503000,10509478,3.136
2026-07-25 22:30:00,10509626,10519026,10503747,10517045,4.71
2026-07-25 22:45:00,10518259,10529281,10509276,10514958,8.364
2026-07-25 23:00:00,10512905,10516680,10497200,10514483,12.715
2026-07-25 23:15:00,10516282,10516610,10508910,10510016,4.994
2026-07-25 23:30:00,10509905,10517775,10509685,10517775,3.968
2026-07-25 23:45:00,10516275,10523728,10514129,10522151,3.188
2026-07-26 00:00:00,10522500,10527452,10516378,10525057,9.502
2026-07-26 00:15:00,10526471,10530000,10521314,10522056,11.202
2026-07-26 00:30:00,10522602,10526185,10514805,10524362,10.988
2026-07-26 00:45:00,10524001,10524640,10516662,10519460,3.287
2026-07-26 01:00:00,10519536,10524080,10508147,10519707,9.377
2026-07-26 01:15:00,10519651,10524175,10498320,10507102,12.298
2026-07-26 01:30:00,10507614,10518336,10504357,10517635,4.134
2026-07-26 01:45:00,10516786,10523394,10515208,10518281,2.364
2026-07-26 02:00:00,10518141,10522419,10514470,10519025,0.986
2026-07-26 02:15:00,10520587,10527433,10520587,10524608,2.964
2026-07-26 02:30:00,10524608,10533628,10522542,10526237,6.167
2026-07-26 02:45:00,10526709,10546353,10523000,10526188,4.156
2026-07-26 03:00:00,10525470,10551189,10525302,10539829,8.062
2026-07-26 03:15:00,10539150,10552152,10537806,10549378,3.904
2026-07-26 03:30:00,10550078,10555494,10543024,10546626,4.756
2026-07-26 03:45:00,10545985,10558374,10543680,10552554,11.059
2026-07-26 04:00:00,10553468,10557344,10548501,10553340,4.932
2026-07-26 04:15:00,10550455,10555501,10547007,10552826,1.85
2026-07-26 04:30:00,10550818,10553805,10548159,10551659,3.942
2026-07-26 04:45:00,10551082,10558068,10540320,10551838,7.801
2026-07-26 05:00:00,10549915,10551472,10537974,10544714,6.69
2026-07-26 05:15:00,10543714,10546482,10538295,10542658,4.418
2026-07-26 05:30:00,10542790,10542812,10531241,10532784,3.602
2026-07-26 05:45:00,10532417,10538835,10528405,10532161,7.237
2026-07-26 06:00:00,10533010,10536876,10526888,10528513,4.252
2026-07-26 06:15:00,10528448,10532397,10523691,10530316,4.154
2026-07-26 06:30:00,10530316,10544924,10529732,10540034,4.334
2026-07-26 06:45:00,10540034,10553959,10538034,10539657,7.459
2026-07-26 07:00:00,10538825,10547885,10538825,10547655,4.28
2026-07-26 07:15:00,10546795,10550766,10541160,10544320,4.974
2026-07-26 07:30:00,10544320,10549551,10539448,10549551,2.282
2026-07-26 07:45:00,10548297,10554855,10536400,10551230,9.224
2026-07-26 08:00:00,10551020,10556022,10544800,10552954,7.952
2026-07-26 08:15:00,10554114,10554950,10544998,10552000,3.558
2026-07-26 08:30:00,10551492,10557612,10547050,10547900,4.762
2026-07-26 08:45:00,10547794,10552877,10543605,10548371,2.912
2026-07-26 09:00:00,10547017,10559566,10543000,10555571,3.81
2026-07-26 09:15:00,10555275,10567086,10554165,10562358,3.388
2026-07-26 09:30:00,10559531,10563714,10553127,10553884,3.286
2026-07-26 09:45:00,10554139,10565639,10551993,10565639,4.072
2026-07-26 10:00:00,10566301,10570000,10559528,10565818,6.206
2026-07-26 10:15:00,10567796,10567796,10560898,10564390,1.636
2026-07-26 10:30:00,10564523,10568294,10552640,10563681,6.484
2026-07-26 10:45:00,10564159,10565970,10555434,10560095,5.236
2026-07-26 11:00:00,10560936,10561215,10552000,10559330,3.902
2026-07-26 11:15:00,10559905,10562196,10551772,10559483,6.314
2026-07-26 11:30:00,10561247,10562712,10552310,10554542,2.276
2026-07-26 11:45:00,10554543,10570000,10553793,10566634,1.788
2026-07-26 12:00:00,10568076,10575930,10558909,10573408,7.232
2026-07-26 12:15:00,10574574,10575235,10566310,10570618,5.059
2026-07-26 12:30:00,10569237,10576110,10568001,10568136,4.17
2026-07-26 12:45:00,10569065,10572655,10563726,10568183,4.506
2026-07-26 13:00:00,10568183,10568961,10560567,10564077,1.75
2026-07-26 13:15:00,10563293,10570000,10558423,10567551,5.032
2026-07-26 13:30:00,10569976,10571281,10563840,10571073,1.657
2026-07-26 13:45:00,10571358,10574789,10563000,10564785,4.495
2026-07-26 14:00:00,10564243,10565478,10560264,10562535,3.558
2026-07-26 14:15:00,10563767,10564081,10559000,10559857,4.768
2026-07-26 14:30:00,10560700,10562391,10549000,10557645,7.928
2026-07-26 14:45:00,10556240,10556646,10548224,10549297,8.445
2026-07-26 15:00:00,10550829,10556802,10539000,10543900,12.218
2026-07-26 15:15:00,10543898,10544969,10527578,10532866,9.293
2026-07-26 15:30:00,10529892,10548720,10529081,10548720,9.138
2026-07-26 15:45:00,10547623,10561040,10545967,10552787,4.579
2026-07-26 16:00:00,10552787,10558474,10542319,10549888,7.046
2026-07-26 16:15:00,10547325,10551828,10539748,10541210,2.016
2026-07-26 16:30:00,10541061,10543557,10536362,10538103,6.582
2026-07-26 16:45:00,10538272,10542175,10536370,10539430,1.802
2026-07-26 17:00:00,10540104,10544840,10534365,10542616,4.878
2026-07-26 17:15:00,10543382,10548156,10539749,10544424,5.256
2026-07-26 17:30:00,10544864,10555000,10542058,10552522,3.566
2026-07-26 17:45:00,10553288,10559763,10552539,10557239,3.36
2026-07-26 18:00:00,10559237,10564124,10555957,10560000,3.696
2026-07-26 18:15:00,10560000,10571839,10557814,10568246,5.734
2026-07-26 18:30:00,10568403,10570001,10561539,10565690,8.114
2026-07-26 18:45:00,10565595,10568900,10563575,10565754,3.757
2026-07-26 19:00:00,10567864,10567864,10562625,10565811,1.398
2026-07-26 19:15:00,10562677,10566350,10560572,10564656,4.524
2026-07-26 19:30:00,10564087,10570134,10562893,10568547,2.288
2026-07-26 19:45:00,10570143,10575000,10561034,10564797,7.992
2026-07-26 20:00:00,10565181,10567436,10557680,10561432,10.059
2026-07-26 20:15:00,10559982,10566000,10558936,10560887,2.33
2026-07-26 20:30:00,10559633,10561485,10555704,10559940,2.8
2026-07-26 20:45:00,10560000,10562000,10558240,10562000,4.437
2026-07-26 21:00:00,10562000,10587535,10561291,10574391,13.038
2026-07-26 21:15:00,10576126,10578725,10560480,10572396,8.211
2026-07-26 21:30:00,10570749,10572727,10558000,10561563,10.955
2026-07-26 21:45:00,10561563,10563093,10552312,10557734,12.242
2026-07-26 22:00:00,10556115,10558853,10549026,10550725,7.188
2026-07-26 22:15:00,10552079,10566024,10551468,10558474,10.54
2026-07-26 22:30:00,10557974,10571669,10551640,10571669,6.518
2026-07-26 22:45:00,10571481,10574380,10560501,10565745,5.454
2026-07-26 23:00:00,10565787,10602480,10565180,10594435,19.277
2026-07-26 23:15:00,10590485,10592037,10578790,10582020,6.914
2026-07-26 23:30:00,10583503,10602242,10580515,10593501,8.476
2026-07-26 23:45:00,10591994,10605000,10589626,10595876,6.59
2026-07-27 00:00:00,10596206,10607129,10586907,10590726,8.596
2026-07-27 00:15:00,10590726,10607160,10590726,10603700,9.233
2026-07-27 00:30:00,10603522,10616404,10599434,10609175,5.318
2026-07-27 00:45:00,10609894,10609894,10598789,10605561,4.354
2026-07-27 01:00:00,10604007,10610795,10590000,10595379,4.224
2026-07-27 01:15:00,10595033,10609522,10593962,10607497,5.437
2026-07-27 01:30:00,10607101,10628843,10606850,10611143,7.6
2026-07-27 01:45:00,10610560,10614244,10597408,10598344,5.671
2026-07-27 02:00:00,10595951,10609172,10590000,10605624,9.66
2026-07-27 02:15:00,10607657,10611861,10597523,10599787,3.398
2026-07-27 02:30:00,10601481,10606643,10593169,10595649,3.068
2026-07-27 02:45:00,10595482,10598529,10590483,10594503,1.89
2026-07-27 03:00:00,10596367,10598373,10591911,10595087,3.106
2026-07-27 03:15:00,10593815,10598506,10591310,10596456,4.764
2026-07-27 03:30:00,10595414,10598928,10591307,10597847,1.562
2026-07-27 03:45:00,10599087,10609947,10597701,10603792,7.111
2026-07-27 04:00:00,10603792,10605414,10590000,10593094,7.014
2026-07-27 04:15:00,10593274,10602474,10592229,10597155,6.284
2026-07-27 04:30:00,10597365,10606502,10597230,10601481,2.572
2026-07-27 04:45:00,10600860,10600860,10594217,10595768,2.647
2026-07-27 05:00:00,10598518,10600366,10592858,10596000,4.737
2026-07-27 05:15:00,10595931,10596320,10581529,10584908,4.069
2026-07-27 05:30:00,10584180,10589364,10582644,10586740,2.032
2026-07-27 05:45:00,10586440,10586440,10577840,10582616,6.951
2026-07-27 06:00:00,10583852,10590536,10580247,10587043,19.324
2026-07-27 06:15:00,10587043,10615785,10586891,10606304,9.361
2026-07-27 06:30:00,10606680,10613979,10604160,10605000,11.144
2026-07-27 06:45:00,10605742,10624392,10604291,10613680,17.307
2026-07-27 07:00:00,10614240,10667387,10614240,10660720,32.068
2026-07-27 07:15:00,10663196,10673564,10656131,10666658,9.51
2026-07-27 07:30:00,10666227,10710000,10663708,10700435,40.272
2026-07-27 07:45:00,10705999,10710000,10690509,10695882,12.051
2026-07-27 08:00:00,10696000,10721522,10689713,10694531,23.408
2026-07-27 08:15:00,10696656,10710896,10679161,10684507,10.538
2026-07-27 08:30:00,10680739,10694387,10671930,10690274,13.986
2026-07-27 08:45:00,10692924,10702729,10683019,10691642,8.562
2026-07-27 09:00:00,10690684,10694765,10652925,10659213,16.504
2026-07-27 09:15:00,10655749,10667999,10640777,10659215,11.733
2026-07-27 09:30:00,10657584,10663138,10645200,10652011,5.674
2026-07-27 09:45:00,10652720,10661203,10639364,10651659,3.492
2026-07-27 10:00:00,10651239,10662982,10636022,10636804,8.182
2026-07-27 10:15:00,10635782,10642800,10623795,10629615,11.21
2026-07-27 10:30:00,10627615,10643444,10609091,10639770,8.032
2026-07-27 10:45:00,10637994,10659677,10637139,10648056,10.366
2026-07-27 11:00:00,10652221,10658478,10646235,10655499,4.523
2026-07-27 11:15:00,10654773,10663387,10648887,10651782,6.474
2026-07-27 11:30:00,10650226,10670240,10643281,10664178,7.583
2026-07-27 11:45:00,10663766,10669086,10645727,10655137,10.114
2026-07-27 12:00:00,10656338,10673595,10648400,10670599,8.798
2026-07-27 12:15:00,10671475,10680000,10667835,10675007,8.578
2026-07-27 12:30:00,10673879,10686753,10665900,10683812,6.25
2026-07-27 12:45:00,10683812,10686706,10669259,10673255,5.508
2026-07-27 13:00:00,10673255,10686348,10666459,10676638,4.522
2026-07-27 13:15:00,10676482,10707527,10674721,10680407,23.499
2026-07-27 13:30:00,10680874,10699920,10669516,10691056,15.134
2026-07-27 13:45:00,10693055,10693950,10674491,10675162,7.616
2026-07-27 14:00:00,10674082,10689449,10671202,10685273,14.975
2026-07-27 14:15:00,10683590,10695844,10679705,10693720,7.494
2026-07-27 14:30:00,10693628,10696016,10684911,10692651,7.038
2026-07-27 14:45:00,10690794,10706811,10680880,10703614,16.129
2026-07-27 15:00:00,10702537,10742203,10700044,10717011,26.61
2026-07-27 15:15:00,10716312,10725554,10693647,10701262,6.642
2026-07-27 15:30:00,10701262,10716819,10698623,10702160,6.497
2026-07-27 15:45:00,10705938,10708030,10686936,10688339,9.236
2026-07-27 16:00:00,10684093,10694880,10675857,10687079,9.732
2026-07-27 16:15:00,10687079,10689766,10676400,10677104,8.063
2026-07-27 16:30:00,10677020,10677020,10654873,10667857,10.796
2026-07-27 16:45:00,10667999,10671904,10657963,10658750,8.455
2026-07-27 17:00:00,10658750,10664199,10647068,10652635,9.795
2026-07-27 17:15:00,10653587,10665792,10643696,10662534,8.438
2026-07-27 17:30:00,10663412,10664250,10649731,10650127,7.897
2026-07-27 17:45:00,10650104,10657876,10643356,10650456,11.327
2026-07-27 18:00:00,10648001,10650515,10637864,10644227,6.612
2026-07-27 18:15:00,10644743,10663757,10642490,10661110,7.058
2026-07-27 18:30:00,10659700,10681245,10659700,10675594,12.905
2026-07-27 18:45:00,10674583,10677865,10665192,10666517,10.287
2026-07-27 19:00:00,10666358,10670911,10661200,10665919,6.028
2026-07-27 19:15:00,10666002,10687006,10664747,10679327,5.97
2026-07-27 19:30:00,10679527,10690000,10675840,10688601,12.899
2026-07-27 19:45:00,10691834,10694018,10677260,10679685,4.668
2026-07-27 20:00:00,10678829,10679446,10666311,10668000,9.829
2026-07-27 20:15:00,10666591,10670000,10648643,10649167,10.528
2026-07-27 20:30:00,10647718,10662095,10647297,10650448,10.842
2026-07-27 20:45:00,10650166,10652531,10641583,10646293,7.894
2026-07-27 21:00:00,10644982,10670586,10642556,10649857,13.887
2026-07-27 21:15:00,10645799,10655963,10634400,10634636,14.104
2026-07-27 21:30:00,10635031,10645008,10604701,10639964,21.623
2026-07-27 21:45:00,10641861,10653963,10633741,10643369,7.268
2026-07-27 22:00:00,10645037,10648767,10624661,10625930,5.294
2026-07-27 22:15:00,10628683,10641119,10615014,10623213,10.664
2026-07-27 22:30:00,10622744,10750880,10622610,10737611,54.665
2026-07-27 22:45:00,10736868,10746000,10664242,10673630,45.141
2026-07-27 23:00:00,10672874,10705345,10655744,10693522,14.504
2026-07-27 23:15:00,10693136,10701855,10618259,10618259,28.744
2026-07-27 23:30:00,10619127,10619850,10545330,10552753,40.249
2026-07-27 23:45:00,10553749,10589600,10549948,10584000,18.668
2026-07-28 00:00:00,10583949,10596936,10564929,10587084,25.48
2026-07-28 00:15:00,10588141,10592139,10556430,10568563,7.799
2026-07-28 00:30:00,10571077,10578388,10535069,10563178,14.985
2026-07-28 00:45:00,10562207,10570783,10552812,10557972,6.3
2026-07-28 01:00:00,10559081,10579386,10553726,10568691,9.294
2026-07-28 01:15:00,10568208,10593169,10550698,10585286,14.428
2026-07-28 01:30:00,10583328,10617223,10583328,10608513,13.925
2026-07-28 01:45:00,10610321,10616945,10595979,10609529,7.8
2026-07-28 02:00:00,10610638,10618496,10595126,10612712,4.824
2026-07-28 02:15:00,10611505,10643355,10610818,10633328,8.074
2026-07-28 02:30:00,10635590,10648186,10630952,10632519,5.488
2026-07-28 02:45:00,10631983,10640743,10625748,10638114,5.76
2026-07-28 03:00:00,10640226,10644993,10622866,10628068,6.452
2026-07-28 03:15:00,10626000,10626000,10608396,10621848,5.522
2026-07-28 03:30:00,10622531,10624500,10596150,10605663,17.297
2026-07-28 03:45:00,10604371,10614512,10592791,10613332,4.736
2026-07-28 04:00:00,10614853,10636253,10600936,10627183,10.397
2026-07-28 04:15:00,10628477,10635229,10617839,10627434,5.338
2026-07-28 04:30:00,10626001,10642973,10622483,10624872,9.379
2026-07-28 04:45:00,10623791,10628095,10617945,10628095,7.869
2026-07-28 05:00:00,10630233,10640080,10621200,10623301,5.99
2026-07-28 05:15:00,10624242,10631162,10616012,10631162,5.854
2026-07-28 05:30:00,10631198,10635081,10620400,10624310,12.304
2026-07-28 05:45:00,10624299,10627771,10618460,10625438,5.41
2026-07-28 06:00:00,10626506,10626506,10614500,10616580,7.356
2026-07-28 06:15:00,10615555,10618303,10600810,10602120,3.142
2026-07-28 06:30:00,10605305,10615621,10600428,10604284,9.142
2026-07-28 06:45:00,10604279,10613040,10598218,10604888,5.886
2026-07-28 07:00:00,10601026,10601621,10580640,10590262,12.668
2026-07-28 07:15:00,10590262,10597092,10563840,10570929,14.402
2026-07-28 07:30:00,10568467,10568537,10500000,10508603,24.659
2026-07-28 07:45:00,10508420,10513039,10440748,10443994,23.979
2026-07-28 08:00:00,10442168,10450720,10405370,10437339,31.059
2026-07-28 08:15:00,10435994,10462650,10426350,10453310,15.012
2026-07-28 08:30:00,10451389,10462281,10412848,10422802,12.157
2026-07-28 08:45:00,10421880,10442501,10417120,10435842,12.923
2026-07-28 09:00:00,10437257,10443043,10396063,10425818,19.526
2026-07-28 09:15:00,10428060,10450000,10407462,10427777,18.634
2026-07-28 09:30:00,10427473,10428859,10404209,10411129,13.549
2026-07-28 09:45:00,10409517,10413071,10380720,10387620,15.868
2026-07-28 10:00:00,10388329,10391895,10317911,10340962,55.885
2026-07-28 10:15:00,10340641,10367044,10330783,10363000,14.707
2026-07-28 10:30:00,10360460,10375872,10340358,10344483,13.774
2026-07-28 10:45:00,10342503,10362828,10340171,10349261,12.786
2026-07-28 11:00:00,10347659,10361680,10337723,10355633,9.237
2026-07-28 11:15:00,10356706,10362828,10345584,10351184,4.432
2026-07-28 11:30:00,10351184,10351565,10327185,10329531,7.438
2026-07-28 11:45:00,10333896,10342461,10325000,10339915,7.776
2026-07-28 12:00:00,10338137,10357555,10334501,10353675,10.364
2026-07-28 12:15:00,10350978,10362230,10346879,10357632,6.628
2026-07-28 12:30:00,10357683,10371972,10348004,10366017,8.882
2026-07-28 12:45:00,10370577,10370577,10350480,10366274,12.991
2026-07-28 13:00:00,10366936,10370698,10357652,10365391,12.22
2026-07-28 13:15:00,10365315,10367563,10352447,10354719,8.76
2026-07-28 13:30:00,10353568,10359152,10345765,10357155,10.011
2026-07-28 13:45:00,10356344,10369646,10353509,10369048,10.556
2026-07-28 14:00:00,10368345,10389987,10363927,10385506,10.444
2026-07-28 14:15:00,10386648,10413894,10386087,10394022,14.91
2026-07-28 14:30:00,10395017,10395411,10370760,10394415,16.924
2026-07-28 14:45:00,10394066,10396544,10380000,10380000,6.404
2026-07-28 15:00:00,10380079,10382540,10370000,10371837,9.55
2026-07-28 15:15:00,10374689,10391754,10373440,10385772,10.251
2026-07-28 15:30:00,10389233,10399122,10384942,10399122,6.806
2026-07-28 15:45:00,10395890,10408627,10393174,10405077,21.843
2026-07-28 16:00:00,10408795,10410749,10393600,10400449,10.248
2026-07-28 16:15:00,10400203,10407023,10391974,10403120,8.095
2026-07-28 16:30:00,10402000,10405541,10391645,10391645,4.123
2026-07-28 16:45:00,10392103,10400880,10386880,10397835,5.612
2026-07-28 17:00:00,10394608,10403364,10384743,10384743,5.495
2026-07-28 17:15:00,10386362,10395714,10383814,10393934,5.558
2026-07-28 17:30:00,10391476,10400487,10385000,10397594,9.756
2026-07-28 17:45:00,10399701,10402556,10385000,10388152,10.06
2026-07-28 18:00:00,10386685,10393733,10380000,10385400,12.69
2026-07-28 18:15:00,10385936,10397416,10382252,10394667,6.988
2026-07-28 18:30:00,10396480,10409120,10392421,10397549,15.174
2026-07-28 18:45:00,10397181,10406178,10375000,10379585,6.064
2026-07-28 19:00:00,10377791,10383000,10369832,10375000,10.715
2026-07-28 19:15:00,10372375,10387988,10369980,10379729,9.96
2026-07-28 19:30:00,10382655,10406494,10379114,10406494,17.456
2026-07-28 19:45:00,10406176,10408565,10397452,10398814,10.703
2026-07-28 20:00:00,10399751,10404213,10378848,10378848,7.026
2026-07-28 20:15:00,10381153,10417023,10378106,10395000,20.268
2026-07-28 20:30:00,10392650,10415407,10376800,10384857,12.133
2026-07-28 20:45:00,10383748,10403582,10383569,10393099,4.91
2026-07-28 21:00:00,10393798,10407484,10386456,10391531,14.683
2026-07-28 21:15:00,10393753,10401145,10386915,10387021,8.582
2026-07-28 21:30:00,10387770,10397056,10380000,10395981,4.452
2026-07-28 21:45:00,10396535,10409202,10387772,10403246,7.928
2026-07-28 22:00:00,10404807,10410925,10392554,10399647,7.296
2026-07-28 22:15:00,10398706,10398706,10367435,10369629,7.908
2026-07-28 22:30:00,10367853,10382000,10301760,10316755,45.222
2026-07-28 22:45:00,10317020,10330000,10271532,10326575,39.738
2026-07-28 23:00:00,10330000,10362154,10329203,10337000,13.136
2026-07-28 23:15:00,10337000,10357664,10309041,10340705,18.052
2026-07-28 23:30:00,10344331,10381711,10339826,10371414,14.606
2026-07-28 23:45:00,10371199,10401010,10366467,10378297,16.805
2026-07-29 00:00:00,10379002,10387881,10353594,10382273,23.445
2026-07-29 00:15:00,10378891,10460910,10364307,10424813,37.469
2026-07-29 00:30:00,10422232,10456648,10416002,10441381,9.688
2026-07-29 00:45:00,10442942,10467981,10432161,10450925,20.703
2026-07-29 01:00:00,10450823,10454847,10436666,10437667,8.0
2026-07-29 01:15:00,10438619,10460000,10433000,10439941,6.976
2026-07-29 01:30:00,10438990,10459152,10431497,10454907,9.926
2026-07-29 01:45:00,10455749,10486591,10449482,10475189,16.75
2026-07-29 02:00:00,10475048,10475048,10436605,10439410,10.206
2026-07-29 02:15:00,10442707,10443202,10423684,10429702,6.406
2026-07-29 02:30:00,10428539,10428539,10388007,10402874,9.316
2026-07-29 02:45:00,10402803,10424080,10401470,10424080,7.404
2026-07-29 03:00:00,10424057,10447572,10418679,10420545,8.276
2026-07-29 03:15:00,10420517,10428777,10417153,10421405,2.75
2026-07-29 03:30:00,10421611,10438164,10418102,10434691,9.86
2026-07-29 03:45:00,10435833,10444188,10426365,10432448,5.282
2026-07-29 04:00:00,10434610,10449025,10431639,10432480,8.242
2026-07-29 04:15:00,10431787,10439141,10426367,10430608,3.664
2026-07-29 04:30:00,10431987,10452794,10421293,10424011,8.157
2026-07-29 04:45:00,10425585,10457249,10417156,10455085,9.908
2026-07-29 05:00:00,10458559,10473683,10455649,10473101,9.722
2026-07-29 05:15:00,10470963,10477744,10456541,10456541,4.068
2026-07-29 05:30:00,10456647,10463945,10454080,10460833,4.2
2026-07-29 05:45:00,10463166,10464632,10455963,10460000,3.73
2026-07-29 06:00:00,10458653,10470535,10456000,10458986,8.924
2026-07-29 06:15:00,10459327,10462098,10452510,10457224,5.94
2026-07-29 06:30:00,10458646,10477900,10452400,10475791,8.902
2026-07-29 06:45:00,10475791,10480318,10464420,10465715,8.204
2026-07-29 07:00:00,10465656,10478884,10455651,10472820,10.482
2026-07-29 07:15:00,10475442,10480000,10463150,10463150,3.752
2026-07-29 07:30:00,10462452,10463701,10453796,10457857,4.98
2026-07-29 07:45:00,10454763,10455184,10433360,10437571,9.625
2026-07-29 08:00:00,10436957,10439635,10407422,10408160,10.573
2026-07-29 08:15:00,10409168,10415706,10399760,10414008,10.438
2026-07-29 08:30:00,10414193,10455760,10414193,10451214,13.361
2026-07-29 08:45:00,10451790,10468397,10441761,10463819,7.111
2026-07-29 09:00:00,10462783,10508802,10462783,10475153,18.055
2026-07-29 09:15:00,10475153,10488068,10462097,10472665,11.124
2026-07-29 09:30:00,10472775,10484312,10447528,10479957,8.733
2026-07-29 09:45:00,10481932,10496761,10455169,10458192,8.63
2026-07-29 10:00:00,10455409,10466533,10436099,10438331,8.776
2026-07-29 10:15:00,10437334,10457900,10429892,10453571,11.707
2026-07-29 10:30:00,10450157,10457437,10438300,10443955,13.008
2026-07-29 10:45:00,10441970,10448054,10420000,10420000,10.447
2026-07-29 11:00:00,10422645,10449623,10414941,10441778,7.749
2026-07-29 11:15:00,10441697,10473073,10421197,10472074,12.507
2026-07-29 11:30:00,10474272,10486145,10459313,10471026,13.244
2026-07-29 11:45:00,10470566,10474410,10452626,10460902,5.724
2026-07-29 12:00:00,10462782,10465964,10441250,10454420,9.256
2026-07-29 12:15:00,10453383,10460659,10424705,10430124,8.033
2026-07-29 12:30:00,10427713,10444124,10417272,10427123,14.838
2026-07-29 12:45:00,10428331,10429338,10415000,10423840,9.794
2026-07-29 13:00:00,10425000,10425603,10396146,10418239,9.695
2026-07-29 13:15:00,10415151,10424442,10396113,10419439,11.632
2026-07-29 13:30:00,10419320,10440665,10413123,10418640,7.04
2026-07-29 13:45:00,10416205,10446742,10414300,10444467,9.338
2026-07-29 14:00:00,10445575,10456209,10442269,10448696,6.548
2026-07-29 14:15:00,10450603,10451226,10430242,10439858,5.772
2026-07-29 14:30:00,10440492,10459814,10437180,10451830,6.75
2026-07-29 14:45:00,10453293,10463941,10450662,10463060,5.388
2026-07-29 15:00:00,10462655,10476062,10455741,10470545,11.672
2026-07-29 15:15:00,10470545,10525645,10465452,10518016,21.279
2026-07-29 15:30:00,10518016,10529144,10513807,10523686,13.384
2026-07-29 15:45:00,10523688,10527964,10515832,10527598,16.584
2026-07-29 16:00:00,10527000,10537780,10523069,10531819,21.004
2026-07-29 16:15:00,10533370,10544000,10525914,10538970,10.397
2026-07-29 16:30:00,10541912,10542775,10529078,10540781,6.128
2026-07-29 16:45:00,10540938,10560065,10536083,10558033,10.906
2026-07-29 17:00:00,10559812,10561680,10522714,10524426,10.83
2026-07-29 17:15:00,10522805,10526974,10503491,10507607,8.783
2026-07-29 17:30:00,10508035,10531971,10503914,10530522,6.764
2026-07-29 17:45:00,10530549,10547210,10520525,10526050,4.55
2026-07-29 18:00:00,10526819,10538271,10520533,10532519,6.784
2026-07-29 18:15:00,10531952,10538804,10527359,10535701,9.784
2026-07-29 18:30:00,10537291,10573725,10531974,10556986,18.777
2026-07-29 18:45:00,10557805,10583218,10544018,10574631,13.694
2026-07-29 19:00:00,10576082,10583800,10562160,10569344,11.811
2026-07-29 19:15:00,10570445,10576762,10563244,10565212,10.69
2026-07-29 19:30:00,10565367,10574505,10555192,10569071,12.173
2026-07-29 19:45:00,10571076,10571119,10530812,10538573,10.902
2026-07-29 20:00:00,10538204,10551757,10534258,10547745,8.806
2026-07-29 20:15:00,10548359,10562322,10540000,10544778,9.606
2026-07-29 20:30:00,10543857,10546341,10531609,10535273,10.47
2026-07-29 20:45:00,10534948,10545382,10530240,10543781,10.289
2026-07-29 21:00:00,10543094,10547416,10533600,10540054,12.837
2026-07-29 21:15:00,10540175,10542245,10515336,10522312,16.087
2026-07-29 21:30:00,10520001,10541440,10511925,10523494,13.929
2026-07-29 21:45:00,10526639,10527367,10511428,10520076,10.078
2026-07-29 22:00:00,10518143,10526392,10508960,10523958,18.759
2026-07-29 22:15:00,10524519,10526127,10489808,10501637,13.209
2026-07-29 22:30:00,10499492,10551044,10490587,10546530,38.003
2026-07-29 22:45:00,10542821,10580812,10524459,10578583,36.707
2026-07-29 23:00:00,10579298,10587280,10512424,10517846,16.548
2026-07-29 23:15:00,10521920,10543195,10496391,10507363,20.374
2026-07-29 23:30:00,10506155,10523754,10486292,10493707,19.282
2026-07-29 23:45:00,10494312,10519537,10489498,10499445,17.933
2026-07-30 00:00:00,10500309,10510081,10489958,10499639,7.884
2026-07-30 00:15:00,10499545,10503173,10472028,10492178,13.872
2026-07-30 00:30:00,10491484,10506450,10470968,10473889,12.88
2026-07-30 00:45:00,10472678,10485335,10459978,10471978,10.582
2026-07-30 01:00:00,10471603,10479700,10460000,10470953,12.8
2026-07-30 01:15:00,10469044,10498531,10463718,10480000,16.338
2026-07-30 01:30:00,10480048,10488805,10417578,10429464,19.236
2026-07-30 01:45:00,10428834,10451877,10423844,10445286,9.266
2026-07-30 02:00:00,10445014,10456141,10429815,10455822,7.776
2026-07-30 02:15:00,10454743,10454743,10435818,10438778,6.736
2026-07-30 02:30:00,10437130,10471162,10432308,10467473,11.362
2026-07-30 02:45:00,10468024,10516681,10460179,10511141,14.584
2026-07-30 03:00:00,10513470,10583440,10503392,10507304,39.773
2026-07-30 03:15:00,10504069,10515149,10462371,10474881,32.291
2026-07-30 03:30:00,10475989,10526552,10425450,10516892,36.62
2026-07-30 03:45:00,10517774,10549463,10508021,10527351,18.143
2026-07-30 04:00:00,10527112,10539024,10481187,10495400,24.25
2026-07-30 04:15:00,10493674,10514082,10442778,10453761,15.992
2026-07-30 04:30:00,10455830,10469116,10429152,10432805,18.205
2026-07-30 04:45:00,10436297,10436297,10372996,10393889,26.606
2026-07-30 05:00:00,10394435,10398286,10353647,10392062,35.227
2026-07-30 05:15:00,10390986,10410799,10358310,10377722,9.132
2026-07-30 05:30:00,10378200,10408799,10372952,10383523,12.682
2026-07-30 05:45:00,10385685,10387674,10368682,10371351,24.217
2026-07-30 06:00:00,10374628,10374628,10333571,10366118,31.378
2026-07-30 06:15:00,10365031,10381309,10349646,10380010,10.03
2026-07-30 06:30:00,10379354,10394043,10375341,10378760,15.034
2026-07-30 06:45:00,10376592,10425229,10373451,10424255,18.636
2026-07-30 07:00:00,10426416,10469760,10424643,10449731,21.476
2026-07-30 07:15:00,10448274,10468226,10442504,10453767,15.391
2026-07-30 07:30:00,10454145,10455695,10432224,10445983,10.457
2026-07-30 07:45:00,10446893,10447933,10427785,10430077,6.235
2026-07-30 08:00:00,10431544,10434237,10421500,10426784,7.233
2026-07-30 08:15:00,10428453,10452461,10426549,10442025,9.428
2026-07-30 08:30:00,10444851,10446867,10429133,10443218,6.556
2026-07-30 08:45:00,10444084,10450985,10428765,10438226,6.69
2026-07-30 09:00:00,10436371,10451421,10431582,10440028,8.918
2026-07-30 09:15:00,10438450,10455144,10437160,10448213,7.788
2026-07-30 09:30:00,10449351,10450000,10396286,10396286,16.644
2026-07-30 09:45:00,10399346,10407093,10384161,10406930,14.604
2026-07-30 10:00:00,10405840,10432625,10397086,10397086,8.833
2026-07-30 10:15:00,10400383,10428125,10396960,10424455,7.493
2026-07-30 10:30:00,10425985,10461773,10425766,10461209,25.232
2026-07-30 10:45:00,10458561,10509999,10455975,10490095,17.634
2026-07-30 11:00:00,10494143,10514317,10484880,10502146,10.014
2026-07-30 11:15:00,10501115,10516644,10496368,10506091,7.074
2026-07-30 11:30:00,10506953,10506990,10481668,10497045,17.361
2026-07-30 11:45:00,10495644,10497157,10472466,10477403,5.696
2026-07-30 12:00:00,10477733,10490407,10472698,10485900,10.282
2026-07-30 12:15:00,10484065,10501651,10482865,10491772,6.488
2026-07-30 12:30:00,10490983,10490983,10474423,10482817,11.146
2026-07-30 12:45:00,10483212,10490199,10480767,10484926,6.048
2026-07-30 13:00:00,10485186,10485999,10471876,10476645,8.732
2026-07-30 13:15:00,10477374,10478353,10468443,10468514,4.648
2026-07-30 13:30:00,10470139,10479209,10460101,10467409,12.08
2026-07-30 13:45:00,10466250,10473346,10453639,10456274,5.032
2026-07-30 14:00:00,10456274,10459661,10442802,10447284,21.685
2026-07-30 14:15:00,10449727,10453867,10437000,10453520,13.354
2026-07-30 14:30:00,10452921,10480409,10451281,10477235,13.276
2026-07-30 14:45:00,10476138,10481034,10452437,10465147,7.292
2026-07-30 15:00:00,10463180,10470848,10452358,10459420,5.994
2026-07-30 15:15:00,10458477,10474794,10455805,10474794,5.192
2026-07-30 15:30:00,10473312,10474233,10456237,10463641,2.739
2026-07-30 15:45:00,10461273,10465139,10453273,10463239,4.238
2026-07-30 16:00:00,10463948,10485337,10462257,10469752,6.035
2026-07-30 16:15:00,10471892,10483863,10460000,10470087,13.054
2026-07-30 16:30:00,10470453,10473021,10454822,10471227,3.721
2026-07-30 16:45:00,10469661,10474759,10463600,10469684,5.125
2026-07-30 17:00:00,10470725,10474347,10462042,10462611,6.632
2026-07-30 17:15:00,10460960,10511962,10458767,10500852,23.041
2026-07-30 17:30:00,10500134,10516732,10498320,10514955,6.667
2026-07-30 17:45:00,10515341,10521280,10510016,10513286,6.051
2026-07-30 18:00:00,10513290,10522251,10502836,10521841,7.075
2026-07-30 18:15:00,10518596,10536499,10516017,10531307,8.898
2026-07-30 18:30:00,10531606,10550000,10530280,10540236,14.537
2026-07-30 18:45:00,10540223,10547947,10530696,10533486,7.575
2026-07-30 19:00:00,10533879,10537566,10506151,10512446,10.22
2026-07-30 19:15:00,10510930,10517240,10474646,10511100,34.442
2026-07-30 19:30:00,10509202,10510372,10496029,10500678,14.627
2026-07-30 19:45:00,10500833,10502535,10494926,10496329,8.492
2026-07-30 20:00:00,10498112,10506248,10488583,10501548,5.384
2026-07-30 20:15:00,10502075,10511923,10499646,10507155,8.32
2026-07-30 20:30:00,10507371,10538389,10505875,10528327,17.514
2026-07-30 20:45:00,10528101,10555555,10523855,10538000,23.447
2026-07-30 21:00:00,10538261,10576380,10536960,10568196,15.605
2026-07-30 21:15:00,10571474,10578314,10550409,10555889,15.47
2026-07-30 21:30:00,10556603,10564297,10534350,10535132,28.869
2026-07-30 21:45:00,10535604,10564132,10534808,10560034,9.725
2026-07-30 22:00:00,10561453,10567000,10546903,10549748,13.054
2026-07-30 22:15:00,10547277,10552722,10541878,10542327,7.036
2026-07-30 22:30:00,10543104,10546143,10400000,10430764,149.444
2026-07-30 22:45:00,10431289,10482064,10380001,10382880,124.683
2026-07-30 23:00:00,10381512,10388353,10273000,10282461,154.383
2026-07-30 23:15:00,10278416,10316872,10210000,10307727,123.668
2026-07-30 23:30:00,10305299,10337754,10268720,10326834,68.658
2026-07-30 23:45:00,10325738,10343461,10287508,10298832,28.368
2026-07-31 00:00:00,10298609,10318285,10281447,10309205,35.027
2026-07-31 00:15:00,10308339,10341579,10303919,10306912,16.546
2026-07-31 00:30:00,10307675,10315911,10295243,10312806,10.876
2026-07-31 00:45:00,10311480,10320539,10303415,10314152,12.502
2026-07-31 01:00:00,10315787,10353459,10313492,10346370,17.46
2026-07-31 01:15:00,10348001,10358880,10330683,10338486,13.784
2026-07-31 01:30:00,10339491,10345287,10329263,10330792,6.976
2026-07-31 01:45:00,10332186,10348935,10332186,10339174,5.286
2026-07-31 02:00:00,10340165,10351326,10336696,10343829,6.384
2026-07-31 02:15:00,10341253,10377693,10341014,10372794,7.848
2026-07-31 02:30:00,10374833,10375745,10281684,10306478,81.562
2026-07-31 02:45:00,10306393,10321558,10303497,10308802,19.892
2026-07-31 03:00:00,10307894,10313383,10288830,10289441,11.276
2026-07-31 03:15:00,10289513,10298544,10282817,10294866,9.484
2026-07-31 03:30:00,10295129,10300801,10281720,10284933,9.362
2026-07-31 03:45:00,10284186,10286276,10272598,10272598,7.382
2026-07-31 04:00:00,10272240,10314442,10272000,10308525,13.189
2026-07-31 04:15:00,10307474,10328563,10304780,10324351,5.434
2026-07-31 04:30:00,10325037,10330949,10317765,10325277,4.674
2026-07-31 04:45:00,10323827,10328268,10310577,10317336,7.306
2026-07-31 05:00:00,10318420,10340581,10314780,10318779,11.372
2026-07-31 05:15:00,10318274,10339455,10316587,10326027,8.628
2026-07-31 05:30:00,10325829,10343982,10318916,10340752,9.924
2026-07-31 05:45:00,10340805,10348340,10322920,10325135,6.408
2026-07-31 06:00:00,10325135,10330302,10315801,10321645,8.81
2026-07-31 06:15:00,10321639,10324840,10319409,10322790,2.268
2026-07-31 06:30:00,10323830,10335836,10323777,10327127,4.496
2026-07-31 06:45:00,10329729,10332935,10318595,10329144,18.312
2026-07-31 07:00:00,10327683,10371574,10315173,10364194,27.547
2026-07-31 07:15:00,10363887,10380000,10359389,10377495,12.67
2026-07-31 07:30:00,10377207,10381064,10343147,10352875,15.847
2026-07-31 07:45:00,10353093,10356976,10346769,10347343,5.93
2026-07-31 08:00:00,10347171,10373891,10338830,10373043,10.32
2026-07-31 08:15:00,10372900,10376515,10363379,10375890,7.354
2026-07-31 08:30:00,10375177,10417847,10368701,10375553,28.906
2026-07-31 08:45:00,10374396,10388491,10360123,10371034,22.82
2026-07-31 09:00:00,10371375,10402695,10371375,10385870,21.312
2026-07-31 09:15:00,10385870,10388961,10368849,10377328,12.571
2026-07-31 09:30:00,10376590,10397983,10375287,10396414,13.26
2026-07-31 09:45:00,10395464,10406385,10372578,10388241,21.662
2026-07-31 10:00:00,10389549,10496280,10389549,10455001,49.279
2026-07-31 10:15:00,10455763,10460074,10430013,10455969,21.071
2026-07-31 10:30:00,10454334,10457436,10402495,10405057,18.306
2026-07-31 10:45:00,10404853,10415399,10357730,10370887,26.04
2026-07-31 11:00:00,10369090,10375120,10346897,10346897,13.062
2026-07-31 11:15:00,10348531,10348531,10327787,10331492,13.588
2026-07-31 11:30:00,10329725,10340274,10306358,10310912,11.725
2026-07-31 11:45:00,10312291,10332439,10304560,10316129,24.263
2026-07-31 12:00:00,10318442,10333350,10306245,10321954,25.828
2026-07-31 12:15:00,10323818,10354512,10315476,10351820,13.38
2026-07-31 12:30:00,10352395,10355595,10327528,10339810,19.937
2026-07-31 12:45:00,10338854,10346739,10329349,10333850,13.552
2026-07-31 13:00:00,10332825,10343022,10324923,10337398,18.854
2026-07-31 13:15:00,10338827,10341069,10314658,10335524,12.276
2026-07-31 13:30:00,10335814,10341075,10326679,10328346,5.164
2026-07-31 13:45:00,10330673,10334306,10323640,10327112,8.128
2026-07-31 14:00:00,10327693,10344136,10327693,10342418,7.654
2026-07-31 14:15:00,10341613,10343709,10329483,10333725,8.604
2026-07-31 14:30:00,10333046,10336819,10321887,10323166,10.488
2026-07-31 14:45:00,10322504,10334305,10321047,10331924,6.578
2026-07-31 15:00:00,10331225,10332073,10318345,10321736,9.4
2026-07-31 15:15:00,10322834,10331020,10311186,10329739,10.8
2026-07-31 15:30:00,10329480,10341725,10309628,10311172,14.606
2026-07-31 15:45:00,10309753,10310210,10280000,10293917,32.81
2026-07-31 16:00:00,10294600,10299936,10270697,10272176,18.0
2026-07-31 16:15:00,10271820,10281196,10264098,10273987,17.932
2026-07-31 16:30:00,10273304,10283670,10255298,10266818,17.604
2026-07-31 16:45:00,10265746,10278679,10251798,10252036,24.72
2026-07-31 17:00:00,10251873,10261761,10241885,10256752,16.78
2026-07-31 17:15:00,10256761,10261691,10227601,10250225,24.374
2026-07-31 17:30:00,10250690,10252096,10212011,10217403,21.89
2026-07-31 17:45:00,10219307,10227746,10121690,10138814,52.245
2026-07-31 18:00:00,10139397,10183374,10121984,10179162,92.127
2026-07-31 18:15:00,10179972,10185000,10165308,10184128,14.898
2026-07-31 18:30:00,10183977,10192571,10157887,10187813,26.844
2026-07-31 18:45:00,10185975,10199503,10185000,10197827,12.348
2026-07-31 19:00:00,10197462,10204655,10185000,10202245,18.692
2026-07-31 19:15:00,10203240,10221029,10201074,10215930,8.97
2026-07-31 19:30:00,10216122,10232299,10215801,10229210,11.452
2026-07-31 19:45:00,10230452,10236577,10224389,10229589,9.238
2026-07-31 20:00:00,10230416,10249745,10227898,10228634,10.89
2026-07-31 20:15:00,10227562,10242096,10222000,10233428,11.346
2026-07-31 20:30:00,10233871,10237371,10224630,10226596,11.018
2026-07-31 20:45:00,10226481,10230000,10220278,10223882,16.714
2026-07-31 21:00:00,10224355,10228352,10210000,10214832,15.402
2026-07-31 21:15:00,10214121,10232498,10210999,10226710,6.478
2026-07-31 21:30:00,10225250,10229740,10206705,10218413,16.168
2026-07-31 21:45:00,10216012,10232000,10215339,10227755,7.364
2026-07-31 22:00:00,10229412,10244080,10225516,10236631,13.268
2026-07-31 22:15:00,10238156,10247078,10180168,10187286,73.901
2026-07-31 22:30:00,10185943,10187462,10120873,10131112,76.287
2026-07-31 22:45:00,10128785,10154736,10090070,10096710,50.93
2026-07-31 23:00:00,10094862,10104673,9941555,9991721,119.669
2026-07-31 23:15:00,9992235,10001137,9955712,9976001,55.586
2026-07-31 23:30:00,9979929,10019262,9975245,9995711,26.098
2026-07-31 23:45:00,9990624,10021679,9973000,9986511,43.772
2026-08-01 00:00:00,9987928,9993354,9958225,9971854,38.073
2026-08-01 00:15:00,9972040,9980516,9955407,9975516,24.111
2026-08-01 00:30:00,9978118,10000853,9973968,9995539,17.633
2026-08-01 00:45:00,9993487,9999149,9977279,9988961,10.3
2026-08-01 01:00:00,9987400,10026987,9986399,10017414,10.694
2026-08-01 01:15:00,10017208,10034754,10009638,10029493,10.298
2026-08-01 01:30:00,10030186,10030271,10010500,10020392,7.212
2026-08-01 01:45:00,10021387,10027911,10014369,10025225,6.984
2026-08-01 02:00:00,10024360,10037030,10020475,10034615,11.824
2026-08-01 02:15:00,10035600,10046254,10003068,10005000,43.437
2026-08-01 02:30:00,10005000,10008800,9973146,9982089,35.424
2026-08-01 02:45:00,9980323,10035126,9980242,10025753,52.945
2026-08-01 03:00:00,10024454,10040962,10013535,10025326,22.666
2026-08-01 03:15:00,10025956,10028718,10008384,10014158,8.138
2026-08-01 03:30:00,10014707,10024744,10000286,10016507,9.74
2026-08-01 03:45:00,10016832,10047015,10016832,10025299,11.684
2026-08-01 04:00:00,10028262,10036468,10015760,10026173,4.902
2026-08-01 04:15:00,10028538,10036819,10023683,10024861,4.018
2026-08-01 04:30:00,10025387,10028875,10008102,10020288,10.416
2026-08-01 04:45:00,10021646,10030533,10016602,10021990,5.99
2026-08-01 05:00:00,10021147,10027239,9988994,10003804,20.623
2026-08-01 05:15:00,9996521,10002359,9962565,9969884,58.973
2026-08-01 05:30:00,9967294,9974132,9939396,9943868,46.699
2026-08-01 05:45:00,9943868,9959650,9900000,9919031,72.837
2026-08-01 06:00:00,9919127,9921143,9903600,9920182,21.684
2026-08-01 06:15:00,9921002,9928804,9918720,9923007,12.035
2026-08-01 06:30:00,9923801,9946720,9917339,9928673,15.67
2026-08-01 06:45:00,9929722,9937980,9916395,9921781,16.408
2026-08-01 07:00:00,9920791,9932180,9908865,9930369,11.194
2026-08-01 07:15:00,9930369,9935006,9918160,9929461,14.055
2026-08-01 07:30:00,9927504,9931481,9917357,9921533,3.798
2026-08-01 07:45:00,9922280,9925121,9916438,9924597,2.816
2026-08-01 08:00:00,9923438,9932302,9922491,9927878,5.608
2026-08-01 08:15:00,9926960,9933686,9922838,9929662,6.56
2026-08-01 08:30:00,9929813,9931922,9925075,9926805,5.078
2026-08-01 08:45:00,9925526,9925526,9906361,9913928,8.718
2026-08-01 09:00:00,9913928,9915000,9913928,9915000,0.016
2026-08-01 11:00:00,9915826,9941120,9915826,9930125,3.154
2026-08-01 11:15:00,9935812,9946011,9932532,9940557,6.354
2026-08-01 11:30:00,9941338,9948405,9940606,9943523,6.722
2026-08-01 11:45:00,9942960,9948123,9935322,9938486,9.37
2026-08-01 12:00:00,9938486,9939896,9917920,9922169,8.15
2026-08-01 12:15:00,9921055,9934966,9919074,9927145,5.814
2026-08-01 12:30:00,9927109,9931436,9917130,9922988,8.839
2026-08-01 12:45:00,9922463,9929576,9915920,9925357,12.233
2026-08-01 13:00:00,9924445,9930049,9913680,9929496,13.794
2026-08-01 13:15:00,9929671,9934968,9927444,9934236,1.892
2026-08-01 13:30:00,9933640,9938832,9931788,9938258,2.236
2026-08-01 13:45:00,9936277,9943000,9934854,9940073,11.676
2026-08-01 14:00:00,9940167,9947058,9932454,9944055,13.05
2026-08-01 14:15:00,9943000,9944303,9935804,9942775,7.254
2026-08-01 14:30:00,9942361,9945851,9927851,9930531,3.232
2026-08-01 14:45:00,9929491,9937499,9927991,9933795,5.484
2026-08-01 15:00:00,9933924,9938166,9929633,9935634,4.348
2026-08-01 15:15:00,9936792,9944857,9930640,9941156,8.64
2026-08-01 15:30:00,9941507,9945000,9936765,9937884,8.038
2026-08-01 15:45:00,9939749,9944000,9937884,9944000,2.944
2026-08-01 16:00:00,9944000,9946983,9934433,9945145,8.622
2026-08-01 16:15:00,9944542,9948255,9938774,9941353,3.552
2026-08-01 16:30:00,9942445,9942476,9934041,9938387,9.242
2026-08-01 16:45:00,9936525,9940061,9935306,9937131,2.014
2026-08-01 17:00:00,9938289,9944000,9937608,9942660,3.962
2026-08-01 17:15:00,9942662,9944000,9939211,9941469,0.848
2026-08-01 17:30:00,9941190,9944996,9940422,9942747,1.948
2026-08-01 17:45:00,9940940,9952078,9938427,9945361,2.744
2026-08-01 18:00:00,9945443,9952812,9943689,9948896,4.754
2026-08-01 18:15:00,9950496,9952046,9944905,9949829,4.452
2026-08-01 18:30:00,9949358,9951697,9948362,9948942,0.538
2026-08-01 18:45:00,9948771,9949431,9940009,9942104,4.578
2026-08-01 19:00:00,9943501,9952301,9930336,9934553,8.044
2026-08-01 19:15:00,9931818,9945804,9931101,9941605,7.668
2026-08-01 19:30:00,9941439,9945580,9936041,9944912,4.44
2026-08-01 19:45:00,9943367,9944833,9934573,9941034,8.784
2026-08-01 20:00:00,9939637,9941357,9936846,9939862,1.27
2026-08-01 20:15:00,9940243,9944337,9935000,9944337,1.99
2026-08-01 20:30:00,9944337,9945734,9941381,9942559,1.38
2026-08-01 20:45:00,9942381,9942660,9938741,9940725,0.938
2026-08-01 21:00:00,9941760,9948437,9941529,9942486,6.432
2026-08-01 21:15:00,9944714,9945551,9939245,9943121,2.31
2026-08-01 21:30:00,9942664,9946461,9940417,9941780,4.544
2026-08-01 21:45:00,9942934,9945408,9938991,9941357,3.704
2026-08-01 22:00:00,9941785,9945382,9939205,9943941,3.748
2026-08-01 22:15:00,9942473,9943916,9935000,9940358,8.168
2026-08-01 22:30:00,9940358,9944680,9939000,9940495,3.46
2026-08-01 22:45:00,9939311,9941104,9936178,9938118,2.914
2026-08-01 23:00:00,9939690,9948576,9935803,9938058,9.588
2026-08-01 23:15:00,9937715,9943451,9933353,9941351,12.672
2026-08-01 23:30:00,9940216,9943288,9933948,9939546,6.022
2026-08-01 23:45:00,9940006,9941442,9930966,9941442,3.328
2026-08-02 00:00:00,9940721,9940949,9934854,9939443,7.864
2026-08-02 00:15:00,9939432,9939432,9928150,9928150,1.9
2026-08-02 00:30:00,9928578,9931615,9925883,9927949,3.486
2026-08-02 00:45:00,9926348,9928000,9918160,9919195,8.161
2026-08-02 01:00:00,9919089,9920139,9905840,9908512,8.192
2026-08-02 01:15:00,9908512,9913141,9903600,9908766,7.155
2026-08-02 01:30:00,9910489,9923451,9906955,9913555,4.922
2026-08-02 01:45:00,9913555,9913854,9898521,9906788,6.782
2026-08-02 02:00:00,9906919,9918495,9896617,9902112,10.022
2026-08-02 02:15:00,9902349,9902349,9888449,9893500,15.595
2026-08-02 02:30:00,9893500,9893500,9877280,9888865,14.628
2026-08-02 02:45:00,9889058,9889058,9864643,9874250,24.567
2026-08-02 03:00:00,9874272,9879192,9860983,9874314,11.32
2026-08-02 03:15:00,9871975,9872370,9841835,9848263,24.083
2026-08-02 03:30:00,9848254,9850003,9809397,9821054,46.442
2026-08-02 03:45:00,9820746,9853513,9807024,9851564,13.881
2026-08-02 04:00:00,9849720,9862545,9843948,9847220,12.33
2026-08-02 04:15:00,9847249,9857040,9835280,9849441,13.673
2026-08-02 04:30:00,9850500,9856429,9836949,9839738,6.928
2026-08-02 04:45:00,9842583,9854820,9841090,9849972,11.086
2026-08-02 05:00:00,9848300,9864400,9840250,9858162,13.765
2026-08-02 05:15:00,9856237,9869812,9855115,9866812,11.59
2026-08-02 05:30:00,9865824,9867309,9853524,9862000,5.172
2026-08-02 05:45:00,9860297,9874000,9858697,9871491,5.532
2026-08-02 06:00:00,9871491,9895163,9871491,9886903,12.979
2026-08-02 06:15:00,9886962,9893526,9880790,9889272,7.642
2026-08-02 06:30:00,9889453,9900000,9882563,9885974,8.69
2026-08-02 06:45:00,9888170,9895659,9883440,9891796,11.604
2026-08-02 07:00:00,9891796,9902941,9886481,9899946,12.072
2026-08-02 07:15:00,9900123,9903927,9890160,9902145,13.185
2026-08-02 07:30:00,9901857,9908640,9896698,9896698,6.814
2026-08-02 07:45:00,9899021,9900721,9894256,9895957,5.0
2026-08-02 08:00:00,9899734,9901590,9885680,9896160,9.749
2026-08-02 08:15:00,9896160,9896160,9885790,9885792,4.192
2026-08-02 08:30:00,9886588,9900223,9886338,9898003,6.098
2026-08-02 08:45:00,9898186,9901258,9889060,9897846,14.812
2026-08-02 09:00:00,9898467,9920765,9898467,9913687,9.53
2026-08-02 09:15:00,9913287,9916839,9907148,9907148,9.768
2026-08-02 09:30:00,9908897,9913986,9901824,9902308,6.792
2026-08-02 09:45:00,9903511,9905603,9895272,9898526,4.634
2026-08-02 10:00:00,9900353,9928957,9894928,9924135,20.17
2026-08-02 10:15:00,9925588,9936461,9915228,9919215,9.348
2026-08-02 10:30:00,9919285,9925114,9914575,9924140,3.374
2026-08-02 10:45:00,9921701,9922416,9916045,9918102,6.6
2026-08-02 11:00:00,9917013,10003961,9912000,9987557,36.057
2026-08-02 11:15:00,9988846,10004000,9978759,9982190,24.366
2026-08-02 11:30:00,9982790,9990696,9970110,9981534,13.738
2026-08-02 11:45:00,9979975,9999360,9974908,9994543,13.574
2026-08-02 12:00:00,9993797,9995717,9983493,9988063,10.484
2026-08-02 12:15:00,9989970,10006600,9982041,9992400,25.296
2026-08-02 12:30:00,9993630,10001550,9992529,10000784,5.73
2026-08-02 12:45:00,10000996,10003125,9990545,9994690,5.572
2026-08-02 13:00:00,9996585,10007881,9996585,10005975,9.396
2026-08-02 13:15:00,10005576,10012240,10000814,10005718,13.252
2026-08-02 13:30:00,10006888,10009677,10003200,10004235,7.388
2026-08-02 13:45:00,10004254,10020000,10002788,10016193,11.656
2026-08-02 14:00:00,10014745,10022090,9993681,9997208,14.402
2026-08-02 14:15:00,9997438,10000135,9990743,10000135,4.03
2026-08-02 14:30:00,9999533,9999533,9983358,9988159,16.652
2026-08-02 14:45:00,9988159,9992000,9988159,9991517,2.156
2026-08-02 15:00:00,9991914,9997438,9987474,9992067,8.746
2026-08-02 15:15:00,9990126,9998544,9988588,9996673,12.886
2026-08-02 15:30:00,9996673,9998602,9990000,9997762,12.708
2026-08-02 15:45:00,9996351,9999518,9994028,9996255,5.726
2026-08-02 16:00:00,9995276,9997628,9992839,9995807,2.796
2026-08-02 16:15:00,9995807,9995807,9992730,9993809,4.02
2026-08-02 16:30:00,9994979,10001736,9992407,10001353,9.996
2026-08-02 16:45:00,10001406,10007760,9990960,9997504,20.447
2026-08-02 17:00:00,9998133,10002577,9993477,9994531,11.384
2026-08-02 17:15:00,9994433,9996575,9980129,9980821,14.453
2026-08-02 17:30:00,9981252,9981844,9952900,9956332,15.467
2026-08-02 17:45:00,9954229,9958382,9948224,9951566,8.64
2026-08-02 18:00:00,9953161,9968647,9935633,9962134,17.328
2026-08-02 18:15:00,9964618,9968338,9951971,9951971,7.895
2026-08-02 18:30:00,9953812,9971974,9953812,9964325,23.883
2026-08-02 18:45:00,9963658,9965376,9956240,9963341,11.287
2026-08-02 19:00:00,9963507,9963534,9950994,9954443,7.233
2026-08-02 19:15:00,9951898,9963475,9937871,9940908,15.981
2026-08-02 19:30:00,9942600,9954387,9942600,9953011,8.826
2026-08-02 19:45:00,9953011,9953407,9949789,9952575,1.866
2026-08-02 20:00:00,9952373,9952373,9943388,9945594,3.726
2026-08-02 20:15:00,9948077,9955057,9940436,9945766,10.416
2026-08-02 20:30:00,9946862,9950929,9935046,9939443,14.168
2026-08-02 20:45:00,9941213,9947150,9920000,9927138,16.762
2026-08-02 21:00:00,9926834,9948747,9926834,9947592,12.095
2026-08-02 21:15:00,9946117,9954955,9942442,9945077,7.017
2026-08-02 21:30:00,9944882,9952540,9935136,9940779,7.068
2026-08-02 21:45:00,9942504,9945400,9935506,9940692,4.88
2026-08-02 22:00:00,9938489,9943819,9931657,9937859,5.226
2026-08-02 22:15:00,9934882,9939495,9929086,9934960,4.007
2026-08-02 22:30:00,9934473,9938880,9920436,9933766,6.574
2026-08-02 22:45:00,9934319,9938089,9929920,9936593,14.451
2026-08-02 23:00:00,9936108,9936108,9924881,9931669,8.868
2026-08-02 23:15:00,9931253,9942472,9929679,9938051,7.832
2026-08-02 23:30:00,9936647,9946593,9931041,9941553,12.6
2026-08-02 23:45:00,9940878,9943248,9926013,9928417,16.408
2026-08-03 00:00:00,9929792,9938739,9923854,9936553,8.0
2026-08-03 00:15:00,9938004,9939783,9930000,9936847,8.679
2026-08-03 00:30:00,9936749,9945554,9932000,9940163,10.743
2026-08-03 00:45:00,9939203,9940568,9933000,9934500,11.704
2026-08-03 01:00:00,9934500,9936269,9927500,9930417,9.096
2026-08-03 01:15:00,9930000,9937060,9923905,9931945,7.26
2026-08-03 01:30:00,9930653,9956751,9930653,9949258,12.957
2026-08-03 01:45:00,9949516,9954576,9942085,9942085,12.026
2026-08-03 02:00:00,9942215,9948258,9935188,9944322,9.778
2026-08-03 02:15:00,9945097,9966524,9940945,9953846,7.597
2026-08-03 02:30:00,9957320,9963386,9953440,9963386,9.029
2026-08-03 02:45:00,9964158,9967986,9960720,9962225,7.275
2026-08-03 03:00:00,9962770,9967940,9956240,9963640,13.154
2026-08-03 03:15:00,9964427,9966667,9956240,9958865,16.362
2026-08-03 03:30:00,9959109,10009395,9958332,9991498,20.991
2026-08-03 03:45:00,9992775,9994533,9969120,9975315,10.853
2026-08-03 04:00:00,9974029,9974637,9961499,9966959,18.424
2026-08-03 04:15:00,9965964,9971484,9961732,9964087,8.616
2026-08-03 04:30:00,9964521,9979184,9961835,9976433,10.168
2026-08-03 04:45:00,9976849,9990000,9976849,9982900,8.308
2026-08-03 05:00:00,9983528,9988246,9974416,9986611,13.288
2026-08-03 05:15:00,9983481,9992058,9973000,9975972,14.218
2026-08-03 05:30:00,9976416,9983885,9974695,9979033,5.23
2026-08-03 05:45:00,9979783,9992762,9976580,9989441,21.639
2026-08-03 06:00:00,9989162,10005492,9981440,10000645,21.974
2026-08-03 06:15:00,10004399,10010000,9999617,10008435,8.953
2026-08-03 06:30:00,10009334,10041065,10000122,10026990,20.177
2026-08-03 06:45:00,10027927,10040090,10004010,10007626,19.797
2026-08-03 07:00:00,10007244,10027650,9981942,9990000,32.847
2026-08-03 07:15:00,9990000,10017329,9988248,9992647,30.179
2026-08-03 07:30:00,9993007,9997680,9952884,9977826,23.215
2026-08-03 07:45:00,9979342,9987556,9951760,9964715,15.58
2026-08-03 08:00:00,9962586,9971173,9947742,9968585,28.436
2026-08-03 08:15:00,9968480,10015214,9967711,10006289,22.432
2026-08-03 08:30:00,10006592,10019043,9999505,10010083,19.49
2026-08-03 08:45:00,10008713,10013984,9997104,10002597,15.019
2026-08-03 09:00:00,10006059,10013959,9987193,9995748,22.632
2026-08-03 09:15:00,9996083,10002455,9894813,9898931,51.814
2026-08-03 09:30:00,9898220,9903219,9828013,9833981,101.853
2026-08-03 09:45:00,9832481,9878347,9820926,9875463,95.633
2026-08-03 10:00:00,9874514,9897404,9833738,9858161,62.158
2026-08-03 10:15:00,9858161,9873351,9848197,9860518,31.218
2026-08-03 10:30:00,9856862,9878544,9853506,9873949,24.273
2026-08-03 10:45:00,9873808,9877006,9862265,9872238,14.133
2026-08-03 11:00:00,9871508,9886430,9866943,9881174,20.318
2026-08-03 11:15:00,9882545,9892215,9862828,9865479,28.16
2026-08-03 11:30:00,9867159,9877001,9862532,9870352,21.737
2026-08-03 11:45:00,9873233,9878440,9861040,9870645,13.037
2026-08-03 12:00:00,9867928,9882177,9865398,9869734,15.168
2026-08-03 12:15:00,9870119,9872558,9856560,9863429,16.475
2026-08-03 12:30:00,9864476,9866474,9851520,9860354,29.055
2026-08-03 12:45:00,9860248,9860847,9814768,9828671,21.391
2026-08-03 13:00:00,9827348,9837360,9812494,9825126,22.291
2026-08-03 13:15:00,9824366,9847933,9823722,9845344,9.624
2026-08-03 13:30:00,9845390,9849200,9837014,9838440,14.1
2026-08-03 13:45:00,9838440,9838857,9808126,9812186,21.258
2026-08-03 14:00:00,9812807,9825730,9800907,9820109,18.513
2026-08-03 14:15:00,9819823,9826289,9809520,9817623,22.944
2026-08-03 14:30:00,9816345,9824835,9806324,9814690,8.637
2026-08-03 14:45:00,9814644,9825436,9812615,9815609,9.777
2026-08-03 15:00:00,9815470,9823329,9809520,9821065,21.776
2026-08-03 15:15:00,9819223,9827897,9815565,9825869,17.332
2026-08-03 15:30:00,9824642,9837138,9806017,9806017,21.961
2026-08-03 15:45:00,9807116,9817128,9803765,9805628,15.422
2026-08-03 16:00:00,9806054,9812532,9790227,9792597,22.272
2026-08-03 16:15:00,9791659,9805773,9782208,9798604,19.937
2026-08-03 16:30:00,9797548,9810633,9791040,9810633,17.617
2026-08-03 16:45:00,9810428,9814277,9800513,9804903,11.8
2026-08-03 17:00:00,9806448,9809195,9785000,9796826,14.547
2026-08-03 17:15:00,9795704,9799386,9760000,9763303,26.216
2026-08-03 17:30:00,9761920,9783658,9748705,9783658,26.157
2026-08-03 17:45:00,9783233,9803602,9782171,9803602,8.56
2026-08-03 18:00:00,9805097,9813403,9800582,9810326,14.081
2026-08-03 18:15:00,9809201,9826796,9808181,9826796,9.434
2026-08-03 18:30:00,9825771,9841148,9823461,9838730,8.646
2026-08-03 18:45:00,9839510,9859699,9834390,9857300,15.808
2026-08-03 19:00:00,9857224,9858330,9836836,9840782,6.136
2026-08-03 19:15:00,9839210,9848837,9829221,9831740,9.422
2026-08-03 19:30:00,9830662,9831292,9815680,9825890,11.123
2026-08-03 19:45:00,9824787,9831272,9810082,9825206,21.684
2026-08-03 20:00:00,9825206,9826670,9797095,9807727,10.342
2026-08-03 20:15:00,9807294,9834087,9805664,9828465,8.787
2026-08-03 20:30:00,9826728,9840913,9823582,9828224,7.132
2026-08-03 20:45:00,9826522,9828110,9787047,9790017,29.48
2026-08-03 21:00:00,9790564,9800971,9770065,9784612,19.077
2026-08-03 21:15:00,9785670,9807793,9783709,9799212,10.846
2026-08-03 21:30:00,9799036,9832068,9797760,9831793,11.713
2026-08-03 21:45:00,9832583,9836205,9812629,9818387,9.719
2026-08-03 22:00:00,9818436,9837520,9815732,9827340,19.153
2026-08-03 22:15:00,9828562,9849392,9799440,9807087,33.204
2026-08-03 22:30:00,9806523,9830110,9773588,9822156,36.874
2026-08-03 22:45:00,9822758,9908135,9808401,9895353,54.831
2026-08-03 23:00:00,9895222,9924639,9866646,9906906,46.247
2026-08-03 23:15:00,9906539,9973227,9872300,9968210,59.485
2026-08-03 23:30:00,9968709,9994772,9946868,9983264,44.833
2026-08-03 23:45:00,9983076,10010000,9961661,10006056,36.381
2026-08-04 00:00:00,10004603,10010000,9981608,9991073,23.787
2026-08-04 00:15:00,9991738,9998549,9972379,9976015,17.003
2026-08-04 00:30:00,9976381,10006523,9972613,10001000,32.593
2026-08-04 00:45:00,10001509,10013120,9984654,9991635,14.11
2026-08-04 01:00:00,9992456,10022320,9985047,10002488,18.147
2026-08-04 01:15:00,10002271,10020417,9997511,10014092,28.929
2026-08-04 01:30:00,10013534,10014897,9985000,9992788,9.484
2026-08-04 01:45:00,9994669,10009935,9988637,9992471,5.954
2026-08-04 02:00:00,9993126,10011452,9984131,10009413,10.604
2026-08-04 02:15:00,10010014,10040000,10005823,10008994,37.762
2026-08-04 02:30:00,10007527,10026205,10002504,10018538,12.416
2026-08-04 02:45:00,10018705,10028193,10014196,10022613,13.466
2026-08-04 03:00:00,10022943,10034677,10017000,10028446,20.828
2026-08-04 03:15:00,10029936,10032233,10000540,10008452,11.442
2026-08-04 03:30:00,10010000,10019522,9999565,10005112,8.676
2026-08-04 03:45:00,10006605,10013185,9992123,10004417,17.518
2026-08-04 04:00:00,10004079,10016592,9999360,10015000,8.233
2026-08-04 04:15:00,10016040,10033087,10015479,10024877,8.81
2026-08-04 04:30:00,10026291,10047292,10012137,10025545,11.946
2026-08-04 04:45:00,10026148,10029803,10013525,10013980,7.796
2026-08-04 05:00:00,10014027,10033429,10007435,10023136,8.03
2026-08-04 05:15:00,10025202,10047473,10023663,10039815,23.024
2026-08-04 05:30:00,10041492,10041937,10027647,10033971,7.301
2026-08-04 05:45:00,10034352,10035735,10016811,10021818,16.984
2026-08-04 06:00:00,10021773,10022880,10013466,10014571,9.111
2026-08-04 06:15:00,10013357,10023519,10007241,10012455,8.805
2026-08-04 06:30:00,10012248,10014244,9999885,10002941,5.188
2026-08-04 06:45:00,10002543,10002543,9982862,9990913,8.695
2026-08-04 07:00:00,9990161,9996559,9970000,9988901,15.692
2026-08-04 07:15:00,9987775,10015480,9987391,9995945,8.879
2026-08-04 07:30:00,9994518,9997346,9985634,9989771,8.142
2026-08-04 07:45:00,9990054,10007896,9989234,10003256,5.214
2026-08-04 08:00:00,10001258,10002960,9987011,9988844,6.834
2026-08-04 08:15:00,9990504,10000931,9988000,9997095,7.459
2026-08-04 08:30:00,9996253,9999793,9989092,9996301,9.472
2026-08-04 08:45:00,9997008,10010000,9995277,10004400,9.837
2026-08-04 09:00:00,10004844,10007034,9982024,9984631,16.064
2026-08-04 09:15:00,9985222,9985409,9964215,9973146,14.976
2026-08-04 09:30:00,9973146,9976542,9960000,9972169,15.524
2026-08-04 09:45:00,9971998,9988409,9961620,9971633,18.954
2026-08-04 10:00:00,9974001,9995599,9972698,9994806,15.552
2026-08-04 10:15:00,9995000,10007535,9983243,9999826,11.633
2026-08-04 10:30:00,10000461,10052000,9998266,10036496,25.236
2026-08-04 10:45:00,10038852,10052000,10029656,10051833,18.365
2026-08-04 11:00:00,10051842,10057808,10041651,10041651,17.742
2026-08-04 11:15:00,10044478,10046371,10032197,10036986,10.392
2026-08-04 11:30:00,10034815,10077169,10031992,10063148,25.329
2026-08-04 11:45:00,10064195,10067951,10051666,10056858,9.512
2026-08-04 12:00:00,10055321,10056554,10032253,10033088,13.42
2026-08-04 12:15:00,10032347,10045800,10023115,10042121,15.746
2026-08-04 12:30:00,10044173,10056804,10040443,10052201,18.686
2026-08-04 12:45:00,10052227,10052715,10047220,10051901,6.774
2026-08-04 13:00:00,10049336,10055072,10041497,10051132,6.617
2026-08-04 13:15:00,10052297,10063130,10050349,10052595,9.856
2026-08-04 13:30:00,10054803,10081000,10054803,10080387,11.778
2026-08-04 13:45:00,10080558,10112000,10076871,10084722,32.657
2026-08-04 14:00:00,10087000,10088002,10054892,10054892,10.82
2026-08-04 14:15:00,10054892,10065216,10050000,10052850,4.186
2026-08-04 14:30:00,10051966,10068543,10051319,10068543,6.773
2026-08-04 14:45:00,10067460,10067601,10057810,10060005,10.648
2026-08-04 15:00:00,10058597,10068234,10053251,10056664,21.036
2026-08-04 15:15:00,10056663,10063627,10044086,10048411,12.25
2026-08-04 15:30:00,10048379,10049959,10036886,10042938,9.864
2026-08-04 15:45:00,10042924,10044877,10032490,10035661,9.528
2026-08-04 16:00:00,10035661,10039179,10023000,10026363,10.079
2026-08-04 16:15:00,10026123,10028491,10006301,10028235,13.558
2026-08-04 16:30:00,10026785,10044149,10025253,10037075,7.758
2026-08-04 16:45:00,10038145,10050000,10037440,10041000,14.945
2026-08-04 17:00:00,10040340,10046384,10029238,10032516,7.704
2026-08-04 17:15:00,10032944,10036821,10023707,10028478,6.6
2026-08-04 17:30:00,10029047,10029047,10018277,10028078,6.518
2026-08-04 17:45:00,10028864,10030571,10023239,10025046,5.654
2026-08-04 18:00:00,10024915,10032712,10023500,10027738,13.656
2026-08-04 18:15:00,10027716,10034029,10020622,10030557,5.084
2026-08-04 18:30:00,10028981,10034520,10023281,10029720,6.016
2026-08-04 18:45:00,10029637,10039000,10027017,10035505,6.176
2026-08-04 19:00:00,10036988,10038673,10023356,10023762,5.737
2026-08-04 19:15:00,10022644,10031855,10014292,10015199,6.05
2026-08-04 19:30:00,10015018,10045000,10014000,10041644,13.245
2026-08-04 19:45:00,10040939,10066340,10039283,10051893,17.152
2026-08-04 20:00:00,10053792,10058794,10043250,10046403,8.452
2026-08-04 20:15:00,10045465,10062790,10041031,10052797,11.058
2026-08-04 20:30:00,10050830,10057344,10032344,10054830,18.463
2026-08-04 20:45:00,10054735,10070393,10050899,10055879,25.1
2026-08-04 21:00:00,10054823,10054823,10035760,10038621,12.818
2026-08-04 21:15:00,10038751,10053358,10038751,10053358,7.032
2026-08-04 21:30:00,10053670,10081716,10046379,10065085,25.003
2026-08-04 21:45:00,10066473,10071600,10052924,10057423,8.49
2026-08-04 22:00:00,10056708,10075887,10047915,10065473,9.868
2026-08-04 22:15:00,10065832,10075228,10048370,10053378,17.212
2026-08-04 22:30:00,10052516,10076229,10039902,10063274,26.987
2026-08-04 22:45:00,10062115,10063694,10008320,10014974,35.058
2026-08-04 23:00:00,10018068,10047198,10001040,10027983,18.608
2026-08-04 23:15:00,10026091,10049901,10001600,10047904,15.115
2026-08-04 23:30:00,10048946,10099212,10043600,10091153,26.051
2026-08-04 23:45:00,10093141,10101631,10080002,10092856,15.198
2026-08-05 00:00:00,10096214,10109830,10071941,10080538,14.269
2026-08-05 00:15:00,10081091,10085451,10065272,10067459,5.848
2026-08-05 00:30:00,10067643,10089666,10045491,10088332,14.536
2026-08-05 00:45:00,10088653,10104500,10082739,10085535,18.122
2026-08-05 01:00:00,10087861,10087926,10068553,10076815,5.547
2026-08-05 01:15:00,10075891,10086234,10072623,10075513,10.056
2026-08-05 01:30:00,10074387,10081493,10059640,10067589,9.504
2026-08-05 01:45:00,10067488,10076476,10063855,10066834,6.636
2026-08-05 02:00:00,10065952,10102902,10065171,10085537,13.848
2026-08-05 02:15:00,10085657,10107103,10081462,10104045,8.591
2026-08-05 02:30:00,10103338,10106971,10092782,10093154,6.638
2026-08-05 02:45:00,10092835,10094637,10062409,10076219,8.224
2026-08-05 03:00:00,10074703,10115800,10074693,10113464,9.076
2026-08-05 03:15:00,10114107,10147773,10113328,10139585,17.463
2026-08-05 03:30:00,10142428,10145890,10116208,10130063,11.682
2026-08-05 03:45:00,10130415,10136759,10127423,10132943,10.602
2026-08-05 04:00:00,10132943,10147097,10128714,10144338,15.6
2026-08-05 04:15:00,10145261,10149166,10131109,10132971,7.108
2026-08-05 04:30:00,10131978,10153770,10127222,10148838,11.913
2026-08-05 04:45:00,10150726,10152300,10126307,10128349,8.728
2026-08-05 05:00:00,10130512,10132640,10110932,10122756,19.511
2026-08-05 05:15:00,10120932,10120932,10088331,10110000,9.927
2026-08-05 05:30:00,10112693,10155492,10112693,10150631,17.395
2026-08-05 05:45:00,10149609,10149609,10136220,10142705,6.848
2026-08-05 06:00:00,10142905,10143306,10125000,10128235,9.108
2026-08-05 06:15:00,10130935,10137535,10121770,10131680,4.664
2026-08-05 06:30:00,10130226,10137202,10122183,10133206,5.954
2026-08-05 06:45:00,10132000,10134667,10119689,10124213,7.388
2026-08-05 07:00:00,10124422,10128426,10112544,10126776,6.814
2026-08-05 07:15:00,10125786,10132640,10118864,10131517,5.699
2026-08-05 07:30:00,10129907,10137607,10123002,10123002,3.732
2026-08-05 07:45:00,10125303,10130589,10117538,10129243,5.486
2026-08-05 08:00:00,10130227,10162858,10120430,10155104,16.698
2026-08-05 08:15:00,10154305,10174419,10120523,10120523,15.653
2026-08-05 08:30:00,10120453,10135752,10116710,10128657,8.526
2026-08-05 08:45:00,10127778,10129583,10100160,10102409,9.979
2026-08-05 09:00:00,10101302,10106709,10084840,10089696,13.565
2026-08-05 09:15:00,10087808,10092229,10080000,10090733,8.68
2026-08-05 09:30:00,10091957,10107956,10081991,10091274,10.278
2026-08-05 09:45:00,10091109,10091109,10070500,10075090,12.863
2026-08-05 10:00:00,10076524,10079751,10068720,10076145,6.964
2026-08-05 10:15:00,10074881,10100000,10070044,10097362,8.5
2026-08-05 10:30:00,10098556,10128358,10098556,10110000,9.316
2026-08-05 10:45:00,10108394,10136655,10108213,10133358,9.008
2026-08-05 11:00:00,10134770,10158902,10132628,10147865,16.128
2026-08-05 11:15:00,10148343,10149440,10127476,10140664,20.801
2026-08-05 11:30:00,10142006,10148925,10128897,10130294,7.624
2026-08-05 11:45:00,10130423,10139412,10126912,10129696,5.776
2026-08-05 12:00:00,10128508,10139768,10123450,10124352,6.412
2026-08-05 12:15:00,10123438,10124614,10082000,10083574,24.939
2026-08-05 12:30:00,10083349,10105968,10082512,10097469,8.031
2026-08-05 12:45:00,10098187,10102846,10093646,10099156,6.532
2026-08-05 13:00:00,10101154,10103625,10087828,10089018,6.849
2026-08-05 13:15:00,10088286,10101245,10084564,10097821,7.099
2026-08-05 13:30:00,10100157,10110580,10097859,10108832,2.548
2026-08-05 13:45:00,10109690,10116470,10103338,10113827,3.584
2026-08-05 14:00:00,10114427,10137914,10111780,10134250,6.562
2026-08-05 14:15:00,10132858,10162393,10130357,10148691,10.814
2026-08-05 14:30:00,10149023,10149023,10135991,10137790,4.836
2026-08-05 14:45:00,10140000,10140242,10131328,10133516,4.85
2026-08-05 15:00:00,10132553,10140864,10126482,10132628,5.21
2026-08-05 15:15:00,10132530,10140888,10130000,10134151,5.766
2026-08-05 15:30:00,10134950,10140305,10126602,10126602,6.672
2026-08-05 15:45:00,10126938,10126938,10116010,10119335,6.014
2026-08-05 16:00:00,10118872,10123731,10110795,10115493,7.788
2026-08-05 16:15:00,10112975,10114179,10089264,10100006,11.655
2026-08-05 16:30:00,10099868,10101181,10085285,10085582,4.64
2026-08-05 16:45:00,10089140,10112899,10088937,10111569,6.732
2026-08-05 17:00:00,10112899,10131748,10110544,10128525,17.241
2026-08-05 17:15:00,10129172,10139058,10121185,10137110,4.197
2026-08-05 17:30:00,10136583,10140787,10118813,10121964,3.648
2026-08-05 17:45:00,10120370,10125360,10111099,10114998,19.853
2026-08-05 18:00:00,10114528,10124219,10110978,10118851,4.508
2026-08-05 18:15:00,10115642,10125218,10115537,10120933,3.396
2026-08-05 18:30:00,10120481,10126514,10116000,10116000,2.996
2026-08-05 18:45:00,10116633,10120000,10113780,10117403,2.92
2026-08-05 19:00:00,10116071,10125434,10110588,10119719,4.46
2026-08-05 19:15:00,10117000,10129816,10106400,10125587,4.448
2026-08-05 19:30:00,10124900,10128488,10120858,10124587,2.401
2026-08-05 19:45:00,10122985,10125485,10094527,10097400,10.73
2026-08-05 20:00:00,10099039,10106688,10094880,10096250,8.539
2026-08-05 20:15:00,10098218,10099258,10086278,10090696,11.813
2026-08-05 20:30:00,10090020,10104137,10087896,10095327,6.239
2026-08-05 20:45:00,10094120,10096883,10085998,10089582,7.028
2026-08-05 21:00:00,10090179,10118331,10087612,10111994,11.132
2026-08-05 21:15:00,10111319,10160000,10106685,10152640,42.495
2026-08-05 21:30:00,10153998,10157000,10137681,10150343,14.321
2026-08-05 21:45:00,10150000,10150000,10131390,10133465,7.324
2026-08-05 22:00:00,10133542,10135927,10098704,10104290,18.825
2026-08-05 22:15:00,10104111,10119760,10101374,10104000,7.099
2026-08-05 22:30:00,10104856,10123233,10058506,10101183,33.314
2026-08-05 22:45:00,10103761,10141243,10081246,10141243,23.891
2026-08-05 23:00:00,10140575,10152551,10122257,10137723,16.413
2026-08-05 23:15:00,10138773,10156988,10118750,10127439,18.416
2026-08-05 23:30:00,10126699,10146422,10120339,10141607,10.698
2026-08-05 23:45:00,10140464,10159213,10129391,10145636,12.56
2026-08-06 00:00:00,10147111,10194771,10140476,10174000,30.97
2026-08-06 00:15:00,10175862,10178709,10150564,10158795,14.436
2026-08-06 00:30:00,10159454,10194998,10159454,10170018,8.086
2026-08-06 00:45:00,10168965,10172272,10146101,10147083,7.334
2026-08-06 01:00:00,10151617,10182252,10147231,10182252,9.032
2026-08-06 01:15:00,10180516,10204320,10173158,10201735,11.092
2026-08-06 01:30:00,10202385,10202963,10188774,10192569,5.196
2026-08-06 01:45:00,10190359,10197313,10183000,10194060,5.348
2026-08-06 02:00:00,10195410,10198735,10179189,10181807,7.796
2026-08-06 02:15:00,10180250,10187857,10174069,10182055,7.792
2026-08-06 02:30:00,10180284,10200242,10177676,10191844,11.062
2026-08-06 02:45:00,10191488,10208562,10189000,10202000,12.584
2026-08-06 03:00:00,10202432,10209078,10186209,10209078,10.008
2026-08-06 03:15:00,10207652,10210369,10188018,10196023,7.801
2026-08-06 03:30:00,10194342,10208918,10187831,10208517,4.528
2026-08-06 03:45:00,10209068,10215272,10203282,10210226,8.054
2026-08-06 04:00:00,10209373,10229638,10207433,10221680,13.335
2026-08-06 04:15:00,10222619,10230205,10221168,10228764,5.237
2026-08-06 04:30:00,10227925,10229636,10220459,10224821,2.684
2026-08-06 04:45:00,10226112,10231543,10215520,10217471,4.112
2026-08-06 05:00:00,10216830,10232307,10211419,10232307,7.547
2026-08-06 05:15:00,10232436,10249045,10226492,10243600,23.173
2026-08-06 05:30:00,10243901,10253600,10233754,10243320,21.992
2026-08-06 05:45:00,10242605,10246257,10219469,10219829,4.326
2026-08-06 06:00:00,10218812,10219637,10199955,10212482,8.304
2026-08-06 06:15:00,10212109,10213859,10191960,10195791,5.662
2026-08-06 06:30:00,10194465,10210294,10193718,10202377,13.01
2026-08-06 06:45:00,10200326,10207657,10192675,10200172,9.286
2026-08-06 07:00:00,10200108,10204179,10186584,10195238,6.32
2026-08-06 07:15:00,10194533,10207120,10192690,10203190,5.139
2026-08-06 07:30:00,10203386,10211957,10195510,10198103,8.042
2026-08-06 07:45:00,10198352,10202063,10185284,10187000,4.458
2026-08-06 08:00:00,10186669,10195349,10177276,10191713,3.868
2026-08-06 08:15:00,10189769,10203170,10182702,10194435,5.63
2026-08-06 08:30:00,10194435,10197751,10188343,10188343,5.426
2026-08-06 08:45:00,10187466,10188215,10171338,10186602,7.855
2026-08-06 09:00:00,10187200,10194025,10180518,10180518,7.712
2026-08-06 09:15:00,10181992,10200602,10176160,10196319,5.382
2026-08-06 09:30:00,10198592,10202404,10188846,10190523,2.448
2026-08-06 09:45:00,10190505,10201012,10185203,10192931,4.959
2026-08-06 10:00:00,10190719,10193152,10181615,10187904,4.768
2026-08-06 10:15:00,10186568,10188084,10166343,10166960,5.206
2026-08-06 10:30:00,10166808,10180631,10160663,10173176,6.776
2026-08-06 10:45:00,10172505,10190000,10172505,10178674,3.526
2026-08-06 11:00:00,10176590,10185445,10166448,10170733,6.794
2026-08-06 11:15:00,10170733,10174958,10154718,10168480,13.211
2026-08-06 11:30:00,10168263,10175175,10160813,10175175,4.9
2026-08-06 11:45:00,10175954,10179625,10170000,10176474,4.091
2026-08-06 12:00:00,10176325,10178907,10167369,10177323,2.662
2026-08-06 12:15:00,10177549,10177549,10168648,10173435,1.832
2026-08-06 12:30:00,10173964,10178685,10167243,10167243,3.384
2026-08-06 12:45:00,10168324,10177051,10167000,10174262,2.348
2026-08-06 13:00:00,10172650,10183353,10164625,10179832,4.11
2026-08-06 13:15:00,10179168,10199140,10179143,10198460,8.68
2026-08-06 13:30:00,10198650,10205776,10192285,10193065,4.968
2026-08-06 13:45:00,10193995,10205283,10189303,10204077,3.154
2026-08-06 14:00:00,10205582,10244795,10205011,10232846,17.738
2026-08-06 14:15:00,10234765,10247998,10229772,10231413,7.524
2026-08-06 14:30:00,10231272,10236080,10224219,10230984,7.777
2026-08-06 14:45:00,10231287,10233249,10221745,10231220,9.674
2026-08-06 15:00:00,10230996,10230996,10209915,10212983,5.744
2026-08-06 15:15:00,10212283,10225289,10205665,10223532,7.326
2026-08-06 15:30:00,10223803,10228963,10222226,10227186,2.758
2026-08-06 15:45:00,10226752,10230922,10221317,10230589,2.014
2026-08-06 16:00:00,10230502,10241534,10222618,10240477,5.08
2026-08-06 16:15:00,10238949,10240863,10227353,10229303,5.464
2026-08-06 16:30:00,10229314,10232867,10216080,10223203,8.477
2026-08-06 16:45:00,10223827,10228740,10219528,10223759,4.684
2026-08-06 17:00:00,10225534,10230990,10217087,10220418,8.044
2026-08-06 17:15:00,10219943,10239332,10216660,10239195,4.978
2026-08-06 17:30:00,10239473,10242281,10229499,10235271,7.752
2026-08-06 17:45:00,10234730,10251919,10233733,10246123,12.899
2026-08-06 18:00:00,10246395,10246395,10220000,10221409,20.334
2026-08-06 18:15:00,10221680,10234000,10211040,10212578,13.681
2026-08-06 18:30:00,10213317,10213317,10197041,10205506,7.132
2026-08-06 18:45:00,10203952,10210000,10197538,10207716,9.342
2026-08-06 19:00:00,10205258,10209679,10191284,10195541,11.569
2026-08-06 19:15:00,10195641,10209490,10195000,10205991,10.519
2026-08-06 19:30:00,10205246,10206140,10198907,10198907,3.501
2026-08-06 19:45:00,10198011,10202640,10197109,10199913,4.604
2026-08-06 20:00:00,10200400,10200960,10182587,10193754,12.713
2026-08-06 20:15:00,10196187,10204320,10191990,10192980,7.213
2026-08-06 20:30:00,10192974,10206238,10192423,10203624,3.066
2026-08-06 20:45:00,10204180,10205801,10192693,10198000,7.124
2026-08-06 21:00:00,10198435,10200643,10172073,10175624,13.803
2026-08-06 21:15:00,10175359,10180507,10162549,10178646,14.431
2026-08-06 21:30:00,10178417,10191675,10173792,10180348,11.939
2026-08-06 21:45:00,10180853,10181579,10159520,10167533,8.72
2026-08-06 22:00:00,10163365,10165838,10129513,10140398,18.0
2026-08-06 22:15:00,10139695,10148378,10125943,10135385,14.622
2026-08-06 22:30:00,10137088,10164951,10120740,10159844,25.834
2026-08-06 22:45:00,10160401,10177531,10152921,10165000,12.652
2026-08-06 23:00:00,10164379,10204509,10155934,10187428,33.01
2026-08-06 23:15:00,10186769,10204385,10178293,10180000,23.532
2026-08-06 23:30:00,10179344,10247747,10168087,10236894,21.364
2026-08-06 23:45:00,10240810,10246605,10224851,10234000,20.848
2026-08-07 00:00:00,10235050,10278800,10234104,10263218,58.993
2026-08-07 00:15:00,10261802,10269026,10240720,10258162,28.64
2026-08-07 00:30:00,10260670,10265390,10239691,10250703,5.974
2026-08-07 00:45:00,10247315,10266925,10229479,10235850,9.48
2026-08-07 01:00:00,10237046,10253966,10231694,10240189,5.85
2026-08-07 01:15:00,10240395,10246272,10225492,10235893,16.733
2026-08-07 01:30:00,10238071,10254458,10233050,10247163,9.256
2026-08-07 01:45:00,10247481,10257540,10239023,10252203,6.548
2026-08-07 02:00:00,10254913,10264000,10244448,10244448,8.085
2026-08-07 02:15:00,10243377,10248647,10234992,10237151,5.606
2026-08-07 02:30:00,10235455,10241918,10213517,10221406,9.236
2026-08-07 02:45:00,10221696,10228853,10217761,10224784,3.388
2026-08-07 03:00:00,10223075,10228226,10200981,10212206,5.8
2026-08-07 03:15:00,10213158,10222658,10206340,10208832,5.83
2026-08-07 03:30:00,10211589,10211589,10193288,10195950,5.474
2026-08-07 03:45:00,10195916,10198977,10185785,10190414,2.296
2026-08-07 04:00:00,10190373,10201814,10189776,10198473,6.3
2026-08-07 04:15:00,10193937,10201823,10193922,10196715,3.626
2026-08-07 04:30:00,10198629,10205859,10190059,10201202,2.446
2026-08-07 04:45:00,10205015,10208948,10199802,10204210,5.398
2026-08-07 05:00:00,10205345,10221247,10205345,10220310,4.394
2026-08-07 05:15:00,10220164,10222713,10212662,10217413,18.267
2026-08-07 05:30:00,10216663,10218898,10211801,10213136,1.787
2026-08-07 05:45:00,10213278,10216080,10208653,10208653,2.398
2026-08-07 06:00:00,10208653,10218832,10208155,10214205,6.019
2026-08-07 06:15:00,10214205,10219263,10208090,10208090,2.742
2026-08-07 06:30:00,10209142,10215520,10200083,10208826,7.647
2026-08-07 06:45:00,10207190,10212616,10205109,10207027,2.883
2026-08-07 07:00:00,10207721,10210133,10198616,10207554,3.876
2026-08-07 07:15:00,10208090,10209000,10191055,10195694,3.908
2026-08-07 07:30:00,10196437,10199180,10190564,10192486,3.522
2026-08-07 07:45:00,10193793,10196461,10190350,10192939,1.66
2026-08-07 08:00:00,10190991,10195516,10187756,10188617,3.43
2026-08-07 08:15:00,10189440,10190699,10170874,10173813,5.917
2026-08-07 08:30:00,10174725,10177127,10167627,10172730,5.313
2026-08-07 08:45:00,10170227,10189531,10165480,10188379,5.244
2026-08-07 09:00:00,10187933,10202436,10185133,10186973,7.498
2026-08-07 09:15:00,10187464,10188970,10176928,10182629,3.526
2026-08-07 09:30:00,10183149,10193992,10177514,10192494,6.312
2026-08-07 09:45:00,10194290,10197338,10179206,10190000,8.654
2026-08-07 10:00:00,10193329,10212720,10190826,10192769,6.155
2026-08-07 10:15:00,10191505,10202026,10183541,10201566,4.438
2026-08-07 10:30:00,10200294,10208799,10176792,10186206,8.398
2026-08-07 10:45:00,10187760,10200124,10187760,10195683,3.623
2026-08-07 11:00:00,10195673,10198075,10171054,10188524,6.232
2026-08-07 11:15:00,10190448,10212195,10175270,10177248,23.471
2026-08-07 11:30:00,10180390,10191884,10170781,10190108,10.136
2026-08-07 11:45:00,10190185,10199307,10185497,10188597,9.054
2026-08-07 12:00:00,10186767,10192560,10175000,10181342,11.955
2026-08-07 12:15:00,10181323,10183343,10171795,10179339,7.65
2026-08-07 12:30:00,10179569,10188326,10176346,10184005,6.862
2026-08-07 12:45:00,10181433,10189501,10172000,10175689,5.562
2026-08-07 13:00:00,10174799,10181376,10168681,10178085,11.346
2026-08-07 13:15:00,10178000,10184832,10171840,10174914,8.032
2026-08-07 13:30:00,10173807,10183504,10169995,10170821,6.526
2026-08-07 13:45:00,10171645,10173634,10153887,10168212,9.876
2026-08-07 14:00:00,10168475,10169530,10158091,10166692,2.988
2026-08-07 14:15:00,10165174,10168898,10154848,10157877,2.888
2026-08-07 14:30:00,10157856,10176228,10157856,10173027,2.504
2026-08-07 14:45:00,10173850,10186581,10165369,10178672,5.26
2026-08-07 15:00:00,10176361,10190500,10173870,10188808,3.99
2026-08-07 15:15:00,10187161,10194970,10182185,10188945,4.943
2026-08-07 15:30:00,10189228,10190115,10175078,10180995,5.322
2026-08-07 15:45:00,10180609,10184316,10171053,10175007,8.904
2026-08-07 16:00:00,10173555,10185774,10168033,10180263,6.751
2026-08-07 16:15:00,10179686,10197000,10179680,10193680,11.718
2026-08-07 16:30:00,10194155,10197254,10188518,10190460,5.61
2026-08-07 16:45:00,10190095,10199321,10184775,10188551,6.008
2026-08-07 17:00:00,10186400,10197893,10182425,10194522,7.06
2026-08-07 17:15:00,10194481,10207462,10194167,10205815,5.684
2026-08-07 17:30:00,10207623,10234298,10207012,10229921,19.701
2026-08-07 17:45:00,10227622,10227622,10220033,10225025,3.391
2026-08-07 18:00:00,10225729,10250000,10223167,10245296,15.285
2026-08-07 18:15:00,10243642,10266102,10241894,10257173,9.518
2026-08-07 18:30:00,10258500,10275000,10254160,10267799,12.244
2026-08-07 18:45:00,10269000,10269033,10255091,10259666,11.24
2026-08-07 19:00:00,10260000,10265141,10253343,10261217,6.56
2026-08-07 19:15:00,10260702,10269519,10256144,10267743,2.13
2026-08-07 19:30:00,10268440,10272340,10256960,10258000,4.222
2026-08-07 19:45:00,10260075,10267779,10259208,10263578,3.304
2026-08-07 20:00:00,10265011,10278211,10262560,10276794,11.459
2026-08-07 20:15:00,10276794,10326400,10273273,10298967,33.051
2026-08-07 20:30:00,10300801,10302787,10283280,10285976,15.281
2026-08-07 20:45:00,10287505,10291109,10282500,10287039,4.694
2026-08-07 21:00:00,10286812,10330000,10286422,10317581,20.544
2026-08-07 21:15:00,10318458,10320728,10300000,10307683,12.65
2026-08-07 21:30:00,10307625,10400000,10204481,10254729,104.174
2026-08-07 21:45:00,10255021,10288788,10253087,10280710,21.526
2026-08-07 22:00:00,10283262,10291120,10263538,10266023,15.123
2026-08-07 22:15:00,10266352,10280641,10254261,10263555,12.054
2026-08-07 22:30:00,10263256,10296557,10254587,10290943,19.995
2026-08-07 22:45:00,10291785,10297308,10250000,10255554,21.665
2026-08-07 23:00:00,10255554,10262372,10223462,10233280,31.818
2026-08-07 23:15:00,10232871,10295253,10226755,10289563,17.345
2026-08-07 23:30:00,10289416,10300000,10272641,10278729,15.49
2026-08-07 23:45:00,10277881,10287499,10258416,10263509,8.848
2026-08-08 00:00:00,10264931,10273760,10256182,10260564,8.428
2026-08-08 00:15:00,10258939,10268387,10250285,10259988,6.862
2026-08-08 00:30:00,10259823,10278240,10240942,10248809,9.631
2026-08-08 00:45:00,10245847,10254875,10232000,10233054,9.391
2026-08-08 01:00:00,10234857,10250453,10231093,10244673,6.743
2026-08-08 01:15:00,10242547,10246000,10217217,10222134,11.261
2026-08-08 01:30:00,10225040,10230644,10212402,10227628,4.89
2026-08-08 01:45:00,10227706,10227706,10210000,10210000,5.56
2026-08-08 02:00:00,10210352,10214232,10187637,10189679,9.07
2026-08-08 02:15:00,10189241,10199280,10168897,10174874,17.415
2026-08-08 02:30:00,10172245,10191399,10160000,10189027,9.594
2026-08-08 02:45:00,10190115,10204104,10185853,10202982,4.746
2026-08-08 03:00:00,10204881,10228025,10203267,10224214,4.326
2026-08-08 03:15:00,10225686,10225686,10213743,10217391,3.266
2026-08-08 03:30:00,10217696,10221025,10203448,10203448,3.678
2026-08-08 03:45:00,10203520,10207109,10194262,10203679,3.244
2026-08-08 04:00:00,10205500,10227162,10204555,10221891,5.796
2026-08-08 04:15:00,10223720,10240168,10222736,10231188,5.542
2026-08-08 04:30:00,10231888,10241389,10228375,10234169,5.306
2026-08-08 04:45:00,10233640,10241948,10232417,10238455,3.634
2026-08-08 05:00:00,10239941,10252577,10237837,10251395,3.626
2026-08-08 05:15:00,10251406,10259195,10249952,10254376,1.724
2026-08-08 05:30:00,10253973,10261469,10251298,10256026,1.94
2026-08-08 05:45:00,10256456,10260881,10254621,10256515,2.77
2026-08-08 06:00:00,10257980,10268000,10257980,10265256,3.312
2026-08-08 06:15:00,10265487,10267892,10255000,10263587,2.76
2026-08-08 06:30:00,10263460,10280840,10260952,10265577,5.554
2026-08-08 06:45:00,10267371,10269035,10253386,10253479,1.86
2026-08-08 07:00:00,10253565,10253944,10247684,10251715,3.976
2026-08-08 07:15:00,10252000,10255832,10244848,10248820,2.772
2026-08-08 07:30:00,10249890,10249890,10232458,10232458,3.764
2026-08-08 07:45:00,10236849,10245799,10235425,10239269,3.268
2026-08-08 08:00:00,10238090,10238263,10228969,10237651,3.743
2026-08-08 08:15:00,10237651,10238828,10234451,10235723,1.534
2026-08-08 08:30:00,10235104,10241329,10235104,10239587,1.338
2026-08-08 08:45:00,10240187,10242880,10237008,10241573,1.464
2026-08-08 09:00:00,10241573,10241573,10240222,10240222,0.174
2026-08-08 11:00:00,10239952,10242811,10237011,10241940,0.574
2026-08-08 11:15:00,10241621,10244459,10240860,10242911,1.544
2026-08-08 11:30:00,10243806,10248659,10240320,10243892,2.092
2026-08-08 11:45:00,10243892,10244406,10242509,10244321,1.128
2026-08-08 12:00:00,10244321,10248565,10242901,10245464,1.95
2026-08-08 12:15:00,10248413,10260650,10248413,10258621,3.882
2026-08-08 12:30:00,10258768,10264940,10254120,10256192,2.23
2026-08-08 12:45:00,10257048,10261107,10253501,10259402,6.252
2026-08-08 13:00:00,10258766,10265366,10252259,10254330,4.328
2026-08-08 13:15:00,10253888,10260010,10253888,10259287,1.348
2026-08-08 13:30:00,10259287,10265366,10258792,10261810,3.25
2026-08-08 13:45:00,10261646,10265015,10259759,10260194,1.946
2026-08-08 14:00:00,10261249,10265918,10261022,10261022,1.908
2026-08-08 14:15:00,10261859,10270000,10261859,10269328,5.518
2026-08-08 14:30:00,10269564,10269991,10267186,10267752,0.584
2026-08-08 14:45:00,10267752,10269280,10262474,10267098,1.574
2026-08-08 15:00:00,10267043,10267043,10261903,10262500,0.51
2026-08-08 15:15:00,10262500,10263903,10260003,10262183,1.182
2026-08-08 15:30:00,10262094,10262412,10251804,10261712,3.126
2026-08-08 15:45:00,10263557,10266769,10262253,10262417,0.544
2026-08-08 16:00:00,10262320,10263788,10258206,10261907,2.266
2026-08-08 16:15:00,10262968,10264312,10260208,10262554,1.25
2026-08-08 16:30:00,10262554,10262554,10256085,10257103,3.265
2026-08-08 16:45:00,10256902,10261434,10256902,10259737,1.128
2026-08-08 17:00:00,10257725,10260482,10256717,10259972,1.245
2026-08-08 17:15:00,10259466,10262000,10258231,10262000,0.354
2026-08-08 17:30:00,10260614,10266498,10259794,10263564,1.41
2026-08-08 17:45:00,10261740,10261893,10254449,10258046,2.198
2026-08-08 18:00:00,10258543,10260601,10257564,10258272,0.426
2026-08-08 18:15:00,10258845,10262612,10258000,10262259,0.926
2026-08-08 18:30:00,10262999,10268420,10261626,10263639,3.998
2026-08-08 18:45:00,10264056,10265762,10261013,10261423,0.602
2026-08-08 19:00:00,10261001,10266053,10261000,10262508,1.888
2026-08-08 19:15:00,10262454,10265930,10260272,10265400,0.896
2026-08-08 19:30:00,10265593,10265593,10261120,10262836,0.744
2026-08-08 19:45:00,10262198,10263123,10261031,10261096,0.276
2026-08-08 20:00:00,10260045,10264612,10260045,10262164,0.67
2026-08-08 20:15:00,10260504,10260504,10255120,10256806,0.868
2026-08-08 20:30:00,10256369,10258166,10255731,10255895,0.354
2026-08-08 20:45:00,10255749,10257182,10253103,10256102,0.914
2026-08-08 21:00:00,10256102,10263887,10245904,10263887,2.636
2026-08-08 21:15:00,10262350,10269180,10254634,10255957,4.258
2026-08-08 21:30:00,10256042,10261499,10256042,10258821,1.774
2026-08-08 21:45:00,10259978,10265076,10259095,10261093,2.232
2026-08-08 22:00:00,10260787,10263476,10259200,10261726,0.954
2026-08-08 22:15:00,10262129,10264693,10259635,10260647,0.79
2026-08-08 22:30:00,10261502,10261502,10260000,10260441,1.162
2026-08-08 22:45:00,10260362,10263170,10258682,10262196,0.748
2026-08-08 23:00:00,10262196,10267510,10261441,10265774,1.048
2026-08-08 23:15:00,10268102,10280000,10264526,10276500,6.654
2026-08-08 23:30:00,10276500,10288821,10274650,10277859,13.646
2026-08-08 23:45:00,10275740,10287062,10275740,10278393,7.096
2026-08-09 00:00:00,10278577,10281898,10273000,10274263,2.376
2026-08-09 00:15:00,10274719,10275531,10270477,10272591,2.606
2026-08-09 00:30:00,10272311,10272311,10267847,10268028,1.092
2026-08-09 00:45:00,10267941,10271684,10265499,10266748,1.734
2026-08-09 01:00:00,10266778,10272319,10265625,10266172,0.844
2026-08-09 01:15:00,10265000,10267037,10262749,10266864,1.874
2026-08-09 01:30:00,10263881,10264148,10256006,10261717,1.772
2026-08-09 01:45:00,10261724,10270026,10260710,10267809,1.36
2026-08-09 02:00:00,10269344,10279358,10266563,10274077,2.358
2026-08-09 02:15:00,10275679,10275679,10271142,10274539,0.862
2026-08-09 02:30:00,10272884,10279300,10272108,10275604,1.404
2026-08-09 02:45:00,10275909,10276770,10273825,10276770,2.256
2026-08-09 03:00:00,10276977,10278117,10272995,10274320,0.488
2026-08-09 03:15:00,10272808,10273112,10260584,10263080,2.802
2026-08-09 03:30:00,10261916,10266845,10260957,10264897,1.346
2026-08-09 03:45:00,10263904,10263904,10262769,10262769,0.044
2026-08-09 04:00:00,10262816,10262816,10258858,10259700,1.528
2026-08-09 04:15:00,10260737,10261242,10259952,10261242,0.126
2026-08-09 04:30:00,10260485,10264316,10260379,10264316,0.582
2026-08-09 04:45:00,10263000,10271520,10263000,10269628,1.814
2026-08-09 05:00:00,10268098,10269709,10266692,10268462,0.71
2026-08-09 05:15:00,10269469,10269469,10265817,10268268,0.424
2026-08-09 05:30:00,10267978,10271063,10266746,10268570,0.646
2026-08-09 05:45:00,10269272,10272113,10266928,10268114,2.072
2026-08-09 06:00:00,10268546,10269862,10264581,10264581,0.758
2026-08-09 06:15:00,10264386,10266174,10263358,10263814,0.638
2026-08-09 06:30:00,10263583,10267102,10261599,10266787,0.584
2026-08-09 06:45:00,10266545,10266545,10255673,10260633,1.614
2026-08-09 07:00:00,10261106,10264199,10256882,10258178,2.268
2026-08-09 07:15:00,10257197,10261430,10255164,10257378,0.796
2026-08-09 07:30:00,10257344,10258351,10253000,10253844,1.935
2026-08-09 07:45:00,10253844,10253861,10248132,10248132,1.966
2026-08-09 08:00:00,10248548,10250369,10246164,10249642,0.984
2026-08-09 08:15:00,10249639,10253465,10247598,10247598,1.521
2026-08-09 08:30:00,10248176,10254000,10247902,10252016,1.154
2026-08-09 08:45:00,10252933,10252933,10249318,10250769,0.628
2026-08-09 09:00:00,10250945,10251525,10249097,10250229,0.39
2026-08-09 09:15:00,10248079,10251534,10247445,10249514,0.604
2026-08-09 09:30:00,10249514,10253038,10249160,10250000,2.642
2026-08-09 09:45:00,10250173,10251084,10245471,10248536,1.02
2026-08-09 10:00:00,10247920,10253500,10247920,10250361,1.248
2026-08-09 10:15:00,10250584,10251000,10232178,10234223,5.83
2026-08-09 10:30:00,10234215,10239393,10233677,10237632,1.924
2026-08-09 10:45:00,10238330,10239784,10230242,10232944,2.166
2026-08-09 11:00:00,10233000,10234399,10226371,10231203,2.604
2026-08-09 11:15:00,10232481,10232874,10228917,10231548,0.91
2026-08-09 11:30:00,10232132,10232132,10222409,10222409,2.662
2026-08-09 11:45:00,10222409,10227257,10218740,10226387,3.015
2026-08-09 12:00:00,10225146,10225146,10212703,10213870,1.714
2026-08-09 12:15:00,10212425,10223464,10210489,10220283,3.893
2026-08-09 12:30:00,10220674,10223704,10216361,10223216,1.342
2026-08-09 12:45:00,10223096,10223360,10216325,10218404,5.449
2026-08-09 13:00:00,10218404,10224334,10216936,10224334,1.976
2026-08-09 13:15:00,10224334,10226709,10213950,10225733,5.114
2026-08-09 13:30:00,10226311,10227136,10222701,10223378,1.955
2026-08-09 13:45:00,10223378,10224480,10220000,10222240,0.566
2026-08-09 14:00:00,10220761,10222800,10216162,10220393,2.243
2026-08-09 14:15:00,10220518,10221276,10218791,10220229,0.326
2026-08-09 14:30:00,10219389,10221667,10219389,10221667,0.13
2026-08-09 14:45:00,10218844,10224405,10218619,10223834,0.772
2026-08-09 15:00:00,10223304,10227214,10222975,10227000,0.593
2026-08-09 15:15:00,10226423,10232345,10226423,10232313,2.911
2026-08-09 15:30:00,10232718,10233718,10231164,10232048,1.466
2026-08-09 15:45:00,10232914,10233923,10228799,10228799,0.982
2026-08-09 16:00:00,10227157,10230267,10226614,10229225,1.584
2026-08-09 16:15:00,10227919,10229399,10225365,10228960,1.209
2026-08-09 16:30:00,10228283,10230080,10225815,10227283,0.911
2026-08-09 16:45:00,10227283,10227283,10223328,10224483,1.27
2026-08-09 17:00:00,10223961,10242648,10223961,10239938,5.925
2026-08-09 17:15:00,10240227,10243900,10234040,10234562,2.448
2026-08-09 17:30:00,10235013,10237597,10220367,10220591,3.112
2026-08-09 17:45:00,10221227,10225404,10218505,10222900,3.878
2026-08-09 18:00:00,10224273,10226594,10223347,10225233,0.544
2026-08-09 18:15:00,10225233,10227550,10221347,10221998,1.508
2026-08-09 18:30:00,10222707,10225271,10222313,10224946,0.724
2026-08-09 18:45:00,10225271,10233579,10224577,10233543,1.884
2026-08-09 19:00:00,10234075,10244728,10233026,10243669,2.17
2026-08-09 19:15:00,10243270,10248073,10241821,10245640,1.672
2026-08-09 19:30:00,10245640,10247781,10240758,10242563,2.136
2026-08-09 19:45:00,10243322,10248223,10243134,10245468,1.828
2026-08-09 20:00:00,10245676,10248627,10244930,10248000,1.194
2026-08-09 20:15:00,10248248,10248620,10245740,10245740,1.056
2026-08-09 20:30:00,10245741,10251412,10245741,10248560,1.726
2026-08-09 20:45:00,10249836,10253826,10243795,10244727,5.755
2026-08-09 21:00:00,10242888,10247434,10238802,10245385,2.198
2026-08-09 21:15:00,10244696,10247684,10244560,10245281,1.172
2026-08-09 21:30:00,10245051,10245854,10241745,10242367,0.984
2026-08-09 21:45:00,10244171,10246589,10242463,10246589,0.336
2026-08-09 22:00:00,10246589,10258000,10246589,10253098,2.058
2026-08-09 22:15:00,10254697,10265000,10253042,10263466,5.024
2026-08-09 22:30:00,10264642,10290000,10261060,10281600,14.326
2026-08-09 22:45:00,10283299,10284727,10280000,10282640,2.356
2026-08-09 23:00:00,10282500,10283730,10276572,10282720,9.543
2026-08-09 23:15:00,10282160,10282160,10273000,10276440,3.257
2026-08-09 23:30:00,10277897,10281200,10270514,10272084,8.583
2026-08-09 23:45:00,10272084,10293899,10272028,10286000,4.142
2026-08-10 00:00:00,10287850,10288697,10280000,10285678,5.766
2026-08-10 00:15:00,10286644,10286886,10282538,10282696,1.095
2026-08-10 00:30:00,10283472,10286525,10282644,10284736,0.492
2026-08-10 00:45:00,10284736,10286129,10282388,10283013,2.002
2026-08-10 01:00:00,10284014,10288426,10280470,10284033,3.318
2026-08-10 01:15:00,10284308,10285204,10274430,10278000,2.796
2026-08-10 01:30:00,10280246,10287960,10280075,10284960,1.365
2026-08-10 01:45:00,10286332,10287189,10281600,10281874,0.95
2026-08-10 02:00:00,10280946,10283083,10280000,10283083,1.014
2026-08-10 02:15:00,10282730,10285935,10281837,10284423,0.8
2026-08-10 02:30:00,10284376,10285000,10281814,10284415,0.282
2026-08-10 02:45:00,10283220,10283220,10280000,10281421,1.105
2026-08-10 03:00:00,10281008,10284769,10281008,10284087,3.138
2026-08-10 03:15:00,10282417,10284034,10280044,10284033,1.96
2026-08-10 03:30:00,10282528,10284616,10281112,10282959,0.388
2026-08-10 03:45:00,10282370,10282370,10279095,10280746,1.684
2026-08-10 04:00:00,10281044,10282941,10278207,10279760,1.23
2026-08-10 04:15:00,10281028,10283205,10281028,10281921,0.508
2026-08-10 04:30:00,10282613,10282650,10280807,10280907,0.262
2026-08-10 04:45:00,10281673,10282223,10277992,10279229,1.154
2026-08-10 05:00:00,10280189,10280896,10260572,10262678,5.047
2026-08-10 05:15:00,10261999,10272086,10261352,10267689,5.045
2026-08-10 05:30:00,10269397,10273952,10267471,10269319,2.172
2026-08-10 05:45:00,10270155,10272398,10266845,10270344,1.922
2026-08-10 06:00:00,10271022,10271184,10267622,10268249,1.336
2026-08-10 06:15:00,10269489,10269750,10264251,10268934,1.534
2026-08-10 06:30:00,10268934,10287175,10268186,10281500,8.133
2026-08-10 06:45:00,10281875,10283682,10277313,10278110,1.587
2026-08-10 07:00:00,10278535,10328080,10276001,10318000,15.752
2026-08-10 07:15:00,10316682,10319163,10289854,10295618,9.927
2026-08-10 07:30:00,10296130,10296967,10254171,10263900,11.751
2026-08-10 07:45:00,10263139,10276575,10255929,10271218,6.857
2026-08-10 08:00:00,10269638,10274942,10253720,10257039,6.504
2026-08-10 08:15:00,10256000,10262986,10242076,10245760,14.299
2026-08-10 08:30:00,10244199,10248560,10235285,10243291,9.874
2026-08-10 08:45:00,10243909,10249018,10232188,10245115,6.734
2026-08-10 09:00:00,10242770,10309900,10233046,10273300,15.468
2026-08-10 09:15:00,10275054,10283956,10253949,10260000,8.472
2026-08-10 09:30:00,10260000,10268670,10235164,10239600,11.289
2026-08-10 09:45:00,10240160,10264973,10238794,10253699,8.634
2026-08-10 10:00:00,10256031,10272026,10251680,10265168,8.041
2026-08-10 10:15:00,10269808,10283655,10267239,10272541,4.454
2026-08-10 10:30:00,10270962,10274201,10258421,10271144,8.517
2026-08-10 10:45:00,10271235,10331059,10267544,10309216,30.895
2026-08-10 11:00:00,10309632,10309741,10290000,10295775,9.093
2026-08-10 11:15:00,10294962,10296340,10265273,10271811,11.992
2026-08-10 11:30:00,10275130,10315062,10273567,10309991,8.006
2026-08-10 11:45:00,10309144,10309524,10289896,10291726,6.666
2026-08-10 12:00:00,10289790,10293693,10270000,10270000,9.232
2026-08-10 12:15:00,10270727,10300000,10263545,10276396,9.963
2026-08-10 12:30:00,10278623,10290017,10274573,10279899,6.878
2026-08-10 12:45:00,10282395,10285969,10271431,10274273,4.126
2026-08-10 13:00:00,10274273,10291133,10271593,10290208,5.225
2026-08-10 13:15:00,10290346,10295957,10283179,10283290,2.742
2026-08-10 13:30:00,10283731,10287457,10270000,10284399,6.185
2026-08-10 13:45:00,10283826,10290266,10279660,10288259,3.306
2026-08-10 14:00:00,10286892,10294139,10281960,10285937,2.72
2026-08-10 14:15:00,10286953,10296464,10286731,10291199,3.634
2026-08-10 14:30:00,10291489,10298666,10289966,10298053,3.836
2026-08-10 14:45:00,10298261,10307766,10293749,10304160,11.275
2026-08-10 15:00:00,10304533,10325284,10302305,10317349,25.661
2026-08-10 15:15:00,10317377,10323997,10312954,10315423,11.932
2026-08-10 15:30:00,10316317,10323818,10312400,10323000,4.355
2026-08-10 15:45:00,10323000,10342080,10320202,10331731,16.878
2026-08-10 16:00:00,10331731,10334990,10327023,10329269,5.674
2026-08-10 16:15:00,10329402,10346205,10326001,10345029,15.339
2026-08-10 16:30:00,10344214,10351994,10342189,10344115,11.82
2026-08-10 16:45:00,10343638,10345592,10327270,10330000,7.268
2026-08-10 17:00:00,10330000,10344000,10329514,10337971,5.347
2026-08-10 17:15:00,10336445,10347766,10332934,10341934,2.558
2026-08-10 17:30:00,10343637,10347947,10328772,10336147,4.254
2026-08-10 17:45:00,10336001,10348082,10334397,10345953,2.508
2026-08-10 18:00:00,10344997,10348200,10339449,10343297,2.818
2026-08-10 18:15:00,10343159,10346099,10332969,10334833,2.246
2026-08-10 18:30:00,10333384,10333384,10321137,10323121,5.168
2026-08-10 18:45:00,10324100,10324100,10312746,10315036,10.257
2026-08-10 19:00:00,10315467,10330490,10314979,10327231,5.657
2026-08-10 19:15:00,10328205,10330500,10320414,10320766,7.167
2026-08-10 19:30:00,10322000,10325426,10316873,10317126,1.864
2026-08-10 19:45:00,10316966,10323111,10316669,10319062,2.147
2026-08-10 20:00:00,10320312,10326851,10314748,10320893,3.868
2026-08-10 20:15:00,10322040,10330000,10321899,10327184,1.686
2026-08-10 20:30:00,10328281,10332000,10323643,10323643,2.042
2026-08-10 20:45:00,10323807,10338165,10321134,10334501,4.574
2026-08-10 21:00:00,10334726,10354590,10320153,10325652,26.999
2026-08-10 21:15:00,10327436,10327436,10317183,10319573,4.124
2026-08-10 21:30:00,10320340,10323595,10303627,10321418,10.363
2026-08-10 21:45:00,10323439,10323439,10301410,10305367,8.992
2026-08-10 22:00:00,10305081,10313878,10300601,10308627,4.93
2026-08-10 22:15:00,10308627,10320769,10308000,10314237,4.754
2026-08-10 22:30:00,10313773,10315037,10264222,10274359,29.296
2026-08-10 22:45:00,10272744,10279930,10250168,10258260,17.405
2026-08-10 23:00:00,10257212,10283234,10256675,10281215,10.598
2026-08-10 23:15:00,10280197,10293239,10272747,10286078,6.71
2026-08-10 23:30:00,10284243,10300936,10281980,10291108,6.64
2026-08-10 23:45:00,10291520,10294254,10257737,10260497,10.163
2026-08-11 00:00:00,10259912,10277276,10251122,10252486,10.339
2026-08-11 00:15:00,10251122,10266300,10214466,10229365,20.159
2026-08-11 00:30:00,10230020,10234164,10202403,10221650,22.483
2026-08-11 00:45:00,10218643,10222970,10193995,10211960,12.198
2026-08-11 01:00:00,10209908,10223932,10193325,10200734,13.585
2026-08-11 01:15:00,10200000,10200038,10164092,10184009,13.491
2026-08-11 01:30:00,10182145,10196772,10161709,10165796,18.614
2026-08-11 01:45:00,10166872,10167782,10140000,10155291,22.727
2026-08-11 02:00:00,10157618,10181022,10145184,10175975,9.596
2026-08-11 02:15:00,10175335,10175335,10162256,10162256,3.92
2026-08-11 02:30:00,10160624,10179825,10156715,10169859,8.547
2026-08-11 02:45:00,10168161,10172252,10158308,10169617,5.926
2026-08-11 03:00:00,10170859,10180400,10160042,10165313,4.794
2026-08-11 03:15:00,10163066,10178186,10158671,10160856,3.793
2026-08-11 03:30:00,10161475,10164754,10147296,10160817,14.17
2026-08-11 03:45:00,10161625,10176910,10155930,10169040,10.958
2026-08-11 04:00:00,10166779,10176277,10166393,10174572,1.93
2026-08-11 04:15:00,10174236,10190418,10169819,10190418,3.594
2026-08-11 04:30:00,10191426,10207627,10177632,10194564,12.178
2026-08-11 04:45:00,10196390,10199902,10185442,10199902,3.454
2026-08-11 05:00:00,10199902,10207120,10194324,10200599,3.968
2026-08-11 05:15:00,10201153,10213629,10199296,10212918,2.66
2026-08-11 05:30:00,10213573,10227280,10210944,10220037,5.638
2026-08-11 05:45:00,10221042,10221042,10210824,10213000,4.83
2026-08-11 06:00:00,10212442,10213590,10201520,10207512,4.675
2026-08-11 06:15:00,10208150,10211147,10198986,10208883,4.308
2026-08-11 06:30:00,10209508,10209597,10195817,10198246,5.91
2026-08-11 06:45:00,10197303,10197303,10183433,10184000,5.155
2026-08-11 07:00:00,10184000,10197432,10179270,10194537,10.38
2026-08-11 07:15:00,10194403,10197732,10186227,10188566,2.166
2026-08-11 07:30:00,10188615,10190664,10173261,10180437,5.114
2026-08-11 07:45:00,10180824,10187342,10179558,10187342,1.326
2026-08-11 08:00:00,10185853,10187062,10181278,10183000,2.59
2026-08-11 08:15:00,10184324,10187637,10177499,10185459,4.02
2026-08-11 08:30:00,10185813,10185909,10174586,10181627,3.96
2026-08-11 08:45:00,10181519,10181675,10172052,10173280,2.932
2026-08-11 09:00:00,10172921,10175023,10160000,10173852,8.57
2026-08-11 09:15:00,10175929,10181637,10166891,10178056,3.416
2026-08-11 09:30:00,10180092,10181687,10162441,10167442,8.138
2026-08-11 09:45:00,10166692,10187351,10165065,10183674,6.948
2026-08-11 10:00:00,10184754,10191097,10173781,10186755,4.98
2026-08-11 10:15:00,10186340,10188867,10173025,10187038,6.496
2026-08-11 10:30:00,10186459,10186866,10171338,10177522,4.806
2026-08-11 10:45:00,10178969,10196125,10177773,10189641,3.416
2026-08-11 11:00:00,10190848,10202304,10190783,10194621,4.826
2026-08-11 11:15:00,10194718,10202627,10194718,10200012,2.52
2026-08-11 11:30:00,10199000,10202420,10193951,10200452,2.378
2026-08-11 11:45:00,10199033,10201136,10194443,10196137,1.212
2026-08-11 12:00:00,10196137,10202995,10190320,10198212,5.77
2026-08-11 12:15:00,10199152,10207720,10198212,10199755,5.758
2026-08-11 12:30:00,10199755,10206940,10199750,10204241,2.612
2026-08-11 12:45:00,10202658,10203883,10197687,10203883,2.86
2026-08-11 13:00:00,10203263,10205343,10196560,10198248,3.216
2026-08-11 13:15:00,10197877,10198722,10191854,10193679,2.168
2026-08-11 13:30:00,10193527,10195744,10191440,10193279,1.929
2026-08-11 13:45:00,10193162,10194320,10183008,10183040,3.895
2026-08-11 14:00:00,10182404,10187129,10179065,10184345,2.564
2026-08-11 14:15:00,10185047,10185871,10171798,10174533,3.664
2026-08-11 14:30:00,10174533,10186155,10172920,10182407,2.308
2026-08-11 14:45:00,10183102,10184402,10177795,10177795,1.038
2026-08-11 15:00:00,10176892,10190474,10174300,10187036,3.198
2026-08-11 15:15:00,10186003,10187641,10170587,10170587,2.594
2026-08-11 15:30:00,10171721,10176713,10165592,10169661,4.152
2026-08-11 15:45:00,10169649,10177323,10158628,10176173,7.062
2026-08-11 16:00:00,10177069,10188822,10177069,10181193,3.65
2026-08-11 16:15:00,10179625,10182122,10173648,10174212,2.141
2026-08-11 16:30:00,10172787,10200000,10172787,10199011,7.986
2026-08-11 16:45:00,10198837,10204430,10196827,10203282,4.637
2026-08-11 17:00:00,10204159,10207178,10196252,10196252,7.815
2026-08-11 17:15:00,10196163,10204289,10195873,10195954,4.976
2026-08-11 17:30:00,10195954,10206844,10195714,10205365,1.764
2026-08-11 17:45:00,10205258,10213611,10200681,10208799,3.935
2026-08-11 18:00:00,10210000,10216328,10208862,10212441,1.828
2026-08-11 18:15:00,10213886,10222476,10213562,10218365,4.066
2026-08-11 18:30:00,10219073,10226595,10216046,10225332,6.25
2026-08-11 18:45:00,10224510,10232771,10222800,10231951,3.346
2026-08-11 19:00:00,10232532,10236346,10224200,10225413,6.101
2026-08-11 19:15:00,10223842,10233746,10217385,10231300,5.368
2026-08-11 19:30:00,10232377,10233716,10224073,10227467,1.664
2026-08-11 19:45:00,10227379,10229106,10216640,10217368,5.152
2026-08-11 20:00:00,10218249,10236358,10217760,10230785,10.247
2026-08-11 20:15:00,10229170,10233584,10225040,10230706,3.863
2026-08-11 20:30:00,10229897,10233403,10228400,10232546,3.045
2026-08-11 20:45:00,10232310,10247398,10232310,10240720,9.869
2026-08-11 21:00:00,10241064,10258450,10241064,10255000,17.512
2026-08-11 21:15:00,10254720,10255000,10231242,10234560,11.717
2026-08-11 21:30:00,10234885,10248029,10233208,10237368,7.767
2026-08-11 21:45:00,10237368,10242491,10234204,10240436,4.538
2026-08-11 22:00:00,10240197,10243704,10229000,10236348,5.484
2026-08-11 22:15:00,10235975,10238178,10211212,10217881,7.642
2026-08-11 22:30:00,10215555,10223224,10193536,10215236,13.67
2026-08-11 22:45:00,10214032,10221107,10195000,10218461,17.045
2026-08-11 23:00:00,10217237,10229815,10205211,10223909,11.104
2026-08-11 23:15:00,10226438,10230800,10175000,10196480,20.342
2026-08-11 23:30:00,10195001,10199041,10170807,10182784,15.933
2026-08-11 23:45:00,10185266,10190000,10143593,10155155,20.986
2026-08-12 00:00:00,10154648,10165680,10143996,10153040,14.05
2026-08-12 00:15:00,10152287,10165088,10141301,10163571,14.406
2026-08-12 00:30:00,10163571,10164284,10106968,10124085,30.036
2026-08-12 00:45:00,10122917,10135892,10107862,10128788,7.245
2026-08-12 01:00:00,10126614,10133082,10117444,10123851,7.028
2026-08-12 01:15:00,10125987,10133043,10120000,10125573,6.474
2026-08-12 01:30:00,10124708,10128856,10107193,10107365,5.226
2026-08-12 01:45:00,10107365,10115817,10100000,10107835,6.242
2026-08-12 02:00:00,10108681,10115240,10104125,10111189,2.898
2026-08-12 02:15:00,10108907,10127745,10108179,10123665,2.876
2026-08-12 02:30:00,10125039,10128522,10117445,10121321,1.428
2026-08-12 02:45:00,10118176,10130111,10117229,10126180,6.911
2026-08-12 03:00:00,10124997,10133302,10119591,10126379,3.742
2026-08-12 03:15:00,10124136,10130839,10110643,10110643,4.726
2026-08-12 03:30:00,10111960,10116145,10077020,10083767,25.444
2026-08-12 03:45:00,10084480,10096027,10083348,10094560,2.809
2026-08-12 04:00:00,10093681,10095680,10070000,10074400,8.232
2026-08-12 04:15:00,10074781,10094377,10073966,10087585,5.381
2026-08-12 04:30:00,10088387,10103179,10086250,10101794,2.69
2026-08-12 04:45:00,10100881,10115727,10089407,10115254,3.466
2026-08-12 05:00:00,10116507,10144268,10114875,10135280,15.961
2026-08-12 05:15:00,10136060,10136060,10123120,10132260,5.161
2026-08-12 05:30:00,10131202,10145263,10131202,10140100,6.326
2026-08-12 05:45:00,10139167,10148000,10139167,10142808,4.489
2026-08-12 06:00:00,10142835,10146024,10140595,10142368,3.92
2026-08-12 06:15:00,10142857,10150000,10128721,10131027,6.307
2026-08-12 06:30:00,10131027,10134010,10123013,10129432,4.49
2026-08-12 06:45:00,10131040,10136256,10127040,10134208,1.873
2026-08-12 07:00:00,10133687,10149076,10133687,10143051,7.924
2026-08-12 07:15:00,10142209,10147504,10135440,10139519,6.51
2026-08-12 07:30:00,10139896,10141000,10128000,10128096,3.462
2026-08-12 07:45:00,10128039,10131358,10122743,10127938,2.694
2026-08-12 08:00:00,10127938,10127938,10111362,10117050,4.332
2026-08-12 08:15:00,10116959,10122033,10109118,10118418,6.292
2026-08-12 08:30:00,10118867,10125109,10116190,10124953,2.148
2026-08-12 08:45:00,10123475,10129034,10116324,10117549,2.608
2026-08-12 09:00:00,10116012,10117596,10105559,10116654,3.984
2026-08-12 09:15:00,10116564,10134387,10111703,10129304,3.462
2026-08-12 09:30:00,10129304,10137250,10129304,10135699,2.85
2026-08-12 09:45:00,10137053,10145813,10137053,10144996,2.676
2026-08-12 10:00:00,10144560,10152417,10141230,10150995,3.353
2026-08-12 10:15:00,10150101,10150101,10143583,10146465,2.331
2026-08-12 10:30:00,10146195,10157000,10136557,10157000,6.035
2026-08-12 10:45:00,10155013,10161807,10151911,10157834,7.864
2026-08-12 11:00:00,10157834,10169298,10157834,10165618,6.708
2026-08-12 11:15:00,10166694,10175881,10156863,10174660,6.08
2026-08-12 11:30:00,10175878,10177716,10153778,10156236,6.416
2026-08-12 11:45:00,10155876,10157782,10150489,10154000,1.736
2026-08-12 12:00:00,10154000,10160578,10148335,10149876,4.24
2026-08-12 12:15:00,10149739,10160803,10148772,10156361,4.434
2026-08-12 12:30:00,10153855,10170714,10152533,10165082,5.006
2026-08-12 12:45:00,10165576,10170344,10158710,10168023,5.712
2026-08-12 13:00:00,10168023,10170755,10158932,10161570,4.884
2026-08-12 13:15:00,10163602,10178825,10160968,10162619,7.91
2026-08-12 13:30:00,10163117,10163117,10154130,10157456,4.088
2026-08-12 13:45:00,10156264,10166730,10153876,10155388,6.918
2026-08-12 14:00:00,10156677,10165223,10151719,10165223,2.594
2026-08-12 14:15:00,10164580,10168943,10163530,10168943,1.454
2026-08-12 14:30:00,10168943,10172154,10158545,10163727,7.226
2026-08-12 14:45:00,10163981,10168359,10159162,10164825,3.772
2026-08-12 15:00:00,10164825,10164825,10144002,10144718,4.908
2026-08-12 15:15:00,10144612,10152790,10133219,10136946,8.27
2026-08-12 15:30:00,10135912,10141365,10130321,10136761,3.298
2026-08-12 15:45:00,10138916,10145900,10134243,10145900,3.418
2026-08-12 16:00:00,10146605,10157533,10142659,10153715,3.951
2026-08-12 16:15:00,10153643,10154391,10147411,10149205,1.874
2026-08-12 16:30:00,10148220,10154921,10140000,10142794,1.922
2026-08-12 16:45:00,10141483,10164043,10133760,10164043,4.167
2026-08-12 17:00:00,10162234,10168000,10151967,10153221,5.414
2026-08-12 17:15:00,10153227,10160000,10152914,10158487,3.194
2026-08-12 17:30:00,10158465,10158465,10148433,10150054,5.102
2026-08-12 17:45:00,10150177,10157316,10150177,10151444,4.289
2026-08-12 18:00:00,10151835,10161065,10147976,10159573,2.706
2026-08-12 18:15:00,10158223,10172777,10140000,10160943,27.268
2026-08-12 18:30:00,10164301,10181000,10162728,10175678,18.431
2026-08-12 18:45:00,10175651,10195478,10175520,10192000,11.27
2026-08-12 19:00:00,10192073,10209184,10191465,10196749,16.041
2026-08-12 19:15:00,10197688,10197688,10183568,10186000,11.902
2026-08-12 19:30:00,10187285,10202269,10186773,10196700,3.31
2026-08-12 19:45:00,10195025,10201027,10189418,10197212,4.701
2026-08-12 20:00:00,10198000,10207467,10189760,10195549,8.513
2026-08-12 20:15:00,10196301,10210000,10193959,10206299,7.986
2026-08-12 20:30:00,10205940,10208000,10196429,10199981,7.742
2026-08-12 20:45:00,10200094,10210282,10199981,10207272,5.656
2026-08-12 21:00:00,10207836,10217259,10203200,10207626,10.902
2026-08-12 21:15:00,10209293,10230000,10208240,10228896,23.85
2026-08-12 21:30:00,10229358,10235138,10164582,10175556,50.535
2026-08-12 21:45:00,10176938,10192118,10160490,10176699,18.43
2026-08-12 22:00:00,10177067,10183389,10152653,10161725,15.994
2026-08-12 22:15:00,10162366,10170885,10150242,10159017,9.026
2026-08-12 22:30:00,10158695,10172730,10145290,10169205,18.842
2026-08-12 22:45:00,10169695,10182333,10146474,10148782,15.7
2026-08-12 23:00:00,10148064,10168479,10113378,10145325,27.539
2026-08-12 23:15:00,10146124,10152171,10122403,10122403,7.746
2026-08-12 23:30:00,10121000,10128701,10100695,10117338,23.764
2026-08-12 23:45:00,10116205,10123493,10080731,10080731,14.112
2026-08-13 00:00:00,10081124,10110484,10075657,10099702,13.897
2026-08-13 00:15:00,10100874,10108360,10091639,10104625,4.896
2026-08-13 00:30:00,10105924,10118081,10086720,10112369,8.047
2026-08-13 00:45:00,10110246,10114562,10092515,10098015,6.444
2026-08-13 01:00:00,10096009,10108586,10089720,10104887,9.114
2026-08-13 01:15:00,10107348,10125059,10103078,10122404,5.511
2026-08-13 01:30:00,10123857,10126202,10116917,10117729,1.957
2026-08-13 01:45:00,10117389,10120908,10111951,10116620,3.294
2026-08-13 02:00:00,10115760,10125664,10112353,10124692,2.1
2026-08-13 02:15:00,10123676,10126427,10104885,10108598,3.018
2026-08-13 02:30:00,10106535,10121848,10104647,10118791,1.938
2026-08-13 02:45:00,10118822,10128356,10114353,10119672,2.186
2026-08-13 03:00:00,10119410,10124190,10112695,10118030,1.97
2026-08-13 03:15:00,10116726,10116726,10102850,10111270,4.37
2026-08-13 03:30:00,10110812,10125290,10106985,10110638,3.554
2026-08-13 03:45:00,10112057,10112057,10102448,10104821,0.94
2026-08-13 04:00:00,10104821,10110942,10103649,10103649,2.07
2026-08-13 04:15:00,10101671,10114587,10087478,10102268,6.375
2026-08-13 04:30:00,10101815,10104060,10095427,10096214,2.979
2026-08-13 04:45:00,10095650,10110177,10092819,10106180,3.426
2026-08-13 05:00:00,10108903,10123015,10108341,10117435,3.326
2026-08-13 05:15:00,10115863,10124468,10110244,10121773,2.172
2026-08-13 05:30:00,10121657,10129436,10121657,10124125,7.275
2026-08-13 05:45:00,10124275,10131830,10120143,10131830,7.944
2026-08-13 06:00:00,10131548,10139000,10127042,10130454,7.082
2026-08-13 06:15:00,10131428,10134000,10114629,10118249,9.107
2026-08-13 06:30:00,10116143,10128134,10106370,10125920,4.2
2026-08-13 06:45:00,10126850,10129000,10109305,10112311,5.328
2026-08-13 07:00:00,10113036,10125725,10105758,10119051,8.433
2026-08-13 07:15:00,10120450,10124169,10116173,10116173,4.824
2026-08-13 07:30:00,10114763,10117503,10094895,10099923,7.202
2026-08-13 07:45:00,10098933,10105704,10096942,10103528,4.164
2026-08-13 08:00:00,10103528,10105331,10094795,10099792,5.094
2026-08-13 08:15:00,10103390,10106035,10091309,10099265,5.038
2026-08-13 08:30:00,10099634,10109815,10097668,10099272,2.944
2026-08-13 08:45:00,10101802,10108214,10096737,10106784,4.523
2026-08-13 09:00:00,10106977,10128282,10104014,10127803,9.067
2026-08-13 09:15:00,10128195,10146621,10122246,10128033,11.11
2026-08-13 09:30:00,10127857,10127857,10105316,10109335,7.648
2026-08-13 09:45:00,10109018,10125123,10107925,10118959,6.596
2026-08-13 10:00:00,10118432,10130949,10112920,10130209,5.186
2026-08-13 10:15:00,10129783,10131135,10095381,10098226,14.391
2026-08-13 10:30:00,10098226,10114485,10095000,10095890,5.198
2026-08-13 10:45:00,10095000,10113160,10090130,10104231,4.922
2026-08-13 11:00:00,10104176,10110338,10100213,10110224,4.658
2026-08-13 11:15:00,10110224,10114453,10104559,10111541,2.836
2026-08-13 11:30:00,10111000,10116519,10098231,10114288,9.186
2026-08-13 11:45:00,10116622,10126022,10110829,10119967,6.99
2026-08-13 12:00:00,10119346,10124449,10112158,10121132,3.389
2026-08-13 12:15:00,10121810,10136767,10121302,10124299,11.256
2026-08-13 12:30:00,10124805,10132501,10122568,10124785,6.103
2026-08-13 12:45:00,10125744,10143402,10125744,10136119,11.356
2026-08-13 13:00:00,10136149,10140689,10131225,10138240,4.566
2026-08-13 13:15:00,10139213,10139213,10126715,10130017,2.156
2026-08-13 13:30:00,10128299,10145000,10128031,10142833,5.711
2026-08-13 13:45:00,10143230,10154250,10127733,10131905,15.565
2026-08-13 14:00:00,10131644,10164522,10128633,10160640,15.026
2026-08-13 14:15:00,10162950,10182700,10162950,10177000,16.956
2026-08-13 14:30:00,10177000,10179456,10168464,10172918,9.728
2026-08-13 14:45:00,10172255,10174459,10163518,10163518,5.179
2026-08-13 15:00:00,10163855,10167426,10156264,10164727,8.08
2026-08-13 15:15:00,10164570,10166906,10159604,10165680,1.7
2026-08-13 15:30:00,10165142,10166388,10153373,10154538,3.764
2026-08-13 15:45:00,10154490,10178670,10152501,10177846,8.207
2026-08-13 16:00:00,10178178,10179329,10165863,10170791,4.27
2026-08-13 16:15:00,10170905,10174059,10166135,10171698,2.798
2026-08-13 16:30:00,10173125,10174397,10168356,10168356,2.05
2026-08-13 16:45:00,10168628,10169538,10165459,10167889,1.752
2026-08-13 17:00:00,10168623,10174090,10163336,10163336,3.847
2026-08-13 17:15:00,10163336,10165192,10159540,10159556,2.706
2026-08-13 17:30:00,10158900,10163343,10157662,10162262,2.792
2026-08-13 17:45:00,10162218,10163000,10155000,10158934,6.654
2026-08-13 18:00:00,10159134,10159555,10132833,10133518,4.8
2026-08-13 18:15:00,10132833,10146288,10127258,10138719,5.402
2026-08-13 18:30:00,10138946,10146632,10138412,10145078,2.148
2026-08-13 18:45:00,10144120,10155555,10143645,10153144,3.46
2026-08-13 19:00:00,10154641,10160000,10132083,10135049,17.996
2026-08-13 19:15:00,10134714,10142280,10132230,10135311,3.571
2026-08-13 19:30:00,10133448,10134113,10125875,10133894,3.737
2026-08-13 19:45:00,10134245,10137885,10132326,10137504,1.382
2026-08-13 20:00:00,10137186,10139606,10129280,10131104,7.403
2026-08-13 20:15:00,10131209,10132506,10102650,10102955,12.359
2026-08-13 20:30:00,10102563,10107392,10089000,10104397,16.874
2026-08-13 20:45:00,10105073,10110311,10103071,10109813,4.804
2026-08-13 21:00:00,10109082,10119257,10102404,10119257,10.591
2026-08-13 21:15:00,10120568,10125431,10118830,10122079,2.544
2026-08-13 21:30:00,10121365,10134589,10104922,10122406,18.318
2026-08-13 21:45:00,10122275,10140120,10116557,10132170,8.046
2026-08-13 22:00:00,10133095,10155555,10133095,10140253,8.376
2026-08-13 22:15:00,10138973,10142349,10117748,10125876,6.464
2026-08-13 22:30:00,10122646,10162739,10118911,10152501,14.1
2026-08-13 22:45:00,10153414,10159224,10134903,10140778,8.951
2026-08-13 23:00:00,10138872,10147738,10129604,10141887,8.453
2026-08-13 23:15:00,10142474,10153756,10135107,10144490,11.194
2026-08-13 23:30:00,10143429,10171939,10137592,10166755,16.728
2026-08-13 23:45:00,10167962,10167962,10150000,10152801,8.437
2026-08-14 00:00:00,10153091,10165813,10148500,10155587,5.508
2026-08-14 00:15:00,10155587,10165824,10123751,10131900,9.546
2026-08-14 00:30:00,10130946,10146584,10127049,10140925,13.452
2026-08-14 00:45:00,10139924,10141257,10097180,10097669,12.168
2026-08-14 01:00:00,10098756,10112734,10094743,10110541,10.594
2026-08-14 01:15:00,10110989,10130316,10090253,10097629,12.207
2026-08-14 01:30:00,10099857,10111521,10013393,10039001,42.619
2026-08-14 01:45:00,10037432,10079516,10028437,10065383,11.307
2026-08-14 02:00:00,10065972,10067527,10052170,10064662,7.23
2026-08-14 02:15:00,10063083,10084987,10058279,10075780,9.416
2026-08-14 02:30:00,10077231,10088776,10064080,10084948,5.114
2026-08-14 02:45:00,10083284,10092725,10068992,10069223,8.052
2026-08-14 03:00:00,10068867,10096230,10066333,10076050,9.548
2026-08-14 03:15:00,10077202,10083669,10065000,10065799,6.261
2026-08-14 03:30:00,10066560,10075064,10063240,10073562,5.58
2026-08-14 03:45:00,10074108,10098349,10072363,10090763,13.612
2026-08-14 04:00:00,10088174,10120000,10088174,10101553,7.738
2026-08-14 04:15:00,10101913,10107127,10097497,10104730,3.648
2026-08-14 04:30:00,10104730,10110500,10100236,10106012,3.254
2026-08-14 04:45:00,10107856,10114647,10100943,10102741,7.302
2026-08-14 05:00:00,10104214,10113149,10095658,10104609,4.64
2026-08-14 05:15:00,10105742,10114442,10105598,10112375,1.264
2026-08-14 05:30:00,10111669,10116424,10104735,10107505,2.112
2026-08-14 05:45:00,10106789,10106789,10097927,10101101,3.511
2026-08-14 06:00:00,10100329,10113457,10099000,10104895,8.812
2026-08-14 06:15:00,10106852,10110423,10102792,10107647,2.794
2026-08-14 06:30:00,10108986,10115774,10106965,10109149,5.428
2026-08-14 06:45:00,10108590,10114829,10107346,10113109,3.568
2026-08-14 07:00:00,10112654,10136970,10111617,10131858,10.847
2026-08-14 07:15:00,10131973,10140000,10127327,10135574,5.883
2026-08-14 07:30:00,10136925,10139645,10127351,10127981,2.864
2026-08-14 07:45:00,10129759,10130822,10125000,10125000,2.246
2026-08-14 08:00:00,10125760,10126228,10111752,10114073,6.84
2026-08-14 08:15:00,10114073,10117872,10110234,10114475,2.95
2026-08-14 08:30:00,10115928,10120000,10111492,10112045,2.69
2026-08-14 08:45:00,10110975,10114705,10101420,10112959,4.69
2026-08-14 09:00:00,10115852,10120779,10104180,10117741,6.79
2026-08-14 09:15:00,10117452,10122927,10101179,10105988,5.938
2026-08-14 09:30:00,10105403,10120474,10097699,10116404,6.848
2026-08-14 09:45:00,10115891,10121885,10109920,10119354,6.61
2026-08-14 10:00:00,10118251,10127900,10110952,10114868,12.374
2026-08-14 10:15:00,10114111,10126861,10108127,10110924,7.288
2026-08-14 10:30:00,10112604,10123478,10107754,10121687,4.292
2026-08-14 10:45:00,10121992,10125993,10116170,10124490,5.504
2026-08-14 11:00:00,10125182,10131413,10117037,10122900,7.694
2026-08-14 11:15:00,10122713,10127197,10109000,10111111,5.72
2026-08-14 11:30:00,10112000,10123351,10112000,10116347,4.648
2026-08-14 11:45:00,10117185,10123525,10110165,10111060,3.788
2026-08-14 12:00:00,10110165,10115000,10105000,10114767,6.706
2026-08-14 12:15:00,10115000,10125881,10104813,10105814,5.534
2026-08-14 12:30:00,10105996,10105996,10091547,10094959,6.712
2026-08-14 12:45:00,10095608,10095608,10083212,10086806,7.638
2026-08-14 13:00:00,10086100,10103000,10074578,10101035,13.232
2026-08-14 13:15:00,10101868,10111875,10095337,10104118,9.259
2026-08-14 13:30:00,10103145,10104578,10096488,10097991,1.584
2026-08-14 13:45:00,10096968,10100171,10093511,10094000,2.406
2026-08-14 14:00:00,10095718,10097553,10083636,10083636,3.454
2026-08-14 14:15:00,10083636,10089983,10076757,10083070,5.084
2026-08-14 14:30:00,10080025,10091057,10080025,10085463,10.927
2026-08-14 14:45:00,10086379,10094914,10085018,10090668,1.596
2026-08-14 15:00:00,10090313,10090313,10073823,10075321,12.254
2026-08-14 15:15:00,10075349,10077000,10061219,10062459,6.59
2026-08-14 15:30:00,10063172,10071950,10058760,10060399,8.746
2026-08-14 15:45:00,10060109,10067473,10026803,10031753,20.968
2026-08-14 16:00:00,10031753,10049006,10027564,10048158,8.752
2026-08-14 16:15:00,10049612,10057834,10049612,10054578,3.65
2026-08-14 16:30:00,10054000,10054000,10028067,10037425,8.358
2026-08-14 16:45:00,10038144,10038605,10020256,10020534,8.854
2026-08-14 17:00:00,10021945,10028263,10015569,10019849,9.31
2026-08-14 17:15:00,10021754,10036738,9990000,9994335,29.627
2026-08-14 17:30:00,9993000,10005784,9976590,9998754,16.822
2026-08-14 17:45:00,9997145,10020000,9994316,10020000,5.014
2026-08-14 18:00:00,10018365,10019784,10006743,10009422,4.124
2026-08-14 18:15:00,10009770,10017145,9999058,10000197,3.236
2026-08-14 18:30:00,10000006,10003520,9990068,9993449,5.384
2026-08-14 18:45:00,9993449,10004432,9993157,9997909,6.556
2026-08-14 19:00:00,9996039,10007650,9990000,10005922,6.568
2026-08-14 19:15:00,10005611,10018096,10003973,10016189,8.282
2026-08-14 19:30:00,10016801,10023517,10010469,10012851,4.572
2026-08-14 19:45:00,10013108,10015676,10003068,10007119,2.722
2026-08-14 20:00:00,10005890,10015040,10003042,10008979,9.011
2026-08-14 20:15:00,10009000,10015153,10005873,10009148,7.142
2026-08-14 20:30:00,10009704,10013134,9995743,10005255,8.378
2026-08-14 20:45:00,10003710,10010570,9997429,9999478,8.816
2026-08-14 21:00:00,10001680,10006192,9982355,9991981,15.152
2026-08-14 21:15:00,9992645,9999053,9980300,9987486,12.782
2026-08-14 21:30:00,9987881,9988068,9962400,9968834,20.814
2026-08-14 21:45:00,9970412,9975000,9960000,9965193,16.858
2026-08-14 22:00:00,9965632,9972856,9950080,9969376,19.872
2026-08-14 22:15:00,9969466,9982835,9965355,9980789,12.472
2026-08-14 22:30:00,9980709,9989701,9950000,9963918,28.684
2026-08-14 22:45:00,9964242,9969201,9952955,9963268,12.776
2026-08-14 23:00:00,9963268,9974056,9953046,9959276,12.086
2026-08-14 23:15:00,9961075,9970027,9952919,9964840,10.164
2026-08-14 23:30:00,9965144,9987196,9962945,9976414,10.686
2026-08-14 23:45:00,9978491,9983659,9945453,9959035,20.906
2026-08-15 00:00:00,9958249,9978458,9958025,9977000,7.502
2026-08-15 00:15:00,9977000,10002205,9975246,9999874,9.496
2026-08-15 00:30:00,10000254,10027563,9990379,10020873,17.756
2026-08-15 00:45:00,10021552,10035839,10012315,10022515,15.56
2026-08-15 01:00:00,10022119,10045756,10021498,10036760,11.122
2026-08-15 01:15:00,10036395,10056000,10034948,10049310,15.26
2026-08-15 01:30:00,10050000,10062511,10046370,10061412,10.354
2026-08-15 01:45:00,10061338,10061850,10046000,10049770,5.701
2026-08-15 02:00:00,10052131,10059459,10050104,10059459,5.258
2026-08-15 02:15:00,10058706,10073785,10056000,10067762,3.974
2026-08-15 02:30:00,10069187,10071876,10045389,10051491,7.84
2026-08-15 02:45:00,10051985,10053168,10032796,10034778,5.656
2026-08-15 03:00:00,10034175,10044757,10023178,10034893,5.786
2026-08-15 03:15:00,10036646,10045737,10034701,10037549,1.866
2026-08-15 03:30:00,10036658,10039142,10024806,10028062,4.62
2026-08-15 03:45:00,10026738,10027313,10013271,10021394,4.384
2026-08-15 04:00:00,10020093,10020093,10004990,10009723,7.86
2026-08-15 04:15:00,10009273,10019389,10003045,10018642,7.488
2026-08-15 04:30:00,10018303,10030000,10012413,10030000,4.182
2026-08-15 04:45:00,10030000,10031804,10021686,10025566,6.218
2026-08-15 05:00:00,10024811,10036191,10023835,10029274,4.964
2026-08-15 05:15:00,10024015,10030700,10021070,10023959,2.388
2026-08-15 05:30:00,10026918,10026918,10020082,10021809,0.812
2026-08-15 05:45:00,10021659,10024366,10016865,10016866,4.016
2026-08-15 06:00:00,10018649,10024653,10014164,10018647,3.75
2026-08-15 06:15:00,10017657,10021575,10013941,10013941,2.896
2026-08-15 06:30:00,10016078,10018050,10011141,10013776,2.058
2026-08-15 06:45:00,10014158,10021529,10011897,10021096,2.4
2026-08-15 07:00:00,10019272,10025526,10004409,10004409,4.968
2026-08-15 07:15:00,10004285,10006491,9993760,10004501,5.033
2026-08-15 07:30:00,10004017,10012222,10004017,10011080,1.77
2026-08-15 07:45:00,10011996,10014444,10010063,10013703,1.26
2026-08-15 08:00:00,10013936,10021732,10013551,10020000,0.774
2026-08-15 08:15:00,10020875,10027008,10010129,10025701,5.708
2026-08-15 08:30:00,10027550,10043244,10018048,10038362,7.804
2026-08-15 08:45:00,10038374,10048640,10038012,10043674,3.4
2026-08-15 11:00:00,10043282,10045043,10042366,10045043,0.85
2026-08-15 11:15:00,10045460,10054478,10044957,10047934,3.34
2026-08-15 11:30:00,10047934,10054638,10046960,10052265,2.126
2026-08-15 11:45:00,10051834,10054548,10046960,10052355,3.278
2026-08-15 12:00:00,10050794,10056417,10046960,10054300,4.956
2026-08-15 12:15:00,10056117,10060844,10042821,10044671,4.685
2026-08-15 12:30:00,10043370,10043765,10033933,10035510,3.407
2026-08-15 12:45:00,10034296,10036448,10030160,10032936,5.731
2026-08-15 13:00:00,10034082,10042800,10033992,10042100,1.858
2026-08-15 13:15:00,10042100,10046749,10041131,10045151,1.93
2026-08-15 13:30:00,10045151,10048820,10043631,10048289,1.61
2026-08-15 13:45:00,10049098,10049098,10041361,10043599,1.324
2026-08-15 14:00:00,10043507,10048941,10042480,10047983,1.417
2026-08-15 14:15:00,10048400,10049339,10043726,10044381,1.016
2026-08-15 14:30:00,10043726,10046076,10036470,10040354,2.306
2026-08-15 14:45:00,10041012,10042801,10032640,10039906,2.838
2026-08-15 15:00:00,10039906,10041887,10032400,10033029,1.282
2026-08-15 15:15:00,10033343,10038294,10030845,10032184,1.86
2026-08-15 15:30:00,10033271,10038170,10033271,10038125,1.106
2026-08-15 15:45:00,10037313,10045930,10037267,10043484,3.963
2026-08-15 16:00:00,10042682,10046718,10036154,10045909,4.454
2026-08-15 16:15:00,10045604,10047239,10036400,10039353,3.428
2026-08-15 16:30:00,10038000,10042658,10037440,10038000,1.175
2026-08-15 16:45:00,10038404,10041649,10035166,10039663,3.695
2026-08-15 17:00:00,10039484,10042418,10034270,10034971,1.134
2026-08-15 17:15:00,10034970,10036665,10029659,10034091,2.268
2026-08-15 17:30:00,10033470,10033687,10029569,10030000,0.424
2026-08-15 17:45:00,10030000,10034399,10017813,10019986,6.188
2026-08-15 18:00:00,10020000,10023129,10016000,10023129,5.256
2026-08-15 18:15:00,10021332,10026444,10021029,10025099,1.396
2026-08-15 18:30:00,10025668,10032506,10024519,10030405,1.79
2026-08-15 18:45:00,10031406,10035924,10030684,10030684,0.904
2026-08-15 19:00:00,10031597,10032968,10026240,10032036,1.254
2026-08-15 19:15:00,10031640,10033000,10031331,10031331,0.24
2026-08-15 19:30:00,10032991,10035289,10030696,10032194,1.836
2026-08-15 19:45:00,10034189,10035000,10029816,10034506,1.462
2026-08-15 20:00:00,10032997,10035602,10030677,10032333,2.044
2026-08-15 20:15:00,10033323,10033476,10031340,10031785,0.628
2026-08-15 20:30:00,10032765,10034848,10030747,10034848,0.376
2026-08-15 20:45:00,10035408,10035408,10026396,10030499,1.464
2026-08-15 21:00:00,10029764,10030708,10024079,10025207,1.022
2026-08-15 21:15:00,10025170,10028555,10022733,10027997,0.886
2026-08-15 21:30:00,10027564,10027564,10023276,10024887,2.38
2026-08-15 21:45:00,10022901,10040004,10022210,10038685,4.244
2026-08-15 22:00:00,10040056,10045695,10036735,10041096,5.68
2026-08-15 22:15:00,10044110,10044626,10037367,10039453,2.836
2026-08-15 22:30:00,10038757,10041728,10037325,10037325,0.988
2026-08-15 22:45:00,10037997,10044643,10037368,10044153,5.476
2026-08-15 23:00:00,10044743,10045000,10040344,10042978,3.279
2026-08-15 23:15:00,10042341,10042341,10032553,10041505,2.128
2026-08-15 23:30:00,10041555,10042911,10040055,10042262,0.582
2026-08-15 23:45:00,10041210,10044103,10040404,10041796,0.866
2026-08-16 00:00:00,10042472,10042480,10039762,10042176,0.466
2026-08-16 00:15:00,10039769,10047116,10039000,10046298,2.806
2026-08-16 00:30:00,10046310,10053602,10045555,10052231,2.114
2026-08-16 00:45:00,10051037,10052741,10049263,10049263,0.188
2026-08-16 01:00:00,10049263,10050737,10047006,10047052,1.122
2026-08-16 01:15:00,10046725,10051183,10044007,10051183,3.757
2026-08-16 01:30:00,10052528,10052650,10046950,10048780,1.04
2026-08-16 01:45:00,10048829,10051914,10047000,10048606,0.516
2026-08-16 02:00:00,10048561,10048561,10047059,10047091,0.304
2026-08-16 02:15:00,10047092,10047449,10039120,10041604,6.008
2026-08-16 02:30:00,10042714,10042922,10041021,10041666,0.426
2026-08-16 02:45:00,10042374,10042986,10039389,10042316,0.908
2026-08-16 03:00:00,10041146,10046031,10036880,10043915,3.088
2026-08-16 03:15:00,10043580,10044600,10035874,10035955,1.246
2026-08-16 03:30:00,10037526,10038515,10036208,10037520,0.242
2026-08-16 03:45:00,10037812,10038996,10036120,10037967,0.354
2026-08-16 04:00:00,10037801,10041491,10036620,10040371,0.55
2026-08-16 04:15:00,10040972,10045373,10040774,10041974,0.432
2026-08-16 04:30:00,10042184,10047000,10042184,10043804,0.794
2026-08-16 04:45:00,10043820,10046587,10043327,10046475,0.78
2026-08-16 05:00:00,10046734,10046915,10039033,10039908,1.208
2026-08-16 05:15:00,10040044,10042135,10038779,10042135,1.02
2026-08-16 05:30:00,10041761,10042119,10040062,10041958,0.48
2026-08-16 05:45:00,10041826,10044614,10041000,10042976,1.576
